Workbook

Sheet Instructions
B2: How to use this schedule file
B3: Read this page once before you type anything. It takes about five minutes.
B5: WHAT THIS FILE IS
B6: This file holds the schedule for the whole weekend.
B7: The app reads this file. Then it shows each person only their own schedule on their phone.
B9: If you follow the rules on this page, the app reads the file correctly.
B10: If you break the rules, the app may show someone the wrong time, or show them nothing at all.
B12: STEP 1 — SET THE DATE
B13: Type the date of the Friday of your event in the yellow box.
B14: Event Friday date | C14: 46241
B15: You only do this once. Every day tab works out its own date from this one box.
B16: It even handles the hours after midnight, so nothing lands on the wrong day.
B18: STEP 2 — LEARN THE TABS
B19: The tabs are at the bottom of the window. Here is what each one holds.
B21: Instructions | C21: This page.
B22: Teams | C22: The eight teams. Also the show order, which you fill in later.
B23: People | C23: Every board member, liaison, judge, videographer and RAS rep.
B24: Roster | C24: Every dancer.
B25: Thursday, Friday, | C25: The schedule for each day. One row per person or group.
B26: Saturday, Sunday
B27: Airport | C27: Who is flying, when, and who is driving them.
B29: STEP 3 — FILL IN THE TABS, IN THIS ORDER
B30: Do not skip ahead. Each tab uses what you typed in the ones before it.
B32: 1. Teams | C32: Type each team name and short name. Leave Show Order empty for now.
B33: 2. People | C33: Add one row for each board member, liaison, judge, videographer and RAS rep. Do not put dancers here.
C34: Fill in ID, Full Name, Group, Phone, Email and Type.
C35: If the person is a liaison, you must also pick their Team from the dropdown. If you skip this, they will not show up on any day tab.
C36: Never type in the Key column. It fills itself in.
B37: 3. Roster | C37: Add one row for each dancer. Pick their team from the dropdown. Put Yes in the Captain? column for captains.
B38: 4. Day tabs | C38: Fill in Thursday, Friday, Saturday and Sunday. See the next two sections.
B39: 5. Show order | C39: After the draw, go back to Teams and type each team's number, 1 to 8. Saturday then fills itself in.
B40: 6. Check it | C40: Use the checklist at the bottom of this page before you upload.
B42: Spell each name on the People tab the way you want it to appear on that person's phone. The day tabs copy it exactly.
B44: STEP 4 — HOW TO ADD SOMETHING TO A DAY
B45: A day tab is a big grid. Times run across the top. Names run down the left side.
B47: 1. Find the person's row.
B48: 2. Find the column for the time they start.
B49: 3. Click that box and type what they are doing. The next section shows you how.
B50: 4. Select that box and all the boxes to its right, up to the time they finish.
B51: Then click Merge. Now it is one wide box, and you can see how long it lasts.
B53: The wide box is only there so it is easy to read. The app reads the times you typed, not how wide the box is. So the times must be right.
B55: STEP 5 — HOW TO WRITE ONE BOX
B56: Every box has three lines.
B57: To start a new line inside a box, press Alt+Enter. On a Mac, press Option+Enter.
B59: Line 1 | C59: The start time and the end time.
B60: Line 2 | C60: Where it happens.
B61: Line 3 | C61: What to do. You can use more lines here if you need them.
B63: Here is a box done right:
C64: 6:00 AM - 5:00 PM HOTEL (REG ROOM) Check in teams, help Head Liaisons with room setup
B66: THE MOST IMPORTANT RULE
B67: Write AM or PM on BOTH times. Every time. No exceptions.
B69: Write 7:30 PM - 9:30 PM. Do not write 7:30 - 9:30 PM.
B71: If you leave AM or PM off the first time, the app reads 7:30 PM as 7:30 in the morning.
B72: That is twelve hours wrong. Someone will miss the thing they were supposed to be at.
B74: This went wrong 192 times in last year's file. It is the easiest mistake to make and the hardest one to spot.
B76: RIGHT | C76: 9:30 PM - 10:30 PM
B77: WRONG | C77: 9:30 - 10:30 (no AM or PM at all)
B78: WRONG | C78: 9:30 - 10:30 PM (missing on the first time)
B79: WRONG | C79: 9:30-10:30pm (missing on the first time)
B80: WRONG | C80: after the show (not a real time)
B82: WHO GOES ON WHICH ROW
B83: BOARD MEMBERS | C83: Five rows for each position. Type the names yourself.
B84: TEAMS | C84: One row per team. Whatever you type here is for the whole team.
B85: JUDGES | C85: One row. All the judges move together, so one row is enough.
B86: VIDEOGRAPHERS | C86: One row. Same reason.
B87: RAS REPS | C87: Five rows. They move on their own, so each one gets a row.
B88: LIAISONS | C88: Five rows per team. Do NOT type names here. They come from the People tab.
B89: JUDGE LIAISONS | C89: Five rows. Type the names yourself.
B91: Every position has five rows even if you only need two. Leave the extra rows empty.
B92: That is on purpose. It keeps all four days lined up, so the same person is on the same row number every day.
B94: SATURDAY WORKS DIFFERENTLY
B95: Saturday runs on the show order, so its rows are built around it.
B97: On Saturday the team rows do not say team names. They say Show Order 1 through Show Order 8. The liaison rows are in show order too.
B99: This means you can build all of Saturday before the draw happens.
B101: When you type the show order on the Teams tab, Saturday fills itself in. The team names appear, and the right liaisons appear underneath them.
B103: Until you do that, Saturday says "(not drawn)". That is normal. It is not an error.
B105: WHAT THE COLOURS MEAN
B106: Yellow | C106: Type here.
B107: Tan | C107: An example. Type over it.
B108: Blue | C108: A group that moves as one. What you type is for everyone in it.
B109: Grey | C109: A label. Do not change it.
B110: White | C110: A schedule box. Type here.
B112: WHAT THE WARNING WORDS MEAN
B113: If you see one of these in the file, something needs fixing.
B115: ?? CHECK NAME | C115: This name is not spelled the same as on the People tab. Fix the spelling. Until you do, this row will not load into the app.
B116: (not drawn) | C116: The show order is not filled in yet. Go to the Teams tab and fill it in.
B117: DUPLICATE | C117: Two teams have been given the same show order number. Only one team can be in each slot.
B119: DO NOT DO THESE THINGS
B120: • Do not add rows. Do not delete rows. Do not move rows.
B121: • Do not add or delete columns.
B122: • Do not rename a tab.
B123: • Do not change the words in the grey column on the left of a day tab.
B124: • Do not type in the Key column on the People tab.
B125: • Do not type over a formula. Click a box first — if you see an = sign in the bar at the top, leave that box alone.
B126: • Do not put two different activities in one box. Use two boxes.
B127: • Do not write a time in words, like "after lunch". Write a real time.
B129: These rules are here because the app matches people by row and by name. If rows move or names change, it matches the wrong person, or nobody.
B131: CHECK THIS BEFORE YOU UPLOAD
B132: Go down this list every time. Fix anything you find.
... B144: A broken file takes much longer to fix than a wrong time does.

Sheet People
A1: ID | B1: Full Name | C1: Group | D1: Team | E1: Phone | F1: Email | G1: Type | H1: Key (auto)
A2: BRD-01 | B2: Example Director | C2: Directors | E2: 555-0100 | F2: director@example.edu | G2: board | H2: =IF(OR($G2<>"liaison",$D2=""),"",$D2&"#"&COUNTIFS($D$2:$D2,$D2,$G$2:$G2,"liaison"))
A3: LIA-01 | B3: Example Liaison One | C3: Liaisons | D3: UNC Taar Heel Raas | E3: 555-0101 | F3: lia1@example.edu | G3: liaison | H3: =IF(OR($G3<>"liaison",$D3=""),"",$D3&"#"&COUNTIFS($D$2:$D3,$D3,$G$2:$G3,"liaison")) -> UNC Taar Heel Raas#1
A4: LIA-02 | B4: Example Liaison Two | C4: Liaisons | D4: UNC Taar Heel Raas | E4: 555-0102 | F4: lia2@example.edu | G4: liaison | H4: =IF(OR($G4<>"liaison",$D4=""),"",$D4&"#"&COUNTIFS($D$2:$D4,$D4,$G$2:$G4,"liaison")) -> UNC Taar Heel Raas#2
A5: LIA-03 | B5: Example Liaison Three | C5: Liaisons | D5: UNC Taar Heel Raas | E5: 555-0103 | F5: lia3@example.edu | G5: liaison | H5: =IF(OR($G5<>"liaison",$D5=""),"",$D5&"#"&COUNTIFS($D$2:$D5,$D5,$G$2:$G5,"liaison")) -> UNC Taar Heel Raas#3
A6: JDG-01 | B6: Example Judge | C6: Judging | E6: 555-0104 | F6: judge@example.com | G6: judge | H6: =IF(OR($G6<>"liaison",$D6=""),"",$D6&"#"&COUNTIFS($D$2:$D6,$D6,$G$2:$G6,"liaison"))
A7: VID-01 | B7: Example Videographer | C7: External | E7: 555-0105 | F7: video@example.com | G7: videographer | H7: =IF(OR($G7<>"liaison",$D7=""),"",$D7&"#"&COUNTIFS($D$2:$D7,$D7,$G$2:$G7,"liaison"))
H8: =IF(OR($G8<>"liaison",$D8=""),"",$D8&"#"&COUNTIFS($D$2:$D8,$D8,$G$2:$G8,"liaison"))
H9: =IF(OR($G9<>"liaison",$D9=""),"",$D9&"#"&COUNTIFS($D$2:$D9,$D9,$G$2:$G9,"liaison"))
H10: =IF(OR($G10<>"liaison",$D10=""),"",$D10&"#"&COUNTIFS($D$2:$D10,$D10,$G$2:$G10,"liaison"))
H11: =IF(OR($G11<>"liaison",$D11=""),"",$D11&"#"&COUNTIFS($D$2:$D11,$D11,$G$2:$G11,"liaison"))
H12: =IF(OR($G12<>"liaison",$D12=""),"",$D12&"#"&COUNTIFS($D$2:$D12,$D12,$G$2:$G12,"liaison"))
H13: =IF(OR($G13<>"liaison",$D13=""),"",$D13&"#"&COUNTIFS($D$2:$D13,$D13,$G$2:$G13,"liaison"))
H14: =IF(OR($G14<>"liaison",$D14=""),"",$D14&"#"&COUNTIFS($D$2:$D14,$D14,$G$2:$G14,"liaison"))
H15: =IF(OR($G15<>"liaison",$D15=""),"",$D15&"#"&COUNTIFS($D$2:$D15,$D15,$G$2:$G15,"liaison"))
H16: =IF(OR($G16<>"liaison",$D16=""),"",$D16&"#"&COUNTIFS($D$2:$D16,$D16,$G$2:$G16,"liaison"))
H17: =IF(OR($G17<>"liaison",$D17=""),"",$D17&"#"&COUNTIFS($D$2:$D17,$D17,$G$2:$G17,"liaison"))
H18: =IF(OR($G18<>"liaison",$D18=""),"",$D18&"#"&COUNTIFS($D$2:$D18,$D18,$G$2:$G18,"liaison"))
H19: =IF(OR($G19<>"liaison",$D19=""),"",$D19&"#"&COUNTIFS($D$2:$D19,$D19,$G$2:$G19,"liaison"))
... H199: =IF(OR($G199<>"liaison",$D199=""),"",$D199&"#"&COUNTIFS($D$2:$D199,$D199,$G$2:$G199,"liaison"))
A201: Set Type to "liaison" and pick a Team, and that person appears on every day tab automatically — the first five rows for a team become its liaisons 1 to 5.
A202: Key is computed. Do not type in it.

Sheet Teams
A1: ID | B1: Team Name | C1: Abbrev | D1: Show Order | E1: Check | F1: Captain(s) | G1: Liaison Contact
A2: TM-UNC | B2: UNC Taar Heel Raas | C2: UNC | E2: =IF($D2="","",IF(COUNTIF($D$2:$D$9,$D2)>1,"DUPLICATE","OK"))
A3: TM-ILL | B3: Illini Raas | C3: Illini | E3: =IF($D3="","",IF(COUNTIF($D$2:$D$9,$D3)>1,"DUPLICATE","OK"))
A4: TM-UTD | B4: UTD Taraas | C4: UTD | E4: =IF($D4="","",IF(COUNTIF($D$2:$D$9,$D4)>1,"DUPLICATE","OK"))
A5: TM-UVA | B5: UVA Hooraas | C5: UVA | E5: =IF($D5="","",IF(COUNTIF($D$2:$D$9,$D5)>1,"DUPLICATE","OK"))
A6: TM-UMD | B6: UMD Entouraas | C6: UMD | E6: =IF($D6="","",IF(COUNTIF($D$2:$D$9,$D6)>1,"DUPLICATE","OK"))
A7: TM-UMI | B7: Michigan Wolveraas | C7: UMich | E7: =IF($D7="","",IF(COUNTIF($D$2:$D$9,$D7)>1,"DUPLICATE","OK"))
A8: TM-MSU | B8: MSU Raasparty | C8: MSU | E8: =IF($D8="","",IF(COUNTIF($D$2:$D$9,$D8)>1,"DUPLICATE","OK"))
A9: TM-GT | B9: GT Ramblin Raas | C9: GT | E9: =IF($D9="","",IF(COUNTIF($D$2:$D$9,$D9)>1,"DUPLICATE","OK"))
A11: Show Order is the running order, 1-8. Leave it blank until the draw — Saturday's grid is built against slots, not teams, so it can be filled in before you know who is where.
A12: Fill this column in and Saturday resolves itself: every "Show Order N" row picks up the team sitting in slot N, and the app imports it as that team's schedule.
A13: Check flags a slot given to two teams. Every row must read OK before you upload.

Sheet Roster
A1: First Name | B1: Last Name | C1: Team | D1: Phone | E1: Email | F1: Captain? | G1: Dietary Restrictions | H1: T-Shirt Size
A2: Example | B2: Dancer | C2: UNC Taar Heel Raas | D2: 555-0110 | E2: dancer@example.edu | F2: No | G2: Vegetarian | H2: M
A261: One row per dancer, Team as a column — replaces last year's eight per-team tabs. Captain? replaces the asterisk on the first name.

Sheet Thursday
A1: Group | B1: Name | C1: ID | D1: =Instructions!$C$14-1 -> 46240 | AZ1: =Instructions!$C$14 -> 46241
D2: 0.5 | E2: 0.51041667 | F2: 0.52083333 | G2: 0.53125 | H2: 0.54166667 | I2: 0.55208333 | J2: 0.5625 | K2: 0.57291667 | L2: 0.58333333 | M2: 0.59375 | N2: 0.60416667 | O2: 0.61458333 | P2: 0.625 | Q2: 0.63541667 | R2: 0.64583333 | S2: 0.65625 | T2: 0.66666667 | U2: 0.67708333 | V2: 0.6875 | W2: 0.69791667 | X2: 0.70833333 | Y2: 0.71875 | Z2: 0.72916667 | AA2: 0.73958333 | AB2: 0.75 | AC2: 0.76041667 | AD2: 0.77083333 | AE2: 0.78125 | AF2: 0.79166667 | AG2: 0.80208333 | AH2: 0.8125 | AI2: 0.82291667 | AJ2: 0.83333333 | AK2: 0.84375 | AL2: 0.85416667 | AM2: 0.86458333 | AN2: 0.875 | AO2: 0.88541667 | AP2: 0.89583333 | AQ2: 0.90625 | AR2: 0.91666667 | AS2: 0.92708333 | AT2: 0.9375 | AU2: 0.94791667 | AV2: 0.95833333 | AW2: 0.96875 | AX2: 0.97916667 | AY2: 0.98958333 | AZ2: 0 | BA2: 0.010416667 | BB2: 0.020833333 | BC2: 0.03125 | BD2: 0.041666667 | BE2: 0.052083333 | BF2: 0.0625 | BG2: 0.072916667 | BH2: 0.083333333 | BI2: 0.09375 | BJ2: 0.10416667 | BK2: 0.11458333
A3: BOARD MEMBERS
A4: Directors | C4: =IF(TRIM($B4)="","",IFERROR(INDEX(People!$A$2:$A$199,MATCH(TRIM($B4),People!$B$2:$B$199,0)),IFERROR(INDEX(Teams!$A$2:$A$9,MATCH(TRIM($B4),Teams!$B$2:$B$9,0)),"?? CHECK NAME")))
C5: =IF(TRIM($B5)="","",IFERROR(INDEX(People!$A$2:$A$199,MATCH(TRIM($B5),People!$B$2:$B$199,0)),IFERROR(INDEX(Teams!$A$2:$A$9,MATCH(TRIM($B5),Teams!$B$2:$B$9,0)),"?? CHECK NAME")))
C6: =IF(TRIM($B6)="","",IFERROR(INDEX(People!$A$2:$A$199,MATCH(TRIM($B6),People!$B$2:$B$199,0)),IFERROR(INDEX(Teams!$A$2:$A$9,MATCH(TRIM($B6),Teams!$B$2:$B$9,0)),"?? CHECK NAME")))
C7: =IF(TRIM($B7)="","",IFERROR(INDEX(People!$A$2:$A$199,MATCH(TRIM($B7),People!$B$2:$B$199,0)),IFERROR(INDEX(Teams!$A$2:$A$9,MATCH(TRIM($B7),Teams!$B$2:$B$9,0)),"?? CHECK NAME")))
C8: =IF(TRIM($B8)="","",IFERROR(INDEX(People!$A$2:$A$199,MATCH(TRIM($B8),People!$B$2:$B$199,0)),IFERROR(INDEX(Teams!$A$2:$A$9,MATCH(TRIM($B8),Teams!$B$2:$B$9,0)),"?? CHECK NAME")))
A9: Senior Advisors | C9: =IF(TRIM($B9)="","",IFERROR(INDEX(People!$A$2:$A$199,MATCH(TRIM($B9),People!$B$2:$B$199,0)),IFERROR(INDEX(Teams!$A$2:$A$9,MATCH(TRIM($B9),Teams!$B$2:$B$9,0)),"?? CHECK NAME")))
C10: =IF(TRIM($B10)="","",IFERROR(INDEX(People!$A$2:$A$199,MATCH(TRIM($B10),People!$B$2:$B$199,0)),IFERROR(INDEX(Teams!$A$2:$A$9,MATCH(TRIM($B10),Teams!$B$2:$B$9,0)),"?? CHECK NAME")))
C11: =IF(TRIM($B11)="","",IFERROR(INDEX(People!$A$2:$A$199,MATCH(TRIM($B11),People!$B$2:$B$199,0)),IFERROR(INDEX(Teams!$A$2:$A$9,MATCH(TRIM($B11),Teams!$B$2:$B$9,0)),"?? CHECK NAME")))
C12: =IF(TRIM($B12)="","",IFERROR(INDEX(People!$A$2:$A$199,MATCH(TRIM($B12),People!$B$2:$B$199,0)),IFERROR(INDEX(Teams!$A$2:$A$9,MATCH(TRIM($B12),Teams!$B$2:$B$9,0)),"?? CHECK NAME")))
C13: =IF(TRIM($B13)="","",IFERROR(INDEX(People!$A$2:$A$199,MATCH(TRIM($B13),People!$B$2:$B$199,0)),IFERROR(INDEX(Teams!$A$2:$A$9,MATCH(TRIM($B13),Teams!$B$2:$B$9,0)),"?? CHECK NAME")))
A14: Logistics | C14: =IF(TRIM($B14)="","",IFERROR(INDEX(People!$A$2:$A$199,MATCH(TRIM($B14),People!$B$2:$B$199,0)),IFERROR(INDEX(Teams!$A$2:$A$9,MATCH(TRIM($B14),Teams!$B$2:$B$9,0)),"?? CHECK NAME")))
C15: =IF(TRIM($B15)="","",IFERROR(INDEX(People!$A$2:$A$199,MATCH(TRIM($B15),People!$B$2:$B$199,0)),IFERROR(INDEX(Teams!$A$2:$A$9,MATCH(TRIM($B15),Teams!$B$2:$B$9,0)),"?? CHECK NAME")))
C16: =IF(TRIM($B16)="","",IFERROR(INDEX(People!$A$2:$A$199,MATCH(TRIM($B16),People!$B$2:$B$199,0)),IFERROR(INDEX(Teams!$A$2:$A$9,MATCH(TRIM($B16),Teams!$B$2:$B$9,0)),"?? CHECK NAME")))
C17: =IF(TRIM($B17)="","",IFERROR(INDEX(People!$A$2:$A$199,MATCH(TRIM($B17),People!$B$2:$B$199,0)),IFERROR(INDEX(Teams!$A$2:$A$9,MATCH(TRIM($B17),Teams!$B$2:$B$9,0)),"?? CHECK NAME")))
C18: =IF(TRIM($B18)="","",IFERROR(INDEX(People!$A$2:$A$199,MATCH(TRIM($B18),People!$B$2:$B$199,0)),IFERROR(INDEX(Teams!$A$2:$A$9,MATCH(TRIM($B18),Teams!$B$2:$B$9,0)),"?? CHECK NAME")))
A19: Hospitality | C19: =IF(TRIM($B19)="","",IFERROR(INDEX(People!$A$2:$A$199,MATCH(TRIM($B19),People!$B$2:$B$199,0)),IFERROR(INDEX(Teams!$A$2:$A$9,MATCH(TRIM($B19),Teams!$B$2:$B$9,0)),"?? CHECK NAME")))
C20: =IF(TRIM($B20)="","",IFERROR(INDEX(People!$A$2:$A$199,MATCH(TRIM($B20),People!$B$2:$B$199,0)),IFERROR(INDEX(Teams!$A$2:$A$9,MATCH(TRIM($B20),Teams!$B$2:$B$9,0)),"?? CHECK NAME")))
C21: =IF(TRIM($B21)="","",IFERROR(INDEX(People!$A$2:$A$199,MATCH(TRIM($B21),People!$B$2:$B$199,0)),IFERROR(INDEX(Teams!$A$2:$A$9,MATCH(TRIM($B21),Teams!$B$2:$B$9,0)),"?? CHECK NAME")))
C22: =IF(TRIM($B22)="","",IFERROR(INDEX(People!$A$2:$A$199,MATCH(TRIM($B22),People!$B$2:$B$199,0)),IFERROR(INDEX(Teams!$A$2:$A$9,MATCH(TRIM($B22),Teams!$B$2:$B$9,0)),"?? CHECK NAME")))
C23: =IF(TRIM($B23)="","",IFERROR(INDEX(People!$A$2:$A$199,MATCH(TRIM($B23),People!$B$2:$B$199,0)),IFERROR(INDEX(Teams!$A$2:$A$9,MATCH(TRIM($B23),Teams!$B$2:$B$9,0)),"?? CHECK NAME")))
A24: Creative | C24: =IF(TRIM($B24)="","",IFERROR(INDEX(People!$A$2:$A$199,MATCH(TRIM($B24),People!$B$2:$B$199,0)),IFERROR(INDEX(Teams!$A$2:$A$9,MATCH(TRIM($B24),Teams!$B$2:$B$9,0)),"?? CHECK NAME")))
C25: =IF(TRIM($B25)="","",IFERROR(INDEX(People!$A$2:$A$199,MATCH(TRIM($B25),People!$B$2:$B$199,0)),IFERROR(INDEX(Teams!$A$2:$A$9,MATCH(TRIM($B25),Teams!$B$2:$B$9,0)),"?? CHECK NAME")))
C26: =IF(TRIM($B26)="","",IFERROR(INDEX(People!$A$2:$A$199,MATCH(TRIM($B26),People!$B$2:$B$199,0)),IFERROR(INDEX(Teams!$A$2:$A$9,MATCH(TRIM($B26),Teams!$B$2:$B$9,0)),"?? CHECK NAME")))
C27: =IF(TRIM($B27)="","",IFERROR(INDEX(People!$A$2:$A$199,MATCH(TRIM($B27),People!$B$2:$B$199,0)),IFERROR(INDEX(Teams!$A$2:$A$9,MATCH(TRIM($B27),Teams!$B$2:$B$9,0)),"?? CHECK NAME")))
C28: =IF(TRIM($B28)="","",IFERROR(INDEX(People!$A$2:$A$199,MATCH(TRIM($B28),People!$B$2:$B$199,0)),IFERROR(INDEX(Teams!$A$2:$A$9,MATCH(TRIM($B28),Teams!$B$2:$B$9,0)),"?? CHECK NAME")))
A29: Registration | C29: =IF(TRIM($B29)="","",IFERROR(INDEX(People!$A$2:$A$199,MATCH(TRIM($B29),People!$B$2:$B$199,0)),IFERROR(INDEX(Teams!$A$2:$A$9,MATCH(TRIM($B29),Teams!$B$2:$B$9,0)),"?? CHECK NAME")))
C30: =IF(TRIM($B30)="","",IFERROR(INDEX(People!$A$2:$A$199,MATCH(TRIM($B30),People!$B$2:$B$199,0)),IFERROR(INDEX(Teams!$A$2:$A$9,MATCH(TRIM($B30),Teams!$B$2:$B$9,0)),"?? CHECK NAME")))
C31: =IF(TRIM($B31)="","",IFERROR(INDEX(People!$A$2:$A$199,MATCH(TRIM($B31),People!$B$2:$B$199,0)),IFERROR(INDEX(Teams!$A$2:$A$9,MATCH(TRIM($B31),Teams!$B$2:$B$9,0)),"?? CHECK NAME")))
C32: =IF(TRIM($B32)="","",IFERROR(INDEX(People!$A$2:$A$199,MATCH(TRIM($B32),People!$B$2:$B$199,0)),IFERROR(INDEX(Teams!$A$2:$A$9,MATCH(TRIM($B32),Teams!$B$2:$B$9,0)),"?? CHECK NAME")))
C33: =IF(TRIM($B33)="","",IFERROR(INDEX(People!$A$2:$A$199,MATCH(TRIM($B33),People!$B$2:$B$199,0)),IFERROR(INDEX(Teams!$A$2:$A$9,MATCH(TRIM($B33),Teams!$B$2:$B$9,0)),"?? CHECK NAME")))
A34: Head Liaisons | C34: =IF(TRIM($B34)="","",IFERROR(INDEX(People!$A$2:$A$199,MATCH(TRIM($B34),People!$B$2:$B$199,0)),IFERROR(INDEX(Teams!$A$2:$A$9,MATCH(TRIM($B34),Teams!$B$2:$B$9,0)),"?? CHECK NAME")))
C35: =IF(TRIM($B35)="","",IFERROR(INDEX(People!$A$2:$A$199,MATCH(TRIM($B35),People!$B$2:$B$199,0)),IFERROR(INDEX(Teams!$A$2:$A$9,MATCH(TRIM($B35),Teams!$B$2:$B$9,0)),"?? CHECK NAME")))
C36: =IF(TRIM($B36)="","",IFERROR(INDEX(People!$A$2:$A$199,MATCH(TRIM($B36),People!$B$2:$B$199,0)),IFERROR(INDEX(Teams!$A$2:$A$9,MATCH(TRIM($B36),Teams!$B$2:$B$9,0)),"?? CHECK NAME")))
C37: =IF(TRIM($B37)="","",IFERROR(INDEX(People!$A$2:$A$199,MATCH(TRIM($B37),People!$B$2:$B$199,0)),IFERROR(INDEX(Teams!$A$2:$A$9,MATCH(TRIM($B37),Teams!$B$2:$B$9,0)),"?? CHECK NAME")))
C38: =IF(TRIM($B38)="","",IFERROR(INDEX(People!$A$2:$A$199,MATCH(TRIM($B38),People!$B$2:$B$199,0)),IFERROR(INDEX(Teams!$A$2:$A$9,MATCH(TRIM($B38),Teams!$B$2:$B$9,0)),"?? CHECK NAME")))
A39: PR | C39: =IF(TRIM($B39)="","",IFERROR(INDEX(People!$A$2:$A$199,MATCH(TRIM($B39),People!$B$2:$B$199,0)),IFERROR(INDEX(Teams!$A$2:$A$9,MATCH(TRIM($B39),Teams!$B$2:$B$9,0)),"?? CHECK NAME")))
C40: =IF(TRIM($B40)="","",IFERROR(INDEX(People!$A$2:$A$199,MATCH(TRIM($B40),People!$B$2:$B$199,0)),IFERROR(INDEX(Teams!$A$2:$A$9,MATCH(TRIM($B40),Teams!$B$2:$B$9,0)),"?? CHECK NAME")))
C41: =IF(TRIM($B41)="","",IFERROR(INDEX(People!$A$2:$A$199,MATCH(TRIM($B41),People!$B$2:$B$199,0)),IFERROR(INDEX(Teams!$A$2:$A$9,MATCH(TRIM($B41),Teams!$B$2:$B$9,0)),"?? CHECK NAME")))
C42: =IF(TRIM($B42)="","",IFERROR(INDEX(People!$A$2:$A$199,MATCH(TRIM($B42),People!$B$2:$B$199,0)),IFERROR(INDEX(Teams!$A$2:$A$9,MATCH(TRIM($B42),Teams!$B$2:$B$9,0)),"?? CHECK NAME")))
C43: =IF(TRIM($B43)="","",IFERROR(INDEX(People!$A$2:$A$199,MATCH(TRIM($B43),People!$B$2:$B$199,0)),IFERROR(INDEX(Teams!$A$2:$A$9,MATCH(TRIM($B43),Teams!$B$2:$B$9,0)),"?? CHECK NAME")))
A44: External | C44: =IF(TRIM($B44)="","",IFERROR(INDEX(People!$A$2:$A$199,MATCH(TRIM($B44),People!$B$2:$B$199,0)),IFERROR(INDEX(Teams!$A$2:$A$9,MATCH(TRIM($B44),Teams!$B$2:$B$9,0)),"?? CHECK NAME")))
C45: =IF(TRIM($B45)="","",IFERROR(INDEX(People!$A$2:$A$199,MATCH(TRIM($B45),People!$B$2:$B$199,0)),IFERROR(INDEX(Teams!$A$2:$A$9,MATCH(TRIM($B45),Teams!$B$2:$B$9,0)),"?? CHECK NAME")))
C46: =IF(TRIM($B46)="","",IFERROR(INDEX(People!$A$2:$A$199,MATCH(TRIM($B46),People!$B$2:$B$199,0)),IFERROR(INDEX(Teams!$A$2:$A$9,MATCH(TRIM($B46),Teams!$B$2:$B$9,0)),"?? CHECK NAME")))
C47: =IF(TRIM($B47)="","",IFERROR(INDEX(People!$A$2:$A$199,MATCH(TRIM($B47),People!$B$2:$B$199,0)),IFERROR(INDEX(Teams!$A$2:$A$9,MATCH(TRIM($B47),Teams!$B$2:$B$9,0)),"?? CHECK NAME")))
C48: =IF(TRIM($B48)="","",IFERROR(INDEX(People!$A$2:$A$199,MATCH(TRIM($B48),People!$B$2:$B$199,0)),IFERROR(INDEX(Teams!$A$2:$A$9,MATCH(TRIM($B48),Teams!$B$2:$B$9,0)),"?? CHECK NAME")))
A49: Judging | C49: =IF(TRIM($B49)="","",IFERROR(INDEX(People!$A$2:$A$199,MATCH(TRIM($B49),People!$B$2:$B$199,0)),IFERROR(INDEX(Teams!$A$2:$A$9,MATCH(TRIM($B49),Teams!$B$2:$B$9,0)),"?? CHECK NAME")))
C50: =IF(TRIM($B50)="","",IFERROR(INDEX(People!$A$2:$A$199,MATCH(TRIM($B50),People!$B$2:$B$199,0)),IFERROR(INDEX(Teams!$A$2:$A$9,MATCH(TRIM($B50),Teams!$B$2:$B$9,0)),"?? CHECK NAME")))
C51: =IF(TRIM($B51)="","",IFERROR(INDEX(People!$A$2:$A$199,MATCH(TRIM($B51),People!$B$2:$B$199,0)),IFERROR(INDEX(Teams!$A$2:$A$9,MATCH(TRIM($B51),Teams!$B$2:$B$9,0)),"?? CHECK NAME")))
C52: =IF(TRIM($B52)="","",IFERROR(INDEX(People!$A$2:$A$199,MATCH(TRIM($B52),People!$B$2:$B$199,0)),IFERROR(INDEX(Teams!$A$2:$A$9,MATCH(TRIM($B52),Teams!$B$2:$B$9,0)),"?? CHECK NAME")))
C53: =IF(TRIM($B53)="","",IFERROR(INDEX(People!$A$2:$A$199,MATCH(TRIM($B53),People!$B$2:$B$199,0)),IFERROR(INDEX(Teams!$A$2:$A$9,MATCH(TRIM($B53),Teams!$B$2:$B$9,0)),"?? CHECK NAME")))
A54: Fundraising | C54: =IF(TRIM($B54)="","",IFERROR(INDEX(People!$A$2:$A$199,MATCH(TRIM($B54),People!$B$2:$B$199,0)),IFERROR(INDEX(Teams!$A$2:$A$9,MATCH(TRIM($B54),Teams!$B$2:$B$9,0)),"?? CHECK NAME")))
C55: =IF(TRIM($B55)="","",IFERROR(INDEX(People!$A$2:$A$199,MATCH(TRIM($B55),People!$B$2:$B$199,0)),IFERROR(INDEX(Teams!$A$2:$A$9,MATCH(TRIM($B55),Teams!$B$2:$B$9,0)),"?? CHECK NAME")))
C56: =IF(TRIM($B56)="","",IFERROR(INDEX(People!$A$2:$A$199,MATCH(TRIM($B56),People!$B$2:$B$199,0)),IFERROR(INDEX(Teams!$A$2:$A$9,MATCH(TRIM($B56),Teams!$B$2:$B$9,0)),"?? CHECK NAME")))
C57: =IF(TRIM($B57)="","",IFERROR(INDEX(People!$A$2:$A$199,MATCH(TRIM($B57),People!$B$2:$B$199,0)),IFERROR(INDEX(Teams!$A$2:$A$9,MATCH(TRIM($B57),Teams!$B$2:$B$9,0)),"?? CHECK NAME")))
C58: =IF(TRIM($B58)="","",IFERROR(INDEX(People!$A$2:$A$199,MATCH(TRIM($B58),People!$B$2:$B$199,0)),IFERROR(INDEX(Teams!$A$2:$A$9,MATCH(TRIM($B58),Teams!$B$2:$B$9,0)),"?? CHECK NAME")))
A59: Campus Wellness | C59: =IF(TRIM($B59)="","",IFERROR(INDEX(People!$A$2:$A$199,MATCH(TRIM($B59),People!$B$2:$B$199,0)),IFERROR(INDEX(Teams!$A$2:$A$9,MATCH(TRIM($B59),Teams!$B$2:$B$9,0)),"?? CHECK NAME")))
C60: =IF(TRIM($B60)="","",IFERROR(INDEX(People!$A$2:$A$199,MATCH(TRIM($B60),People!$B$2:$B$199,0)),IFERROR(INDEX(Teams!$A$2:$A$9,MATCH(TRIM($B60),Teams!$B$2:$B$9,0)),"?? CHECK NAME")))
C61: =IF(TRIM($B61)="","",IFERROR(INDEX(People!$A$2:$A$199,MATCH(TRIM($B61),People!$B$2:$B$199,0)),IFERROR(INDEX(Teams!$A$2:$A$9,MATCH(TRIM($B61),Teams!$B$2:$B$9,0)),"?? CHECK NAME")))
C62: =IF(TRIM($B62)="","",IFERROR(INDEX(People!$A$2:$A$199,MATCH(TRIM($B62),People!$B$2:$B$199,0)),IFERROR(INDEX(Teams!$A$2:$A$9,MATCH(TRIM($B62),Teams!$B$2:$B$9,0)),"?? CHECK NAME")))
C63: =IF(TRIM($B63)="","",IFERROR(INDEX(People!$A$2:$A$199,MATCH(TRIM($B63),People!$B$2:$B$199,0)),IFERROR(INDEX(Teams!$A$2:$A$9,MATCH(TRIM($B63),Teams!$B$2:$B$9,0)),"?? CHECK NAME")))
A64: FreshReps | C64: =IF(TRIM($B64)="","",IFERROR(INDEX(People!$A$2:$A$199,MATCH(TRIM($B64),People!$B$2:$B$199,0)),IFERROR(INDEX(Teams!$A$2:$A$9,MATCH(TRIM($B64),Teams!$B$2:$B$9,0)),"?? CHECK NAME")))
C65: =IF(TRIM($B65)="","",IFERROR(INDEX(People!$A$2:$A$199,MATCH(TRIM($B65),People!$B$2:$B$199,0)),IFERROR(INDEX(Teams!$A$2:$A$9,MATCH(TRIM($B65),Teams!$B$2:$B$9,0)),"?? CHECK NAME")))
C66: =IF(TRIM($B66)="","",IFERROR(INDEX(People!$A$2:$A$199,MATCH(TRIM($B66),People!$B$2:$B$199,0)),IFERROR(INDEX(Teams!$A$2:$A$9,MATCH(TRIM($B66),Teams!$B$2:$B$9,0)),"?? CHECK NAME")))
C67: =IF(TRIM($B67)="","",IFERROR(INDEX(People!$A$2:$A$199,MATCH(TRIM($B67),People!$B$2:$B$199,0)),IFERROR(INDEX(Teams!$A$2:$A$9,MATCH(TRIM($B67),Teams!$B$2:$B$9,0)),"?? CHECK NAME")))
C68: =IF(TRIM($B68)="","",IFERROR(INDEX(People!$A$2:$A$199,MATCH(TRIM($B68),People!$B$2:$B$199,0)),IFERROR(INDEX(Teams!$A$2:$A$9,MATCH(TRIM($B68),Teams!$B$2:$B$9,0)),"?? CHECK NAME")))
A69: TEAMS — anything the whole team does goes on its own row
A70: Team | B70: UNC Taar Heel Raas | C70: =IF(TRIM($B70)="","",IFERROR(INDEX(People!$A$2:$A$199,MATCH(TRIM($B70),People!$B$2:$B$199,0)),IFERROR(INDEX(Teams!$A$2:$A$9,MATCH(TRIM($B70),Teams!$B$2:$B$9,0)),"?? CHECK NAME"))) -> TM-UNC
A71: Team | B71: Illini Raas | C71: =IF(TRIM($B71)="","",IFERROR(INDEX(People!$A$2:$A$199,MATCH(TRIM($B71),People!$B$2:$B$199,0)),IFERROR(INDEX(Teams!$A$2:$A$9,MATCH(TRIM($B71),Teams!$B$2:$B$9,0)),"?? CHECK NAME"))) -> TM-ILL
A72: Team | B72: UTD Taraas | C72: =IF(TRIM($B72)="","",IFERROR(INDEX(People!$A$2:$A$199,MATCH(TRIM($B72),People!$B$2:$B$199,0)),IFERROR(INDEX(Teams!$A$2:$A$9,MATCH(TRIM($B72),Teams!$B$2:$B$9,0)),"?? CHECK NAME"))) -> TM-UTD
A73: Team | B73: UVA Hooraas | C73: =IF(TRIM($B73)="","",IFERROR(INDEX(People!$A$2:$A$199,MATCH(TRIM($B73),People!$B$2:$B$199,0)),IFERROR(INDEX(Teams!$A$2:$A$9,MATCH(TRIM($B73),Teams!$B$2:$B$9,0)),"?? CHECK NAME"))) -> TM-UVA
A74: Team | B74: UMD Entouraas | C74: =IF(TRIM($B74)="","",IFERROR(INDEX(People!$A$2:$A$199,MATCH(TRIM($B74),People!$B$2:$B$199,0)),IFERROR(INDEX(Teams!$A$2:$A$9,MATCH(TRIM($B74),Teams!$B$2:$B$9,0)),"?? CHECK NAME"))) -> TM-UMD
A75: Team | B75: Michigan Wolveraas | C75: =IF(TRIM($B75)="","",IFERROR(INDEX(People!$A$2:$A$199,MATCH(TRIM($B75),People!$B$2:$B$199,0)),IFERROR(INDEX(Teams!$A$2:$A$9,MATCH(TRIM($B75),Teams!$B$2:$B$9,0)),"?? CHECK NAME"))) -> TM-UMI
A76: Team | B76: MSU Raasparty | C76: =IF(TRIM($B76)="","",IFERROR(INDEX(People!$A$2:$A$199,MATCH(TRIM($B76),People!$B$2:$B$199,0)),IFERROR(INDEX(Teams!$A$2:$A$9,MATCH(TRIM($B76),Teams!$B$2:$B$9,0)),"?? CHECK NAME"))) -> TM-MSU
A77: Team | B77: GT Ramblin Raas | C77: =IF(TRIM($B77)="","",IFERROR(INDEX(People!$A$2:$A$199,MATCH(TRIM($B77),People!$B$2:$B$199,0)),IFERROR(INDEX(Teams!$A$2:$A$9,MATCH(TRIM($B77),Teams!$B$2:$B$9,0)),"?? CHECK NAME"))) -> TM-GT
A78: JUDGES, VIDEOGRAPHERS & RAS REPS
A79: Judges | B79: All Judges | C79: ROLE-JUDGES
A80: Videographers | B80: All Videographers | C80: ROLE-VIDEO
A81: RAS Reps | C81: =IF(TRIM($B81)="","",IFERROR(INDEX(People!$A$2:$A$199,MATCH(TRIM($B81),People!$B$2:$B$199,0)),IFERROR(INDEX(Teams!$A$2:$A$9,MATCH(TRIM($B81),Teams!$B$2:$B$9,0)),"?? CHECK NAME")))
C82: =IF(TRIM($B82)="","",IFERROR(INDEX(People!$A$2:$A$199,MATCH(TRIM($B82),People!$B$2:$B$199,0)),IFERROR(INDEX(Teams!$A$2:$A$9,MATCH(TRIM($B82),Teams!$B$2:$B$9,0)),"?? CHECK NAME")))
C83: =IF(TRIM($B83)="","",IFERROR(INDEX(People!$A$2:$A$199,MATCH(TRIM($B83),People!$B$2:$B$199,0)),IFERROR(INDEX(Teams!$A$2:$A$9,MATCH(TRIM($B83),Teams!$B$2:$B$9,0)),"?? CHECK NAME")))
C84: =IF(TRIM($B84)="","",IFERROR(INDEX(People!$A$2:$A$199,MATCH(TRIM($B84),People!$B$2:$B$199,0)),IFERROR(INDEX(Teams!$A$2:$A$9,MATCH(TRIM($B84),Teams!$B$2:$B$9,0)),"?? CHECK NAME")))
C85: =IF(TRIM($B85)="","",IFERROR(INDEX(People!$A$2:$A$199,MATCH(TRIM($B85),People!$B$2:$B$199,0)),IFERROR(INDEX(Teams!$A$2:$A$9,MATCH(TRIM($B85),Teams!$B$2:$B$9,0)),"?? CHECK NAME")))
A86: LIAISONS — names come from the People tab, not typed here
A87: UNC Taar Heel Raas | B87: =IFERROR(INDEX(People!$B$2:$B$199,MATCH($A$87&"#"&1,People!$H$2:$H$199,0)),"") -> Example Liaison One | C87: =IF(TRIM($B87)="","",IFERROR(INDEX(People!$A$2:$A$199,MATCH(TRIM($B87),People!$B$2:$B$199,0)),"?? CHECK NAME")) -> LIA-01
B88: =IFERROR(INDEX(People!$B$2:$B$199,MATCH($A$87&"#"&2,People!$H$2:$H$199,0)),"") -> Example Liaison Two | C88: =IF(TRIM($B88)="","",IFERROR(INDEX(People!$A$2:$A$199,MATCH(TRIM($B88),People!$B$2:$B$199,0)),"?? CHECK NAME")) -> LIA-02
B89: =IFERROR(INDEX(People!$B$2:$B$199,MATCH($A$87&"#"&3,People!$H$2:$H$199,0)),"") -> Example Liaison Three | C89: =IF(TRIM($B89)="","",IFERROR(INDEX(People!$A$2:$A$199,MATCH(TRIM($B89),People!$B$2:$B$199,0)),"?? CHECK NAME")) -> LIA-03
B90: =IFERROR(INDEX(People!$B$2:$B$199,MATCH($A$87&"#"&4,People!$H$2:$H$199,0)),"") | C90: =IF(TRIM($B90)="","",IFERROR(INDEX(People!$A$2:$A$199,MATCH(TRIM($B90),People!$B$2:$B$199,0)),"?? CHECK NAME"))
B91: =IFERROR(INDEX(People!$B$2:$B$199,MATCH($A$87&"#"&5,People!$H$2:$H$199,0)),"") | C91: =IF(TRIM($B91)="","",IFERROR(INDEX(People!$A$2:$A$199,MATCH(TRIM($B91),People!$B$2:$B$199,0)),"?? CHECK NAME"))
A92: Illini Raas | B92: =IFERROR(INDEX(People!$B$2:$B$199,MATCH($A$92&"#"&1,People!$H$2:$H$199,0)),"") | C92: =IF(TRIM($B92)="","",IFERROR(INDEX(People!$A$2:$A$199,MATCH(TRIM($B92),People!$B$2:$B$199,0)),"?? CHECK NAME"))
B93: =IFERROR(INDEX(People!$B$2:$B$199,MATCH($A$92&"#"&2,People!$H$2:$H$199,0)),"") | C93: =IF(TRIM($B93)="","",IFERROR(INDEX(People!$A$2:$A$199,MATCH(TRIM($B93),People!$B$2:$B$199,0)),"?? CHECK NAME"))
B94: =IFERROR(INDEX(People!$B$2:$B$199,MATCH($A$92&"#"&3,People!$H$2:$H$199,0)),"") | C94: =IF(TRIM($B94)="","",IFERROR(INDEX(People!$A$2:$A$199,MATCH(TRIM($B94),People!$B$2:$B$199,0)),"?? CHECK NAME"))
B95: =IFERROR(INDEX(People!$B$2:$B$199,MATCH($A$92&"#"&4,People!$H$2:$H$199,0)),"") | C95: =IF(TRIM($B95)="","",IFERROR(INDEX(People!$A$2:$A$199,MATCH(TRIM($B95),People!$B$2:$B$199,0)),"?? CHECK NAME"))
B96: =IFERROR(INDEX(People!$B$2:$B$199,MATCH($A$92&"#"&5,People!$H$2:$H$199,0)),"") | C96: =IF(TRIM($B96)="","",IFERROR(INDEX(People!$A$2:$A$199,MATCH(TRIM($B96),People!$B$2:$B$199,0)),"?? CHECK NAME"))
A97: UTD Taraas | B97: =IFERROR(INDEX(People!$B$2:$B$199,MATCH($A$97&"#"&1,People!$H$2:$H$199,0)),"") | C97: =IF(TRIM($B97)="","",IFERROR(INDEX(People!$A$2:$A$199,MATCH(TRIM($B97),People!$B$2:$B$199,0)),"?? CHECK NAME"))
B98: =IFERROR(INDEX(People!$B$2:$B$199,MATCH($A$97&"#"&2,People!$H$2:$H$199,0)),"") | C98: =IF(TRIM($B98)="","",IFERROR(INDEX(People!$A$2:$A$199,MATCH(TRIM($B98),People!$B$2:$B$199,0)),"?? CHECK NAME"))
B99: =IFERROR(INDEX(People!$B$2:$B$199,MATCH($A$97&"#"&3,People!$H$2:$H$199,0)),"") | C99: =IF(TRIM($B99)="","",IFERROR(INDEX(People!$A$2:$A$199,MATCH(TRIM($B99),People!$B$2:$B$199,0)),"?? CHECK NAME"))
B100: =IFERROR(INDEX(People!$B$2:$B$199,MATCH($A$97&"#"&4,People!$H$2:$H$199,0)),"") | C100: =IF(TRIM($B100)="","",IFERROR(INDEX(People!$A$2:$A$199,MATCH(TRIM($B100),People!$B$2:$B$199,0)),"?? CHECK NAME"))
...

Sheet Friday
A1: Group | B1: Name | C1: ID | D1: =Instructions!$C$14 -> 46241 | CB1: =Instructions!$C$14+1 -> 46242
D2: 0.20833333 | E2: 0.21875 | F2: 0.22916667 | G2: 0.23958333 | H2: 0.25 | I2: 0.26041667 | J2: 0.27083333 | K2: 0.28125 | L2: 0.29166667 | M2: 0.30208333 | N2: 0.3125 | O2: 0.32291667 | P2: 0.33333333 | Q2: 0.34375 | R2: 0.35416667 | S2: 0.36458333 | T2: 0.375 | U2: 0.38541667 | V2: 0.39583333 | W2: 0.40625 | X2: 0.41666667 | Y2: 0.42708333 | Z2: 0.4375 | AA2: 0.44791667 | AB2: 0.45833333 | AC2: 0.46875 | AD2: 0.47916667 | AE2: 0.48958333 | AF2: 0.5 | AG2: 0.51041667 | AH2: 0.52083333 | AI2: 0.53125 | AJ2: 0.54166667 | AK2: 0.55208333 | AL2: 0.5625 | AM2: 0.57291667 | AN2: 0.58333333 | AO2: 0.59375 | AP2: 0.60416667 | AQ2: 0.61458333 | AR2: 0.625 | AS2: 0.63541667 | AT2: 0.64583333 | AU2: 0.65625 | AV2: 0.66666667 | AW2: 0.67708333 | AX2: 0.6875 | AY2: 0.69791667 | AZ2: 0.70833333 | BA2: 0.71875 | BB2: 0.72916667 | BC2: 0.73958333 | BD2: 0.75 | BE2: 0.76041667 | BF2: 0.77083333 | BG2: 0.78125 | BH2: 0.79166667 | BI2: 0.80208333 | BJ2: 0.8125 | BK2: 0.82291667 | BL2: 0.83333333 | BM2: 0.84375 | BN2: 0.85416667 | BO2: 0.86458333 | BP2: 0.875 | BQ2: 0.88541667 | BR2: 0.89583333 | BS2: 0.90625 | BT2: 0.91666667 | BU2: 0.92708333 | BV2: 0.9375 | BW2: 0.94791667 | BX2: 0.95833333 | BY2: 0.96875 | BZ2: 0.97916667 | CA2: 0.98958333 | CB2: 0 | CC2: 0.010416667 | CD2: 0.020833333 | CE2: 0.03125
A3: BOARD MEMBERS
A4: Directors | B4: Example Director | C4: =IF(TRIM($B4)="","",IFERROR(INDEX(People!$A$2:$A$199,MATCH(TRIM($B4),People!$B$2:$B$199,0)),IFERROR(INDEX(Teams!$A$2:$A$9,MATCH(TRIM($B4),Teams!$B$2:$B$9,0)),"?? CHECK NAME"))) -> BRD-01 | H4: 6:00 AM - 5:00 PM HOTEL (REG ROOM) Check in teams, help Head Liaisons with room setup
C5: =IF(TRIM($B5)="","",IFERROR(INDEX(People!$A$2:$A$199,MATCH(TRIM($B5),People!$B$2:$B$199,0)),IFERROR(INDEX(Teams!$A$2:$A$9,MATCH(TRIM($B5),Teams!$B$2:$B$9,0)),"?? CHECK NAME")))
C6: =IF(TRIM($B6)="","",IFERROR(INDEX(People!$A$2:$A$199,MATCH(TRIM($B6),People!$B$2:$B$199,0)),IFERROR(INDEX(Teams!$A$2:$A$9,MATCH(TRIM($B6),Teams!$B$2:$B$9,0)),"?? CHECK NAME")))
C7: =IF(TRIM($B7)="","",IFERROR(INDEX(People!$A$2:$A$199,MATCH(TRIM($B7),People!$B$2:$B$199,0)),IFERROR(INDEX(Teams!$A$2:$A$9,MATCH(TRIM($B7),Teams!$B$2:$B$9,0)),"?? CHECK NAME")))
C8: =IF(TRIM($B8)="","",IFERROR(INDEX(People!$A$2:$A$199,MATCH(TRIM($B8),People!$B$2:$B$199,0)),IFERROR(INDEX(Teams!$A$2:$A$9,MATCH(TRIM($B8),Teams!$B$2:$B$9,0)),"?? CHECK NAME")))
A9: Senior Advisors | C9: =IF(TRIM($B9)="","",IFERROR(INDEX(People!$A$2:$A$199,MATCH(TRIM($B9),People!$B$2:$B$199,0)),IFERROR(INDEX(Teams!$A$2:$A$9,MATCH(TRIM($B9),Teams!$B$2:$B$9,0)),"?? CHECK NAME")))
C10: =IF(TRIM($B10)="","",IFERROR(INDEX(People!$A$2:$A$199,MATCH(TRIM($B10),People!$B$2:$B$199,0)),IFERROR(INDEX(Teams!$A$2:$A$9,MATCH(TRIM($B10),Teams!$B$2:$B$9,0)),"?? CHECK NAME")))
C11: =IF(TRIM($B11)="","",IFERROR(INDEX(People!$A$2:$A$199,MATCH(TRIM($B11),People!$B$2:$B$199,0)),IFERROR(INDEX(Teams!$A$2:$A$9,MATCH(TRIM($B11),Teams!$B$2:$B$9,0)),"?? CHECK NAME")))
C12: =IF(TRIM($B12)="","",IFERROR(INDEX(People!$A$2:$A$199,MATCH(TRIM($B12),People!$B$2:$B$199,0)),IFERROR(INDEX(Teams!$A$2:$A$9,MATCH(TRIM($B12),Teams!$B$2:$B$9,0)),"?? CHECK NAME")))
C13: =IF(TRIM($B13)="","",IFERROR(INDEX(People!$A$2:$A$199,MATCH(TRIM($B13),People!$B$2:$B$199,0)),IFERROR(INDEX(Teams!$A$2:$A$9,MATCH(TRIM($B13),Teams!$B$2:$B$9,0)),"?? CHECK NAME")))
A14: Logistics | C14: =IF(TRIM($B14)="","",IFERROR(INDEX(People!$A$2:$A$199,MATCH(TRIM($B14),People!$B$2:$B$199,0)),IFERROR(INDEX(Teams!$A$2:$A$9,MATCH(TRIM($B14),Teams!$B$2:$B$9,0)),"?? CHECK NAME")))
C15: =IF(TRIM($B15)="","",IFERROR(INDEX(People!$A$2:$A$199,MATCH(TRIM($B15),People!$B$2:$B$199,0)),IFERROR(INDEX(Teams!$A$2:$A$9,MATCH(TRIM($B15),Teams!$B$2:$B$9,0)),"?? CHECK NAME")))
C16: =IF(TRIM($B16)="","",IFERROR(INDEX(People!$A$2:$A$199,MATCH(TRIM($B16),People!$B$2:$B$199,0)),IFERROR(INDEX(Teams!$A$2:$A$9,MATCH(TRIM($B16),Teams!$B$2:$B$9,0)),"?? CHECK NAME")))
C17: =IF(TRIM($B17)="","",IFERROR(INDEX(People!$A$2:$A$199,MATCH(TRIM($B17),People!$B$2:$B$199,0)),IFERROR(INDEX(Teams!$A$2:$A$9,MATCH(TRIM($B17),Teams!$B$2:$B$9,0)),"?? CHECK NAME")))
C18: =IF(TRIM($B18)="","",IFERROR(INDEX(People!$A$2:$A$199,MATCH(TRIM($B18),People!$B$2:$B$199,0)),IFERROR(INDEX(Teams!$A$2:$A$9,MATCH(TRIM($B18),Teams!$B$2:$B$9,0)),"?? CHECK NAME")))
A19: Hospitality | C19: =IF(TRIM($B19)="","",IFERROR(INDEX(People!$A$2:$A$199,MATCH(TRIM($B19),People!$B$2:$B$199,0)),IFERROR(INDEX(Teams!$A$2:$A$9,MATCH(TRIM($B19),Teams!$B$2:$B$9,0)),"?? CHECK NAME")))
C20: =IF(TRIM($B20)="","",IFERROR(INDEX(People!$A$2:$A$199,MATCH(TRIM($B20),People!$B$2:$B$199,0)),IFERROR(INDEX(Teams!$A$2:$A$9,MATCH(TRIM($B20),Teams!$B$2:$B$9,0)),"?? CHECK NAME")))
C21: =IF(TRIM($B21)="","",IFERROR(INDEX(People!$A$2:$A$199,MATCH(TRIM($B21),People!$B$2:$B$199,0)),IFERROR(INDEX(Teams!$A$2:$A$9,MATCH(TRIM($B21),Teams!$B$2:$B$9,0)),"?? CHECK NAME")))
C22: =IF(TRIM($B22)="","",IFERROR(INDEX(People!$A$2:$A$199,MATCH(TRIM($B22),People!$B$2:$B$199,0)),IFERROR(INDEX(Teams!$A$2:$A$9,MATCH(TRIM($B22),Teams!$B$2:$B$9,0)),"?? CHECK NAME")))
C23: =IF(TRIM($B23)="","",IFERROR(INDEX(People!$A$2:$A$199,MATCH(TRIM($B23),People!$B$2:$B$199,0)),IFERROR(INDEX(Teams!$A$2:$A$9,MATCH(TRIM($B23),Teams!$B$2:$B$9,0)),"?? CHECK NAME")))
A24: Creative | C24: =IF(TRIM($B24)="","",IFERROR(INDEX(People!$A$2:$A$199,MATCH(TRIM($B24),People!$B$2:$B$199,0)),IFERROR(INDEX(Teams!$A$2:$A$9,MATCH(TRIM($B24),Teams!$B$2:$B$9,0)),"?? CHECK NAME")))
C25: =IF(TRIM($B25)="","",IFERROR(INDEX(People!$A$2:$A$199,MATCH(TRIM($B25),People!$B$2:$B$199,0)),IFERROR(INDEX(Teams!$A$2:$A$9,MATCH(TRIM($B25),Teams!$B$2:$B$9,0)),"?? CHECK NAME")))
C26: =IF(TRIM($B26)="","",IFERROR(INDEX(People!$A$2:$A$199,MATCH(TRIM($B26),People!$B$2:$B$199,0)),IFERROR(INDEX(Teams!$A$2:$A$9,MATCH(TRIM($B26),Teams!$B$2:$B$9,0)),"?? CHECK NAME")))
C27: =IF(TRIM($B27)="","",IFERROR(INDEX(People!$A$2:$A$199,MATCH(TRIM($B27),People!$B$2:$B$199,0)),IFERROR(INDEX(Teams!$A$2:$A$9,MATCH(TRIM($B27),Teams!$B$2:$B$9,0)),"?? CHECK NAME")))
C28: =IF(TRIM($B28)="","",IFERROR(INDEX(People!$A$2:$A$199,MATCH(TRIM($B28),People!$B$2:$B$199,0)),IFERROR(INDEX(Teams!$A$2:$A$9,MATCH(TRIM($B28),Teams!$B$2:$B$9,0)),"?? CHECK NAME")))
A29: Registration | C29: =IF(TRIM($B29)="","",IFERROR(INDEX(People!$A$2:$A$199,MATCH(TRIM($B29),People!$B$2:$B$199,0)),IFERROR(INDEX(Teams!$A$2:$A$9,MATCH(TRIM($B29),Teams!$B$2:$B$9,0)),"?? CHECK NAME")))
C30: =IF(TRIM($B30)="","",IFERROR(INDEX(People!$A$2:$A$199,MATCH(TRIM($B30),People!$B$2:$B$199,0)),IFERROR(INDEX(Teams!$A$2:$A$9,MATCH(TRIM($B30),Teams!$B$2:$B$9,0)),"?? CHECK NAME")))
C31: =IF(TRIM($B31)="","",IFERROR(INDEX(People!$A$2:$A$199,MATCH(TRIM($B31),People!$B$2:$B$199,0)),IFERROR(INDEX(Teams!$A$2:$A$9,MATCH(TRIM($B31),Teams!$B$2:$B$9,0)),"?? CHECK NAME")))
C32: =IF(TRIM($B32)="","",IFERROR(INDEX(People!$A$2:$A$199,MATCH(TRIM($B32),People!$B$2:$B$199,0)),IFERROR(INDEX(Teams!$A$2:$A$9,MATCH(TRIM($B32),Teams!$B$2:$B$9,0)),"?? CHECK NAME")))
C33: =IF(TRIM($B33)="","",IFERROR(INDEX(People!$A$2:$A$199,MATCH(TRIM($B33),People!$B$2:$B$199,0)),IFERROR(INDEX(Teams!$A$2:$A$9,MATCH(TRIM($B33),Teams!$B$2:$B$9,0)),"?? CHECK NAME")))
A34: Head Liaisons | C34: =IF(TRIM($B34)="","",IFERROR(INDEX(People!$A$2:$A$199,MATCH(TRIM($B34),People!$B$2:$B$199,0)),IFERROR(INDEX(Teams!$A$2:$A$9,MATCH(TRIM($B34),Teams!$B$2:$B$9,0)),"?? CHECK NAME")))
C35: =IF(TRIM($B35)="","",IFERROR(INDEX(People!$A$2:$A$199,MATCH(TRIM($B35),People!$B$2:$B$199,0)),IFERROR(INDEX(Teams!$A$2:$A$9,MATCH(TRIM($B35),Teams!$B$2:$B$9,0)),"?? CHECK NAME")))
C36: =IF(TRIM($B36)="","",IFERROR(INDEX(People!$A$2:$A$199,MATCH(TRIM($B36),People!$B$2:$B$199,0)),IFERROR(INDEX(Teams!$A$2:$A$9,MATCH(TRIM($B36),Teams!$B$2:$B$9,0)),"?? CHECK NAME")))
C37: =IF(TRIM($B37)="","",IFERROR(INDEX(People!$A$2:$A$199,MATCH(TRIM($B37),People!$B$2:$B$199,0)),IFERROR(INDEX(Teams!$A$2:$A$9,MATCH(TRIM($B37),Teams!$B$2:$B$9,0)),"?? CHECK NAME")))
C38: =IF(TRIM($B38)="","",IFERROR(INDEX(People!$A$2:$A$199,MATCH(TRIM($B38),People!$B$2:$B$199,0)),IFERROR(INDEX(Teams!$A$2:$A$9,MATCH(TRIM($B38),Teams!$B$2:$B$9,0)),"?? CHECK NAME")))
A39: PR | C39: =IF(TRIM($B39)="","",IFERROR(INDEX(People!$A$2:$A$199,MATCH(TRIM($B39),People!$B$2:$B$199,0)),IFERROR(INDEX(Teams!$A$2:$A$9,MATCH(TRIM($B39),Teams!$B$2:$B$9,0)),"?? CHECK NAME")))
C40: =IF(TRIM($B40)="","",IFERROR(INDEX(People!$A$2:$A$199,MATCH(TRIM($B40),People!$B$2:$B$199,0)),IFERROR(INDEX(Teams!$A$2:$A$9,MATCH(TRIM($B40),Teams!$B$2:$B$9,0)),"?? CHECK NAME")))
C41: =IF(TRIM($B41)="","",IFERROR(INDEX(People!$A$2:$A$199,MATCH(TRIM($B41),People!$B$2:$B$199,0)),IFERROR(INDEX(Teams!$A$2:$A$9,MATCH(TRIM($B41),Teams!$B$2:$B$9,0)),"?? CHECK NAME")))
C42: =IF(TRIM($B42)="","",IFERROR(INDEX(People!$A$2:$A$199,MATCH(TRIM($B42),People!$B$2:$B$199,0)),IFERROR(INDEX(Teams!$A$2:$A$9,MATCH(TRIM($B42),Teams!$B$2:$B$9,0)),"?? CHECK NAME")))
C43: =IF(TRIM($B43)="","",IFERROR(INDEX(People!$A$2:$A$199,MATCH(TRIM($B43),People!$B$2:$B$199,0)),IFERROR(INDEX(Teams!$A$2:$A$9,MATCH(TRIM($B43),Teams!$B$2:$B$9,0)),"?? CHECK NAME")))
A44: External | C44: =IF(TRIM($B44)="","",IFERROR(INDEX(People!$A$2:$A$199,MATCH(TRIM($B44),People!$B$2:$B$199,0)),IFERROR(INDEX(Teams!$A$2:$A$9,MATCH(TRIM($B44),Teams!$B$2:$B$9,0)),"?? CHECK NAME")))
C45: =IF(TRIM($B45)="","",IFERROR(INDEX(People!$A$2:$A$199,MATCH(TRIM($B45),People!$B$2:$B$199,0)),IFERROR(INDEX(Teams!$A$2:$A$9,MATCH(TRIM($B45),Teams!$B$2:$B$9,0)),"?? CHECK NAME")))
C46: =IF(TRIM($B46)="","",IFERROR(INDEX(People!$A$2:$A$199,MATCH(TRIM($B46),People!$B$2:$B$199,0)),IFERROR(INDEX(Teams!$A$2:$A$9,MATCH(TRIM($B46),Teams!$B$2:$B$9,0)),"?? CHECK NAME")))
C47: =IF(TRIM($B47)="","",IFERROR(INDEX(People!$A$2:$A$199,MATCH(TRIM($B47),People!$B$2:$B$199,0)),IFERROR(INDEX(Teams!$A$2:$A$9,MATCH(TRIM($B47),Teams!$B$2:$B$9,0)),"?? CHECK NAME")))
C48: =IF(TRIM($B48)="","",IFERROR(INDEX(People!$A$2:$A$199,MATCH(TRIM($B48),People!$B$2:$B$199,0)),IFERROR(INDEX(Teams!$A$2:$A$9,MATCH(TRIM($B48),Teams!$B$2:$B$9,0)),"?? CHECK NAME")))
A49: Judging | C49: =IF(TRIM($B49)="","",IFERROR(INDEX(People!$A$2:$A$199,MATCH(TRIM($B49),People!$B$2:$B$199,0)),IFERROR(INDEX(Teams!$A$2:$A$9,MATCH(TRIM($B49),Teams!$B$2:$B$9,0)),"?? CHECK NAME")))
C50: =IF(TRIM($B50)="","",IFERROR(INDEX(People!$A$2:$A$199,MATCH(TRIM($B50),People!$B$2:$B$199,0)),IFERROR(INDEX(Teams!$A$2:$A$9,MATCH(TRIM($B50),Teams!$B$2:$B$9,0)),"?? CHECK NAME")))
C51: =IF(TRIM($B51)="","",IFERROR(INDEX(People!$A$2:$A$199,MATCH(TRIM($B51),People!$B$2:$B$199,0)),IFERROR(INDEX(Teams!$A$2:$A$9,MATCH(TRIM($B51),Teams!$B$2:$B$9,0)),"?? CHECK NAME")))
C52: =IF(TRIM($B52)="","",IFERROR(INDEX(People!$A$2:$A$199,MATCH(TRIM($B52),People!$B$2:$B$199,0)),IFERROR(INDEX(Teams!$A$2:$A$9,MATCH(TRIM($B52),Teams!$B$2:$B$9,0)),"?? CHECK NAME")))
C53: =IF(TRIM($B53)="","",IFERROR(INDEX(People!$A$2:$A$199,MATCH(TRIM($B53),People!$B$2:$B$199,0)),IFERROR(INDEX(Teams!$A$2:$A$9,MATCH(TRIM($B53),Teams!$B$2:$B$9,0)),"?? CHECK NAME")))
A54: Fundraising | C54: =IF(TRIM($B54)="","",IFERROR(INDEX(People!$A$2:$A$199,MATCH(TRIM($B54),People!$B$2:$B$199,0)),IFERROR(INDEX(Teams!$A$2:$A$9,MATCH(TRIM($B54),Teams!$B$2:$B$9,0)),"?? CHECK NAME")))
C55: =IF(TRIM($B55)="","",IFERROR(INDEX(People!$A$2:$A$199,MATCH(TRIM($B55),People!$B$2:$B$199,0)),IFERROR(INDEX(Teams!$A$2:$A$9,MATCH(TRIM($B55),Teams!$B$2:$B$9,0)),"?? CHECK NAME")))
C56: =IF(TRIM($B56)="","",IFERROR(INDEX(People!$A$2:$A$199,MATCH(TRIM($B56),People!$B$2:$B$199,0)),IFERROR(INDEX(Teams!$A$2:$A$9,MATCH(TRIM($B56),Teams!$B$2:$B$9,0)),"?? CHECK NAME")))
C57: =IF(TRIM($B57)="","",IFERROR(INDEX(People!$A$2:$A$199,MATCH(TRIM($B57),People!$B$2:$B$199,0)),IFERROR(INDEX(Teams!$A$2:$A$9,MATCH(TRIM($B57),Teams!$B$2:$B$9,0)),"?? CHECK NAME")))
C58: =IF(TRIM($B58)="","",IFERROR(INDEX(People!$A$2:$A$199,MATCH(TRIM($B58),People!$B$2:$B$199,0)),IFERROR(INDEX(Teams!$A$2:$A$9,MATCH(TRIM($B58),Teams!$B$2:$B$9,0)),"?? CHECK NAME")))
A59: Campus Wellness | C59: =IF(TRIM($B59)="","",IFERROR(INDEX(People!$A$2:$A$199,MATCH(TRIM($B59),People!$B$2:$B$199,0)),IFERROR(INDEX(Teams!$A$2:$A$9,MATCH(TRIM($B59),Teams!$B$2:$B$9,0)),"?? CHECK NAME")))
C60: =IF(TRIM($B60)="","",IFERROR(INDEX(People!$A$2:$A$199,MATCH(TRIM($B60),People!$B$2:$B$199,0)),IFERROR(INDEX(Teams!$A$2:$A$9,MATCH(TRIM($B60),Teams!$B$2:$B$9,0)),"?? CHECK NAME")))
C61: =IF(TRIM($B61)="","",IFERROR(INDEX(People!$A$2:$A$199,MATCH(TRIM($B61),People!$B$2:$B$199,0)),IFERROR(INDEX(Teams!$A$2:$A$9,MATCH(TRIM($B61),Teams!$B$2:$B$9,0)),"?? CHECK NAME")))
C62: =IF(TRIM($B62)="","",IFERROR(INDEX(People!$A$2:$A$199,MATCH(TRIM($B62),People!$B$2:$B$199,0)),IFERROR(INDEX(Teams!$A$2:$A$9,MATCH(TRIM($B62),Teams!$B$2:$B$9,0)),"?? CHECK NAME")))
C63: =IF(TRIM($B63)="","",IFERROR(INDEX(People!$A$2:$A$199,MATCH(TRIM($B63),People!$B$2:$B$199,0)),IFERROR(INDEX(Teams!$A$2:$A$9,MATCH(TRIM($B63),Teams!$B$2:$B$9,0)),"?? CHECK NAME")))
A64: FreshReps | C64: =IF(TRIM($B64)="","",IFERROR(INDEX(People!$A$2:$A$199,MATCH(TRIM($B64),People!$B$2:$B$199,0)),IFERROR(INDEX(Teams!$A$2:$A$9,MATCH(TRIM($B64),Teams!$B$2:$B$9,0)),"?? CHECK NAME")))
C65: =IF(TRIM($B65)="","",IFERROR(INDEX(People!$A$2:$A$199,MATCH(TRIM($B65),People!$B$2:$B$199,0)),IFERROR(INDEX(Teams!$A$2:$A$9,MATCH(TRIM($B65),Teams!$B$2:$B$9,0)),"?? CHECK NAME")))
C66: =IF(TRIM($B66)="","",IFERROR(INDEX(People!$A$2:$A$199,MATCH(TRIM($B66),People!$B$2:$B$199,0)),IFERROR(INDEX(Teams!$A$2:$A$9,MATCH(TRIM($B66),Teams!$B$2:$B$9,0)),"?? CHECK NAME")))
C67: =IF(TRIM($B67)="","",IFERROR(INDEX(People!$A$2:$A$199,MATCH(TRIM($B67),People!$B$2:$B$199,0)),IFERROR(INDEX(Teams!$A$2:$A$9,MATCH(TRIM($B67),Teams!$B$2:$B$9,0)),"?? CHECK NAME")))
C68: =IF(TRIM($B68)="","",IFERROR(INDEX(People!$A$2:$A$199,MATCH(TRIM($B68),People!$B$2:$B$199,0)),IFERROR(INDEX(Teams!$A$2:$A$9,MATCH(TRIM($B68),Teams!$B$2:$B$9,0)),"?? CHECK NAME")))
A69: TEAMS — anything the whole team does goes on its own row
A70: Team | B70: UNC Taar Heel Raas | C70: =IF(TRIM($B70)="","",IFERROR(INDEX(People!$A$2:$A$199,MATCH(TRIM($B70),People!$B$2:$B$199,0)),IFERROR(INDEX(Teams!$A$2:$A$9,MATCH(TRIM($B70),Teams!$B$2:$B$9,0)),"?? CHECK NAME"))) -> TM-UNC
A71: Team | B71: Illini Raas | C71: =IF(TRIM($B71)="","",IFERROR(INDEX(People!$A$2:$A$199,MATCH(TRIM($B71),People!$B$2:$B$199,0)),IFERROR(INDEX(Teams!$A$2:$A$9,MATCH(TRIM($B71),Teams!$B$2:$B$9,0)),"?? CHECK NAME"))) -> TM-ILL
A72: Team | B72: UTD Taraas | C72: =IF(TRIM($B72)="","",IFERROR(INDEX(People!$A$2:$A$199,MATCH(TRIM($B72),People!$B$2:$B$199,0)),IFERROR(INDEX(Teams!$A$2:$A$9,MATCH(TRIM($B72),Teams!$B$2:$B$9,0)),"?? CHECK NAME"))) -> TM-UTD
A73: Team | B73: UVA Hooraas | C73: =IF(TRIM($B73)="","",IFERROR(INDEX(People!$A$2:$A$199,MATCH(TRIM($B73),People!$B$2:$B$199,0)),IFERROR(INDEX(Teams!$A$2:$A$9,MATCH(TRIM($B73),Teams!$B$2:$B$9,0)),"?? CHECK NAME"))) -> TM-UVA
A74: Team | B74: UMD Entouraas | C74: =IF(TRIM($B74)="","",IFERROR(INDEX(People!$A$2:$A$199,MATCH(TRIM($B74),People!$B$2:$B$199,0)),IFERROR(INDEX(Teams!$A$2:$A$9,MATCH(TRIM($B74),Teams!$B$2:$B$9,0)),"?? CHECK NAME"))) -> TM-UMD
A75: Team | B75: Michigan Wolveraas | C75: =IF(TRIM($B75)="","",IFERROR(INDEX(People!$A$2:$A$199,MATCH(TRIM($B75),People!$B$2:$B$199,0)),IFERROR(INDEX(Teams!$A$2:$A$9,MATCH(TRIM($B75),Teams!$B$2:$B$9,0)),"?? CHECK NAME"))) -> TM-UMI
A76: Team | B76: MSU Raasparty | C76: =IF(TRIM($B76)="","",IFERROR(INDEX(People!$A$2:$A$199,MATCH(TRIM($B76),People!$B$2:$B$199,0)),IFERROR(INDEX(Teams!$A$2:$A$9,MATCH(TRIM($B76),Teams!$B$2:$B$9,0)),"?? CHECK NAME"))) -> TM-MSU
A77: Team | B77: GT Ramblin Raas | C77: =IF(TRIM($B77)="","",IFERROR(INDEX(People!$A$2:$A$199,MATCH(TRIM($B77),People!$B$2:$B$199,0)),IFERROR(INDEX(Teams!$A$2:$A$9,MATCH(TRIM($B77),Teams!$B$2:$B$9,0)),"?? CHECK NAME"))) -> TM-GT
A78: JUDGES, VIDEOGRAPHERS & RAS REPS
A79: Judges | B79: All Judges | C79: ROLE-JUDGES
A80: Videographers | B80: All Videographers | C80: ROLE-VIDEO
A81: RAS Reps | C81: =IF(TRIM($B81)="","",IFERROR(INDEX(People!$A$2:$A$199,MATCH(TRIM($B81),People!$B$2:$B$199,0)),IFERROR(INDEX(Teams!$A$2:$A$9,MATCH(TRIM($B81),Teams!$B$2:$B$9,0)),"?? CHECK NAME")))
C82: =IF(TRIM($B82)="","",IFERROR(INDEX(People!$A$2:$A$199,MATCH(TRIM($B82),People!$B$2:$B$199,0)),IFERROR(INDEX(Teams!$A$2:$A$9,MATCH(TRIM($B82),Teams!$B$2:$B$9,0)),"?? CHECK NAME")))
C83: =IF(TRIM($B83)="","",IFERROR(INDEX(People!$A$2:$A$199,MATCH(TRIM($B83),People!$B$2:$B$199,0)),IFERROR(INDEX(Teams!$A$2:$A$9,MATCH(TRIM($B83),Teams!$B$2:$B$9,0)),"?? CHECK NAME")))
C84: =IF(TRIM($B84)="","",IFERROR(INDEX(People!$A$2:$A$199,MATCH(TRIM($B84),People!$B$2:$B$199,0)),IFERROR(INDEX(Teams!$A$2:$A$9,MATCH(TRIM($B84),Teams!$B$2:$B$9,0)),"?? CHECK NAME")))
C85: =IF(TRIM($B85)="","",IFERROR(INDEX(People!$A$2:$A$199,MATCH(TRIM($B85),People!$B$2:$B$199,0)),IFERROR(INDEX(Teams!$A$2:$A$9,MATCH(TRIM($B85),Teams!$B$2:$B$9,0)),"?? CHECK NAME")))
A86: LIAISONS — names come from the People tab, not typed here
A87: UNC Taar Heel Raas | B87: =IFERROR(INDEX(People!$B$2:$B$199,MATCH($A$87&"#"&1,People!$H$2:$H$199,0)),"") -> Example Liaison One | C87: =IF(TRIM($B87)="","",IFERROR(INDEX(People!$A$2:$A$199,MATCH(TRIM($B87),People!$B$2:$B$199,0)),"?? CHECK NAME")) -> LIA-01
B88: =IFERROR(INDEX(People!$B$2:$B$199,MATCH($A$87&"#"&2,People!$H$2:$H$199,0)),"") -> Example Liaison Two | C88: =IF(TRIM($B88)="","",IFERROR(INDEX(People!$A$2:$A$199,MATCH(TRIM($B88),People!$B$2:$B$199,0)),"?? CHECK NAME")) -> LIA-02
B89: =IFERROR(INDEX(People!$B$2:$B$199,MATCH($A$87&"#"&3,People!$H$2:$H$199,0)),"") -> Example Liaison Three | C89: =IF(TRIM($B89)="","",IFERROR(INDEX(People!$A$2:$A$199,MATCH(TRIM($B89),People!$B$2:$B$199,0)),"?? CHECK NAME")) -> LIA-03
B90: =IFERROR(INDEX(People!$B$2:$B$199,MATCH($A$87&"#"&4,People!$H$2:$H$199,0)),"") | C90: =IF(TRIM($B90)="","",IFERROR(INDEX(People!$A$2:$A$199,MATCH(TRIM($B90),People!$B$2:$B$199,0)),"?? CHECK NAME"))
B91: =IFERROR(INDEX(People!$B$2:$B$199,MATCH($A$87&"#"&5,People!$H$2:$H$199,0)),"") | C91: =IF(TRIM($B91)="","",IFERROR(INDEX(People!$A$2:$A$199,MATCH(TRIM($B91),People!$B$2:$B$199,0)),"?? CHECK NAME"))
A92: Illini Raas | B92: =IFERROR(INDEX(People!$B$2:$B$199,MATCH($A$92&"#"&1,People!$H$2:$H$199,0)),"") | C92: =IF(TRIM($B92)="","",IFERROR(INDEX(People!$A$2:$A$199,MATCH(TRIM($B92),People!$B$2:$B$199,0)),"?? CHECK NAME"))
B93: =IFERROR(INDEX(People!$B$2:$B$199,MATCH($A$92&"#"&2,People!$H$2:$H$199,0)),"") | C93: =IF(TRIM($B93)="","",IFERROR(INDEX(People!$A$2:$A$199,MATCH(TRIM($B93),People!$B$2:$B$199,0)),"?? CHECK NAME"))
B94: =IFERROR(INDEX(People!$B$2:$B$199,MATCH($A$92&"#"&3,People!$H$2:$H$199,0)),"") | C94: =IF(TRIM($B94)="","",IFERROR(INDEX(People!$A$2:$A$199,MATCH(TRIM($B94),People!$B$2:$B$199,0)),"?? CHECK NAME"))
B95: =IFERROR(INDEX(People!$B$2:$B$199,MATCH($A$92&"#"&4,People!$H$2:$H$199,0)),"") | C95: =IF(TRIM($B95)="","",IFERROR(INDEX(People!$A$2:$A$199,MATCH(TRIM($B95),People!$B$2:$B$199,0)),"?? CHECK NAME"))
B96: =IFERROR(INDEX(People!$B$2:$B$199,MATCH($A$92&"#"&5,People!$H$2:$H$199,0)),"") | C96: =IF(TRIM($B96)="","",IFERROR(INDEX(People!$A$2:$A$199,MATCH(TRIM($B96),People!$B$2:$B$199,0)),"?? CHECK NAME"))
A97: UTD Taraas | B97: =IFERROR(INDEX(People!$B$2:$B$199,MATCH($A$97&"#"&1,People!$H$2:$H$199,0)),"") | C97: =IF(TRIM($B97)="","",IFERROR(INDEX(People!$A$2:$A$199,MATCH(TRIM($B97),People!$B$2:$B$199,0)),"?? CHECK NAME"))
B98: =IFERROR(INDEX(People!$B$2:$B$199,MATCH($A$97&"#"&2,People!$H$2:$H$199,0)),"") | C98: =IF(TRIM($B98)="","",IFERROR(INDEX(People!$A$2:$A$199,MATCH(TRIM($B98),People!$B$2:$B$199,0)),"?? CHECK NAME"))
B99: =IFERROR(INDEX(People!$B$2:$B$199,MATCH($A$97&"#"&3,People!$H$2:$H$199,0)),"") | C99: =IF(TRIM($B99)="","",IFERROR(INDEX(People!$A$2:$A$199,MATCH(TRIM($B99),People!$B$2:$B$199,0)),"?? CHECK NAME"))
B100: =IFERROR(INDEX(People!$B$2:$B$199,MATCH($A$97&"#"&4,People!$H$2:$H$199,0)),"") | C100: =IF(TRIM($B100)="","",IFERROR(INDEX(People!$A$2:$A$199,MATCH(TRIM($B100),People!$B$2:$B$199,0)),"?? CHECK NAME"))
...

Sheet Saturday
A1: Group | B1: Name | C1: ID | D1: =Instructions!$C$14+1 -> 46242 | CH1: =Instructions!$C$14+2 -> 46243
D2: 0.14583333 | E2: 0.15625 | F2: 0.16666667 | G2: 0.17708333 | H2: 0.1875 | I2: 0.19791667 | J2: 0.20833333 | K2: 0.21875 | L2: 0.22916667 | M2: 0.23958333 | N2: 0.25 | O2: 0.26041667 | P2: 0.27083333 | Q2: 0.28125 | R2: 0.29166667 | S2: 0.30208333 | T2: 0.3125 | U2: 0.32291667 | V2: 0.33333333 | W2: 0.34375 | X2: 0.35416667 | Y2: 0.36458333 | Z2: 0.375 | AA2: 0.38541667 | AB2: 0.39583333 | AC2: 0.40625 | AD2: 0.41666667 | AE2: 0.42708333 | AF2: 0.4375 | AG2: 0.44791667 | AH2: 0.45833333 | AI2: 0.46875 | AJ2: 0.47916667 | AK2: 0.48958333 | AL2: 0.5 | AM2: 0.51041667 | AN2: 0.52083333 | AO2: 0.53125 | AP2: 0.54166667 | AQ2: 0.55208333 | AR2: 0.5625 | AS2: 0.57291667 | AT2: 0.58333333 | AU2: 0.59375 | AV2: 0.60416667 | AW2: 0.61458333 | AX2: 0.625 | AY2: 0.63541667 | AZ2: 0.64583333 | BA2: 0.65625 | BB2: 0.66666667 | BC2: 0.67708333 | BD2: 0.6875 | BE2: 0.69791667 | BF2: 0.70833333 | BG2: 0.71875 | BH2: 0.72916667 | BI2: 0.73958333 | BJ2: 0.75 | BK2: 0.76041667 | BL2: 0.77083333 | BM2: 0.78125 | BN2: 0.79166667 | BO2: 0.80208333 | BP2: 0.8125 | BQ2: 0.82291667 | BR2: 0.83333333 | BS2: 0.84375 | BT2: 0.85416667 | BU2: 0.86458333 | BV2: 0.875 | BW2: 0.88541667 | BX2: 0.89583333 | BY2: 0.90625 | BZ2: 0.91666667 | CA2: 0.92708333 | CB2: 0.9375 | CC2: 0.94791667 | CD2: 0.95833333 | CE2: 0.96875 | CF2: 0.97916667 | CG2: 0.98958333 | CH2: 0 | CI2: 0.010416667 | CJ2: 0.020833333 | CK2: 0.03125
A3: BOARD MEMBERS
A4: Directors | C4: =IF(TRIM($B4)="","",IFERROR(INDEX(People!$A$2:$A$199,MATCH(TRIM($B4),People!$B$2:$B$199,0)),IFERROR(INDEX(Teams!$A$2:$A$9,MATCH(TRIM($B4),Teams!$B$2:$B$9,0)),"?? CHECK NAME")))
C5: =IF(TRIM($B5)="","",IFERROR(INDEX(People!$A$2:$A$199,MATCH(TRIM($B5),People!$B$2:$B$199,0)),IFERROR(INDEX(Teams!$A$2:$A$9,MATCH(TRIM($B5),Teams!$B$2:$B$9,0)),"?? CHECK NAME")))
C6: =IF(TRIM($B6)="","",IFERROR(INDEX(People!$A$2:$A$199,MATCH(TRIM($B6),People!$B$2:$B$199,0)),IFERROR(INDEX(Teams!$A$2:$A$9,MATCH(TRIM($B6),Teams!$B$2:$B$9,0)),"?? CHECK NAME")))
C7: =IF(TRIM($B7)="","",IFERROR(INDEX(People!$A$2:$A$199,MATCH(TRIM($B7),People!$B$2:$B$199,0)),IFERROR(INDEX(Teams!$A$2:$A$9,MATCH(TRIM($B7),Teams!$B$2:$B$9,0)),"?? CHECK NAME")))
C8: =IF(TRIM($B8)="","",IFERROR(INDEX(People!$A$2:$A$199,MATCH(TRIM($B8),People!$B$2:$B$199,0)),IFERROR(INDEX(Teams!$A$2:$A$9,MATCH(TRIM($B8),Teams!$B$2:$B$9,0)),"?? CHECK NAME")))
A9: Senior Advisors | C9: =IF(TRIM($B9)="","",IFERROR(INDEX(People!$A$2:$A$199,MATCH(TRIM($B9),People!$B$2:$B$199,0)),IFERROR(INDEX(Teams!$A$2:$A$9,MATCH(TRIM($B9),Teams!$B$2:$B$9,0)),"?? CHECK NAME")))
C10: =IF(TRIM($B10)="","",IFERROR(INDEX(People!$A$2:$A$199,MATCH(TRIM($B10),People!$B$2:$B$199,0)),IFERROR(INDEX(Teams!$A$2:$A$9,MATCH(TRIM($B10),Teams!$B$2:$B$9,0)),"?? CHECK NAME")))
C11: =IF(TRIM($B11)="","",IFERROR(INDEX(People!$A$2:$A$199,MATCH(TRIM($B11),People!$B$2:$B$199,0)),IFERROR(INDEX(Teams!$A$2:$A$9,MATCH(TRIM($B11),Teams!$B$2:$B$9,0)),"?? CHECK NAME")))
C12: =IF(TRIM($B12)="","",IFERROR(INDEX(People!$A$2:$A$199,MATCH(TRIM($B12),People!$B$2:$B$199,0)),IFERROR(INDEX(Teams!$A$2:$A$9,MATCH(TRIM($B12),Teams!$B$2:$B$9,0)),"?? CHECK NAME")))
C13: =IF(TRIM($B13)="","",IFERROR(INDEX(People!$A$2:$A$199,MATCH(TRIM($B13),People!$B$2:$B$199,0)),IFERROR(INDEX(Teams!$A$2:$A$9,MATCH(TRIM($B13),Teams!$B$2:$B$9,0)),"?? CHECK NAME")))
A14: Logistics | C14: =IF(TRIM($B14)="","",IFERROR(INDEX(People!$A$2:$A$199,MATCH(TRIM($B14),People!$B$2:$B$199,0)),IFERROR(INDEX(Teams!$A$2:$A$9,MATCH(TRIM($B14),Teams!$B$2:$B$9,0)),"?? CHECK NAME")))
C15: =IF(TRIM($B15)="","",IFERROR(INDEX(People!$A$2:$A$199,MATCH(TRIM($B15),People!$B$2:$B$199,0)),IFERROR(INDEX(Teams!$A$2:$A$9,MATCH(TRIM($B15),Teams!$B$2:$B$9,0)),"?? CHECK NAME")))
C16: =IF(TRIM($B16)="","",IFERROR(INDEX(People!$A$2:$A$199,MATCH(TRIM($B16),People!$B$2:$B$199,0)),IFERROR(INDEX(Teams!$A$2:$A$9,MATCH(TRIM($B16),Teams!$B$2:$B$9,0)),"?? CHECK NAME")))
C17: =IF(TRIM($B17)="","",IFERROR(INDEX(People!$A$2:$A$199,MATCH(TRIM($B17),People!$B$2:$B$199,0)),IFERROR(INDEX(Teams!$A$2:$A$9,MATCH(TRIM($B17),Teams!$B$2:$B$9,0)),"?? CHECK NAME")))
C18: =IF(TRIM($B18)="","",IFERROR(INDEX(People!$A$2:$A$199,MATCH(TRIM($B18),People!$B$2:$B$199,0)),IFERROR(INDEX(Teams!$A$2:$A$9,MATCH(TRIM($B18),Teams!$B$2:$B$9,0)),"?? CHECK NAME")))
A19: Hospitality | C19: =IF(TRIM($B19)="","",IFERROR(INDEX(People!$A$2:$A$199,MATCH(TRIM($B19),People!$B$2:$B$199,0)),IFERROR(INDEX(Teams!$A$2:$A$9,MATCH(TRIM($B19),Teams!$B$2:$B$9,0)),"?? CHECK NAME")))
C20: =IF(TRIM($B20)="","",IFERROR(INDEX(People!$A$2:$A$199,MATCH(TRIM($B20),People!$B$2:$B$199,0)),IFERROR(INDEX(Teams!$A$2:$A$9,MATCH(TRIM($B20),Teams!$B$2:$B$9,0)),"?? CHECK NAME")))
C21: =IF(TRIM($B21)="","",IFERROR(INDEX(People!$A$2:$A$199,MATCH(TRIM($B21),People!$B$2:$B$199,0)),IFERROR(INDEX(Teams!$A$2:$A$9,MATCH(TRIM($B21),Teams!$B$2:$B$9,0)),"?? CHECK NAME")))
C22: =IF(TRIM($B22)="","",IFERROR(INDEX(People!$A$2:$A$199,MATCH(TRIM($B22),People!$B$2:$B$199,0)),IFERROR(INDEX(Teams!$A$2:$A$9,MATCH(TRIM($B22),Teams!$B$2:$B$9,0)),"?? CHECK NAME")))
C23: =IF(TRIM($B23)="","",IFERROR(INDEX(People!$A$2:$A$199,MATCH(TRIM($B23),People!$B$2:$B$199,0)),IFERROR(INDEX(Teams!$A$2:$A$9,MATCH(TRIM($B23),Teams!$B$2:$B$9,0)),"?? CHECK NAME")))
A24: Creative | C24: =IF(TRIM($B24)="","",IFERROR(INDEX(People!$A$2:$A$199,MATCH(TRIM($B24),People!$B$2:$B$199,0)),IFERROR(INDEX(Teams!$A$2:$A$9,MATCH(TRIM($B24),Teams!$B$2:$B$9,0)),"?? CHECK NAME")))
C25: =IF(TRIM($B25)="","",IFERROR(INDEX(People!$A$2:$A$199,MATCH(TRIM($B25),People!$B$2:$B$199,0)),IFERROR(INDEX(Teams!$A$2:$A$9,MATCH(TRIM($B25),Teams!$B$2:$B$9,0)),"?? CHECK NAME")))
C26: =IF(TRIM($B26)="","",IFERROR(INDEX(People!$A$2:$A$199,MATCH(TRIM($B26),People!$B$2:$B$199,0)),IFERROR(INDEX(Teams!$A$2:$A$9,MATCH(TRIM($B26),Teams!$B$2:$B$9,0)),"?? CHECK NAME")))
C27: =IF(TRIM($B27)="","",IFERROR(INDEX(People!$A$2:$A$199,MATCH(TRIM($B27),People!$B$2:$B$199,0)),IFERROR(INDEX(Teams!$A$2:$A$9,MATCH(TRIM($B27),Teams!$B$2:$B$9,0)),"?? CHECK NAME")))
C28: =IF(TRIM($B28)="","",IFERROR(INDEX(People!$A$2:$A$199,MATCH(TRIM($B28),People!$B$2:$B$199,0)),IFERROR(INDEX(Teams!$A$2:$A$9,MATCH(TRIM($B28),Teams!$B$2:$B$9,0)),"?? CHECK NAME")))
A29: Registration | C29: =IF(TRIM($B29)="","",IFERROR(INDEX(People!$A$2:$A$199,MATCH(TRIM($B29),People!$B$2:$B$199,0)),IFERROR(INDEX(Teams!$A$2:$A$9,MATCH(TRIM($B29),Teams!$B$2:$B$9,0)),"?? CHECK NAME")))
C30: =IF(TRIM($B30)="","",IFERROR(INDEX(People!$A$2:$A$199,MATCH(TRIM($B30),People!$B$2:$B$199,0)),IFERROR(INDEX(Teams!$A$2:$A$9,MATCH(TRIM($B30),Teams!$B$2:$B$9,0)),"?? CHECK NAME")))
C31: =IF(TRIM($B31)="","",IFERROR(INDEX(People!$A$2:$A$199,MATCH(TRIM($B31),People!$B$2:$B$199,0)),IFERROR(INDEX(Teams!$A$2:$A$9,MATCH(TRIM($B31),Teams!$B$2:$B$9,0)),"?? CHECK NAME")))
C32: =IF(TRIM($B32)="","",IFERROR(INDEX(People!$A$2:$A$199,MATCH(TRIM($B32),People!$B$2:$B$199,0)),IFERROR(INDEX(Teams!$A$2:$A$9,MATCH(TRIM($B32),Teams!$B$2:$B$9,0)),"?? CHECK NAME")))
C33: =IF(TRIM($B33)="","",IFERROR(INDEX(People!$A$2:$A$199,MATCH(TRIM($B33),People!$B$2:$B$199,0)),IFERROR(INDEX(Teams!$A$2:$A$9,MATCH(TRIM($B33),Teams!$B$2:$B$9,0)),"?? CHECK NAME")))
A34: Head Liaisons | C34: =IF(TRIM($B34)="","",IFERROR(INDEX(People!$A$2:$A$199,MATCH(TRIM($B34),People!$B$2:$B$199,0)),IFERROR(INDEX(Teams!$A$2:$A$9,MATCH(TRIM($B34),Teams!$B$2:$B$9,0)),"?? CHECK NAME")))
C35: =IF(TRIM($B35)="","",IFERROR(INDEX(People!$A$2:$A$199,MATCH(TRIM($B35),People!$B$2:$B$199,0)),IFERROR(INDEX(Teams!$A$2:$A$9,MATCH(TRIM($B35),Teams!$B$2:$B$9,0)),"?? CHECK NAME")))
C36: =IF(TRIM($B36)="","",IFERROR(INDEX(People!$A$2:$A$199,MATCH(TRIM($B36),People!$B$2:$B$199,0)),IFERROR(INDEX(Teams!$A$2:$A$9,MATCH(TRIM($B36),Teams!$B$2:$B$9,0)),"?? CHECK NAME")))
C37: =IF(TRIM($B37)="","",IFERROR(INDEX(People!$A$2:$A$199,MATCH(TRIM($B37),People!$B$2:$B$199,0)),IFERROR(INDEX(Teams!$A$2:$A$9,MATCH(TRIM($B37),Teams!$B$2:$B$9,0)),"?? CHECK NAME")))
C38: =IF(TRIM($B38)="","",IFERROR(INDEX(People!$A$2:$A$199,MATCH(TRIM($B38),People!$B$2:$B$199,0)),IFERROR(INDEX(Teams!$A$2:$A$9,MATCH(TRIM($B38),Teams!$B$2:$B$9,0)),"?? CHECK NAME")))
A39: PR | C39: =IF(TRIM($B39)="","",IFERROR(INDEX(People!$A$2:$A$199,MATCH(TRIM($B39),People!$B$2:$B$199,0)),IFERROR(INDEX(Teams!$A$2:$A$9,MATCH(TRIM($B39),Teams!$B$2:$B$9,0)),"?? CHECK NAME")))
C40: =IF(TRIM($B40)="","",IFERROR(INDEX(People!$A$2:$A$199,MATCH(TRIM($B40),People!$B$2:$B$199,0)),IFERROR(INDEX(Teams!$A$2:$A$9,MATCH(TRIM($B40),Teams!$B$2:$B$9,0)),"?? CHECK NAME")))
C41: =IF(TRIM($B41)="","",IFERROR(INDEX(People!$A$2:$A$199,MATCH(TRIM($B41),People!$B$2:$B$199,0)),IFERROR(INDEX(Teams!$A$2:$A$9,MATCH(TRIM($B41),Teams!$B$2:$B$9,0)),"?? CHECK NAME")))
C42: =IF(TRIM($B42)="","",IFERROR(INDEX(People!$A$2:$A$199,MATCH(TRIM($B42),People!$B$2:$B$199,0)),IFERROR(INDEX(Teams!$A$2:$A$9,MATCH(TRIM($B42),Teams!$B$2:$B$9,0)),"?? CHECK NAME")))
C43: =IF(TRIM($B43)="","",IFERROR(INDEX(People!$A$2:$A$199,MATCH(TRIM($B43),People!$B$2:$B$199,0)),IFERROR(INDEX(Teams!$A$2:$A$9,MATCH(TRIM($B43),Teams!$B$2:$B$9,0)),"?? CHECK NAME")))
A44: External | C44: =IF(TRIM($B44)="","",IFERROR(INDEX(People!$A$2:$A$199,MATCH(TRIM($B44),People!$B$2:$B$199,0)),IFERROR(INDEX(Teams!$A$2:$A$9,MATCH(TRIM($B44),Teams!$B$2:$B$9,0)),"?? CHECK NAME")))
C45: =IF(TRIM($B45)="","",IFERROR(INDEX(People!$A$2:$A$199,MATCH(TRIM($B45),People!$B$2:$B$199,0)),IFERROR(INDEX(Teams!$A$2:$A$9,MATCH(TRIM($B45),Teams!$B$2:$B$9,0)),"?? CHECK NAME")))
C46: =IF(TRIM($B46)="","",IFERROR(INDEX(People!$A$2:$A$199,MATCH(TRIM($B46),People!$B$2:$B$199,0)),IFERROR(INDEX(Teams!$A$2:$A$9,MATCH(TRIM($B46),Teams!$B$2:$B$9,0)),"?? CHECK NAME")))
C47: =IF(TRIM($B47)="","",IFERROR(INDEX(People!$A$2:$A$199,MATCH(TRIM($B47),People!$B$2:$B$199,0)),IFERROR(INDEX(Teams!$A$2:$A$9,MATCH(TRIM($B47),Teams!$B$2:$B$9,0)),"?? CHECK NAME")))
C48: =IF(TRIM($B48)="","",IFERROR(INDEX(People!$A$2:$A$199,MATCH(TRIM($B48),People!$B$2:$B$199,0)),IFERROR(INDEX(Teams!$A$2:$A$9,MATCH(TRIM($B48),Teams!$B$2:$B$9,0)),"?? CHECK NAME")))
A49: Judging | C49: =IF(TRIM($B49)="","",IFERROR(INDEX(People!$A$2:$A$199,MATCH(TRIM($B49),People!$B$2:$B$199,0)),IFERROR(INDEX(Teams!$A$2:$A$9,MATCH(TRIM($B49),Teams!$B$2:$B$9,0)),"?? CHECK NAME")))
C50: =IF(TRIM($B50)="","",IFERROR(INDEX(People!$A$2:$A$199,MATCH(TRIM($B50),People!$B$2:$B$199,0)),IFERROR(INDEX(Teams!$A$2:$A$9,MATCH(TRIM($B50),Teams!$B$2:$B$9,0)),"?? CHECK NAME")))
C51: =IF(TRIM($B51)="","",IFERROR(INDEX(People!$A$2:$A$199,MATCH(TRIM($B51),People!$B$2:$B$199,0)),IFERROR(INDEX(Teams!$A$2:$A$9,MATCH(TRIM($B51),Teams!$B$2:$B$9,0)),"?? CHECK NAME")))
C52: =IF(TRIM($B52)="","",IFERROR(INDEX(People!$A$2:$A$199,MATCH(TRIM($B52),People!$B$2:$B$199,0)),IFERROR(INDEX(Teams!$A$2:$A$9,MATCH(TRIM($B52),Teams!$B$2:$B$9,0)),"?? CHECK NAME")))
C53: =IF(TRIM($B53)="","",IFERROR(INDEX(People!$A$2:$A$199,MATCH(TRIM($B53),People!$B$2:$B$199,0)),IFERROR(INDEX(Teams!$A$2:$A$9,MATCH(TRIM($B53),Teams!$B$2:$B$9,0)),"?? CHECK NAME")))
A54: Fundraising | C54: =IF(TRIM($B54)="","",IFERROR(INDEX(People!$A$2:$A$199,MATCH(TRIM($B54),People!$B$2:$B$199,0)),IFERROR(INDEX(Teams!$A$2:$A$9,MATCH(TRIM($B54),Teams!$B$2:$B$9,0)),"?? CHECK NAME")))
C55: =IF(TRIM($B55)="","",IFERROR(INDEX(People!$A$2:$A$199,MATCH(TRIM($B55),People!$B$2:$B$199,0)),IFERROR(INDEX(Teams!$A$2:$A$9,MATCH(TRIM($B55),Teams!$B$2:$B$9,0)),"?? CHECK NAME")))
C56: =IF(TRIM($B56)="","",IFERROR(INDEX(People!$A$2:$A$199,MATCH(TRIM($B56),People!$B$2:$B$199,0)),IFERROR(INDEX(Teams!$A$2:$A$9,MATCH(TRIM($B56),Teams!$B$2:$B$9,0)),"?? CHECK NAME")))
C57: =IF(TRIM($B57)="","",IFERROR(INDEX(People!$A$2:$A$199,MATCH(TRIM($B57),People!$B$2:$B$199,0)),IFERROR(INDEX(Teams!$A$2:$A$9,MATCH(TRIM($B57),Teams!$B$2:$B$9,0)),"?? CHECK NAME")))
C58: =IF(TRIM($B58)="","",IFERROR(INDEX(People!$A$2:$A$199,MATCH(TRIM($B58),People!$B$2:$B$199,0)),IFERROR(INDEX(Teams!$A$2:$A$9,MATCH(TRIM($B58),Teams!$B$2:$B$9,0)),"?? CHECK NAME")))
A59: Campus Wellness | C59: =IF(TRIM($B59)="","",IFERROR(INDEX(People!$A$2:$A$199,MATCH(TRIM($B59),People!$B$2:$B$199,0)),IFERROR(INDEX(Teams!$A$2:$A$9,MATCH(TRIM($B59),Teams!$B$2:$B$9,0)),"?? CHECK NAME")))
C60: =IF(TRIM($B60)="","",IFERROR(INDEX(People!$A$2:$A$199,MATCH(TRIM($B60),People!$B$2:$B$199,0)),IFERROR(INDEX(Teams!$A$2:$A$9,MATCH(TRIM($B60),Teams!$B$2:$B$9,0)),"?? CHECK NAME")))
C61: =IF(TRIM($B61)="","",IFERROR(INDEX(People!$A$2:$A$199,MATCH(TRIM($B61),People!$B$2:$B$199,0)),IFERROR(INDEX(Teams!$A$2:$A$9,MATCH(TRIM($B61),Teams!$B$2:$B$9,0)),"?? CHECK NAME")))
C62: =IF(TRIM($B62)="","",IFERROR(INDEX(People!$A$2:$A$199,MATCH(TRIM($B62),People!$B$2:$B$199,0)),IFERROR(INDEX(Teams!$A$2:$A$9,MATCH(TRIM($B62),Teams!$B$2:$B$9,0)),"?? CHECK NAME")))
C63: =IF(TRIM($B63)="","",IFERROR(INDEX(People!$A$2:$A$199,MATCH(TRIM($B63),People!$B$2:$B$199,0)),IFERROR(INDEX(Teams!$A$2:$A$9,MATCH(TRIM($B63),Teams!$B$2:$B$9,0)),"?? CHECK NAME")))
A64: FreshReps | C64: =IF(TRIM($B64)="","",IFERROR(INDEX(People!$A$2:$A$199,MATCH(TRIM($B64),People!$B$2:$B$199,0)),IFERROR(INDEX(Teams!$A$2:$A$9,MATCH(TRIM($B64),Teams!$B$2:$B$9,0)),"?? CHECK NAME")))
C65: =IF(TRIM($B65)="","",IFERROR(INDEX(People!$A$2:$A$199,MATCH(TRIM($B65),People!$B$2:$B$199,0)),IFERROR(INDEX(Teams!$A$2:$A$9,MATCH(TRIM($B65),Teams!$B$2:$B$9,0)),"?? CHECK NAME")))
C66: =IF(TRIM($B66)="","",IFERROR(INDEX(People!$A$2:$A$199,MATCH(TRIM($B66),People!$B$2:$B$199,0)),IFERROR(INDEX(Teams!$A$2:$A$9,MATCH(TRIM($B66),Teams!$B$2:$B$9,0)),"?? CHECK NAME")))
C67: =IF(TRIM($B67)="","",IFERROR(INDEX(People!$A$2:$A$199,MATCH(TRIM($B67),People!$B$2:$B$199,0)),IFERROR(INDEX(Teams!$A$2:$A$9,MATCH(TRIM($B67),Teams!$B$2:$B$9,0)),"?? CHECK NAME")))
C68: =IF(TRIM($B68)="","",IFERROR(INDEX(People!$A$2:$A$199,MATCH(TRIM($B68),People!$B$2:$B$199,0)),IFERROR(INDEX(Teams!$A$2:$A$9,MATCH(TRIM($B68),Teams!$B$2:$B$9,0)),"?? CHECK NAME")))
A69: SHOW ORDER SLOTS — fill Show Order on the Teams tab and these resolve to teams
A70: =IFERROR(INDEX(Teams!$B$2:$B$9,MATCH($C70,Teams!$A$2:$A$9,0)),"(not drawn)") -> (not drawn) | B70: Show Order 1 | C70: =IF(TRIM($B70)="","",IFERROR(INDEX(Teams!$A$2:$A$9,MATCH(IFERROR(VALUE(TRIM(SUBSTITUTE(UPPER(TRIM($B70)),"SHOW ORDER",""))),-1),Teams!$D$2:$D$9,0)),"(not drawn)")) -> (not drawn)
A71: =IFERROR(INDEX(Teams!$B$2:$B$9,MATCH($C71,Teams!$A$2:$A$9,0)),"(not drawn)") -> (not drawn) | B71: Show Order 2 | C71: =IF(TRIM($B71)="","",IFERROR(INDEX(Teams!$A$2:$A$9,MATCH(IFERROR(VALUE(TRIM(SUBSTITUTE(UPPER(TRIM($B71)),"SHOW ORDER",""))),-1),Teams!$D$2:$D$9,0)),"(not drawn)")) -> (not drawn)
A72: =IFERROR(INDEX(Teams!$B$2:$B$9,MATCH($C72,Teams!$A$2:$A$9,0)),"(not drawn)") -> (not drawn) | B72: Show Order 3 | C72: =IF(TRIM($B72)="","",IFERROR(INDEX(Teams!$A$2:$A$9,MATCH(IFERROR(VALUE(TRIM(SUBSTITUTE(UPPER(TRIM($B72)),"SHOW ORDER",""))),-1),Teams!$D$2:$D$9,0)),"(not drawn)")) -> (not drawn)
A73: =IFERROR(INDEX(Teams!$B$2:$B$9,MATCH($C73,Teams!$A$2:$A$9,0)),"(not drawn)") -> (not drawn) | B73: Show Order 4 | C73: =IF(TRIM($B73)="","",IFERROR(INDEX(Teams!$A$2:$A$9,MATCH(IFERROR(VALUE(TRIM(SUBSTITUTE(UPPER(TRIM($B73)),"SHOW ORDER",""))),-1),Teams!$D$2:$D$9,0)),"(not drawn)")) -> (not drawn)
A74: =IFERROR(INDEX(Teams!$B$2:$B$9,MATCH($C74,Teams!$A$2:$A$9,0)),"(not drawn)") -> (not drawn) | B74: Show Order 5 | C74: =IF(TRIM($B74)="","",IFERROR(INDEX(Teams!$A$2:$A$9,MATCH(IFERROR(VALUE(TRIM(SUBSTITUTE(UPPER(TRIM($B74)),"SHOW ORDER",""))),-1),Teams!$D$2:$D$9,0)),"(not drawn)")) -> (not drawn)
A75: =IFERROR(INDEX(Teams!$B$2:$B$9,MATCH($C75,Teams!$A$2:$A$9,0)),"(not drawn)") -> (not drawn) | B75: Show Order 6 | C75: =IF(TRIM($B75)="","",IFERROR(INDEX(Teams!$A$2:$A$9,MATCH(IFERROR(VALUE(TRIM(SUBSTITUTE(UPPER(TRIM($B75)),"SHOW ORDER",""))),-1),Teams!$D$2:$D$9,0)),"(not drawn)")) -> (not drawn)
A76: =IFERROR(INDEX(Teams!$B$2:$B$9,MATCH($C76,Teams!$A$2:$A$9,0)),"(not drawn)") -> (not drawn) | B76: Show Order 7 | C76: =IF(TRIM($B76)="","",IFERROR(INDEX(Teams!$A$2:$A$9,MATCH(IFERROR(VALUE(TRIM(SUBSTITUTE(UPPER(TRIM($B76)),"SHOW ORDER",""))),-1),Teams!$D$2:$D$9,0)),"(not drawn)")) -> (not drawn)
A77: =IFERROR(INDEX(Teams!$B$2:$B$9,MATCH($C77,Teams!$A$2:$A$9,0)),"(not drawn)") -> (not drawn) | B77: Show Order 8 | C77: =IF(TRIM($B77)="","",IFERROR(INDEX(Teams!$A$2:$A$9,MATCH(IFERROR(VALUE(TRIM(SUBSTITUTE(UPPER(TRIM($B77)),"SHOW ORDER",""))),-1),Teams!$D$2:$D$9,0)),"(not drawn)")) -> (not drawn)
A78: JUDGES, VIDEOGRAPHERS & RAS REPS
A79: Judges | B79: All Judges | C79: ROLE-JUDGES
A80: Videographers | B80: All Videographers | C80: ROLE-VIDEO
A81: RAS Reps | C81: =IF(TRIM($B81)="","",IFERROR(INDEX(People!$A$2:$A$199,MATCH(TRIM($B81),People!$B$2:$B$199,0)),IFERROR(INDEX(Teams!$A$2:$A$9,MATCH(TRIM($B81),Teams!$B$2:$B$9,0)),"?? CHECK NAME")))
C82: =IF(TRIM($B82)="","",IFERROR(INDEX(People!$A$2:$A$199,MATCH(TRIM($B82),People!$B$2:$B$199,0)),IFERROR(INDEX(Teams!$A$2:$A$9,MATCH(TRIM($B82),Teams!$B$2:$B$9,0)),"?? CHECK NAME")))
C83: =IF(TRIM($B83)="","",IFERROR(INDEX(People!$A$2:$A$199,MATCH(TRIM($B83),People!$B$2:$B$199,0)),IFERROR(INDEX(Teams!$A$2:$A$9,MATCH(TRIM($B83),Teams!$B$2:$B$9,0)),"?? CHECK NAME")))
C84: =IF(TRIM($B84)="","",IFERROR(INDEX(People!$A$2:$A$199,MATCH(TRIM($B84),People!$B$2:$B$199,0)),IFERROR(INDEX(Teams!$A$2:$A$9,MATCH(TRIM($B84),Teams!$B$2:$B$9,0)),"?? CHECK NAME")))
C85: =IF(TRIM($B85)="","",IFERROR(INDEX(People!$A$2:$A$199,MATCH(TRIM($B85),People!$B$2:$B$199,0)),IFERROR(INDEX(Teams!$A$2:$A$9,MATCH(TRIM($B85),Teams!$B$2:$B$9,0)),"?? CHECK NAME")))
A86: LIAISONS — in show order; names come from the People tab
A87: =IFERROR("Show Order "&1&" — "&INDEX(Teams!$B$2:$B$9,MATCH(1,Teams!$D$2:$D$9,0)),"Show Order "&1&" — (not drawn)") -> Show Order 1 — (not drawn) | B87: =IFERROR(INDEX(People!$B$2:$B$199,MATCH(INDEX(Teams!$B$2:$B$9,MATCH(1,Teams!$D$2:$D$9,0))&"#"&1,People!$H$2:$H$199,0)),"") | C87: =IF(TRIM($B87)="","",IFERROR(INDEX(People!$A$2:$A$199,MATCH(TRIM($B87),People!$B$2:$B$199,0)),"?? CHECK NAME"))
B88: =IFERROR(INDEX(People!$B$2:$B$199,MATCH(INDEX(Teams!$B$2:$B$9,MATCH(1,Teams!$D$2:$D$9,0))&"#"&2,People!$H$2:$H$199,0)),"") | C88: =IF(TRIM($B88)="","",IFERROR(INDEX(People!$A$2:$A$199,MATCH(TRIM($B88),People!$B$2:$B$199,0)),"?? CHECK NAME"))
B89: =IFERROR(INDEX(People!$B$2:$B$199,MATCH(INDEX(Teams!$B$2:$B$9,MATCH(1,Teams!$D$2:$D$9,0))&"#"&3,People!$H$2:$H$199,0)),"") | C89: =IF(TRIM($B89)="","",IFERROR(INDEX(People!$A$2:$A$199,MATCH(TRIM($B89),People!$B$2:$B$199,0)),"?? CHECK NAME"))
B90: =IFERROR(INDEX(People!$B$2:$B$199,MATCH(INDEX(Teams!$B$2:$B$9,MATCH(1,Teams!$D$2:$D$9,0))&"#"&4,People!$H$2:$H$199,0)),"") | C90: =IF(TRIM($B90)="","",IFERROR(INDEX(People!$A$2:$A$199,MATCH(TRIM($B90),People!$B$2:$B$199,0)),"?? CHECK NAME"))
B91: =IFERROR(INDEX(People!$B$2:$B$199,MATCH(INDEX(Teams!$B$2:$B$9,MATCH(1,Teams!$D$2:$D$9,0))&"#"&5,People!$H$2:$H$199,0)),"") | C91: =IF(TRIM($B91)="","",IFERROR(INDEX(People!$A$2:$A$199,MATCH(TRIM($B91),People!$B$2:$B$199,0)),"?? CHECK NAME"))
A92: =IFERROR("Show Order "&2&" — "&INDEX(Teams!$B$2:$B$9,MATCH(2,Teams!$D$2:$D$9,0)),"Show Order "&2&" — (not drawn)") -> Show Order 2 — (not drawn) | B92: =IFERROR(INDEX(People!$B$2:$B$199,MATCH(INDEX(Teams!$B$2:$B$9,MATCH(2,Teams!$D$2:$D$9,0))&"#"&1,People!$H$2:$H$199,0)),"") | C92: =IF(TRIM($B92)="","",IFERROR(INDEX(People!$A$2:$A$199,MATCH(TRIM($B92),People!$B$2:$B$199,0)),"?? CHECK NAME"))
B93: =IFERROR(INDEX(People!$B$2:$B$199,MATCH(INDEX(Teams!$B$2:$B$9,MATCH(2,Teams!$D$2:$D$9,0))&"#"&2,People!$H$2:$H$199,0)),"") | C93: =IF(TRIM($B93)="","",IFERROR(INDEX(People!$A$2:$A$199,MATCH(TRIM($B93),People!$B$2:$B$199,0)),"?? CHECK NAME"))
B94: =IFERROR(INDEX(People!$B$2:$B$199,MATCH(INDEX(Teams!$B$2:$B$9,MATCH(2,Teams!$D$2:$D$9,0))&"#"&3,People!$H$2:$H$199,0)),"") | C94: =IF(TRIM($B94)="","",IFERROR(INDEX(People!$A$2:$A$199,MATCH(TRIM($B94),People!$B$2:$B$199,0)),"?? CHECK NAME"))
B95: =IFERROR(INDEX(People!$B$2:$B$199,MATCH(INDEX(Teams!$B$2:$B$9,MATCH(2,Teams!$D$2:$D$9,0))&"#"&4,People!$H$2:$H$199,0)),"") | C95: =IF(TRIM($B95)="","",IFERROR(INDEX(People!$A$2:$A$199,MATCH(TRIM($B95),People!$B$2:$B$199,0)),"?? CHECK NAME"))
B96: =IFERROR(INDEX(People!$B$2:$B$199,MATCH(INDEX(Teams!$B$2:$B$9,MATCH(2,Teams!$D$2:$D$9,0))&"#"&5,People!$H$2:$H$199,0)),"") | C96: =IF(TRIM($B96)="","",IFERROR(INDEX(People!$A$2:$A$199,MATCH(TRIM($B96),People!$B$2:$B$199,0)),"?? CHECK NAME"))
A97: =IFERROR("Show Order "&3&" — "&INDEX(Teams!$B$2:$B$9,MATCH(3,Teams!$D$2:$D$9,0)),"Show Order "&3&" — (not drawn)") -> Show Order 3 — (not drawn) | B97: =IFERROR(INDEX(People!$B$2:$B$199,MATCH(INDEX(Teams!$B$2:$B$9,MATCH(3,Teams!$D$2:$D$9,0))&"#"&1,People!$H$2:$H$199,0)),"") | C97: =IF(TRIM($B97)="","",IFERROR(INDEX(People!$A$2:$A$199,MATCH(TRIM($B97),People!$B$2:$B$199,0)),"?? CHECK NAME"))
B98: =IFERROR(INDEX(People!$B$2:$B$199,MATCH(INDEX(Teams!$B$2:$B$9,MATCH(3,Teams!$D$2:$D$9,0))&"#"&2,People!$H$2:$H$199,0)),"") | C98: =IF(TRIM($B98)="","",IFERROR(INDEX(People!$A$2:$A$199,MATCH(TRIM($B98),People!$B$2:$B$199,0)),"?? CHECK NAME"))
B99: =IFERROR(INDEX(People!$B$2:$B$199,MATCH(INDEX(Teams!$B$2:$B$9,MATCH(3,Teams!$D$2:$D$9,0))&"#"&3,People!$H$2:$H$199,0)),"") | C99: =IF(TRIM($B99)="","",IFERROR(INDEX(People!$A$2:$A$199,MATCH(TRIM($B99),People!$B$2:$B$199,0)),"?? CHECK NAME"))
B100: =IFERROR(INDEX(People!$B$2:$B$199,MATCH(INDEX(Teams!$B$2:$B$9,MATCH(3,Teams!$D$2:$D$9,0))&"#"&4,People!$H$2:$H$199,0)),"") | C100: =IF(TRIM($B100)="","",IFERROR(INDEX(People!$A$2:$A$199,MATCH(TRIM($B100),People!$B$2:$B$199,0)),"?? CHECK NAME"))
...

Sheet Sunday
A1: Group | B1: Name | C1: ID | D1: =Instructions!$C$14+2 -> 46243
D2: 0.125 | E2: 0.13541667 | F2: 0.14583333 | G2: 0.15625 | H2: 0.16666667 | I2: 0.17708333 | J2: 0.1875 | K2: 0.19791667 | L2: 0.20833333 | M2: 0.21875 | N2: 0.22916667 | O2: 0.23958333 | P2: 0.25 | Q2: 0.26041667 | R2: 0.27083333 | S2: 0.28125 | T2: 0.29166667 | U2: 0.30208333 | V2: 0.3125 | W2: 0.32291667 | X2: 0.33333333 | Y2: 0.34375 | Z2: 0.35416667 | AA2: 0.36458333 | AB2: 0.375 | AC2: 0.38541667 | AD2: 0.39583333 | AE2: 0.40625 | AF2: 0.41666667 | AG2: 0.42708333 | AH2: 0.4375 | AI2: 0.44791667 | AJ2: 0.45833333 | AK2: 0.46875 | AL2: 0.47916667 | AM2: 0.48958333 | AN2: 0.5 | AO2: 0.51041667 | AP2: 0.52083333 | AQ2: 0.53125 | AR2: 0.54166667 | AS2: 0.55208333 | AT2: 0.5625 | AU2: 0.57291667 | AV2: 0.58333333 | AW2: 0.59375 | AX2: 0.60416667 | AY2: 0.61458333 | AZ2: 0.625 | BA2: 0.63541667 | BB2: 0.64583333 | BC2: 0.65625 | BD2: 0.66666667 | BE2: 0.67708333 | BF2: 0.6875 | BG2: 0.69791667 | BH2: 0.70833333 | BI2: 0.71875 | BJ2: 0.72916667 | BK2: 0.73958333 | BL2: 0.75 | BM2: 0.76041667 | BN2: 0.77083333 | BO2: 0.78125 | BP2: 0.79166667 | BQ2: 0.80208333 | BR2: 0.8125 | BS2: 0.82291667 | BT2: 0.83333333 | BU2: 0.84375 | BV2: 0.85416667 | BW2: 0.86458333
A3: BOARD MEMBERS
A4: Directors | C4: =IF(TRIM($B4)="","",IFERROR(INDEX(People!$A$2:$A$199,MATCH(TRIM($B4),People!$B$2:$B$199,0)),IFERROR(INDEX(Teams!$A$2:$A$9,MATCH(TRIM($B4),Teams!$B$2:$B$9,0)),"?? CHECK NAME")))
C5: =IF(TRIM($B5)="","",IFERROR(INDEX(People!$A$2:$A$199,MATCH(TRIM($B5),People!$B$2:$B$199,0)),IFERROR(INDEX(Teams!$A$2:$A$9,MATCH(TRIM($B5),Teams!$B$2:$B$9,0)),"?? CHECK NAME")))
C6: =IF(TRIM($B6)="","",IFERROR(INDEX(People!$A$2:$A$199,MATCH(TRIM($B6),People!$B$2:$B$199,0)),IFERROR(INDEX(Teams!$A$2:$A$9,MATCH(TRIM($B6),Teams!$B$2:$B$9,0)),"?? CHECK NAME")))
C7: =IF(TRIM($B7)="","",IFERROR(INDEX(People!$A$2:$A$199,MATCH(TRIM($B7),People!$B$2:$B$199,0)),IFERROR(INDEX(Teams!$A$2:$A$9,MATCH(TRIM($B7),Teams!$B$2:$B$9,0)),"?? CHECK NAME")))
C8: =IF(TRIM($B8)="","",IFERROR(INDEX(People!$A$2:$A$199,MATCH(TRIM($B8),People!$B$2:$B$199,0)),IFERROR(INDEX(Teams!$A$2:$A$9,MATCH(TRIM($B8),Teams!$B$2:$B$9,0)),"?? CHECK NAME")))
A9: Senior Advisors | C9: =IF(TRIM($B9)="","",IFERROR(INDEX(People!$A$2:$A$199,MATCH(TRIM($B9),People!$B$2:$B$199,0)),IFERROR(INDEX(Teams!$A$2:$A$9,MATCH(TRIM($B9),Teams!$B$2:$B$9,0)),"?? CHECK NAME")))
C10: =IF(TRIM($B10)="","",IFERROR(INDEX(People!$A$2:$A$199,MATCH(TRIM($B10),People!$B$2:$B$199,0)),IFERROR(INDEX(Teams!$A$2:$A$9,MATCH(TRIM($B10),Teams!$B$2:$B$9,0)),"?? CHECK NAME")))
C11: =IF(TRIM($B11)="","",IFERROR(INDEX(People!$A$2:$A$199,MATCH(TRIM($B11),People!$B$2:$B$199,0)),IFERROR(INDEX(Teams!$A$2:$A$9,MATCH(TRIM($B11),Teams!$B$2:$B$9,0)),"?? CHECK NAME")))
C12: =IF(TRIM($B12)="","",IFERROR(INDEX(People!$A$2:$A$199,MATCH(TRIM($B12),People!$B$2:$B$199,0)),IFERROR(INDEX(Teams!$A$2:$A$9,MATCH(TRIM($B12),Teams!$B$2:$B$9,0)),"?? CHECK NAME")))
C13: =IF(TRIM($B13)="","",IFERROR(INDEX(People!$A$2:$A$199,MATCH(TRIM($B13),People!$B$2:$B$199,0)),IFERROR(INDEX(Teams!$A$2:$A$9,MATCH(TRIM($B13),Teams!$B$2:$B$9,0)),"?? CHECK NAME")))
A14: Logistics | C14: =IF(TRIM($B14)="","",IFERROR(INDEX(People!$A$2:$A$199,MATCH(TRIM($B14),People!$B$2:$B$199,0)),IFERROR(INDEX(Teams!$A$2:$A$9,MATCH(TRIM($B14),Teams!$B$2:$B$9,0)),"?? CHECK NAME")))
C15: =IF(TRIM($B15)="","",IFERROR(INDEX(People!$A$2:$A$199,MATCH(TRIM($B15),People!$B$2:$B$199,0)),IFERROR(INDEX(Teams!$A$2:$A$9,MATCH(TRIM($B15),Teams!$B$2:$B$9,0)),"?? CHECK NAME")))
C16: =IF(TRIM($B16)="","",IFERROR(INDEX(People!$A$2:$A$199,MATCH(TRIM($B16),People!$B$2:$B$199,0)),IFERROR(INDEX(Teams!$A$2:$A$9,MATCH(TRIM($B16),Teams!$B$2:$B$9,0)),"?? CHECK NAME")))
C17: =IF(TRIM($B17)="","",IFERROR(INDEX(People!$A$2:$A$199,MATCH(TRIM($B17),People!$B$2:$B$199,0)),IFERROR(INDEX(Teams!$A$2:$A$9,MATCH(TRIM($B17),Teams!$B$2:$B$9,0)),"?? CHECK NAME")))
C18: =IF(TRIM($B18)="","",IFERROR(INDEX(People!$A$2:$A$199,MATCH(TRIM($B18),People!$B$2:$B$199,0)),IFERROR(INDEX(Teams!$A$2:$A$9,MATCH(TRIM($B18),Teams!$B$2:$B$9,0)),"?? CHECK NAME")))
A19: Hospitality | C19: =IF(TRIM($B19)="","",IFERROR(INDEX(People!$A$2:$A$199,MATCH(TRIM($B19),People!$B$2:$B$199,0)),IFERROR(INDEX(Teams!$A$2:$A$9,MATCH(TRIM($B19),Teams!$B$2:$B$9,0)),"?? CHECK NAME")))
C20: =IF(TRIM($B20)="","",IFERROR(INDEX(People!$A$2:$A$199,MATCH(TRIM($B20),People!$B$2:$B$199,0)),IFERROR(INDEX(Teams!$A$2:$A$9,MATCH(TRIM($B20),Teams!$B$2:$B$9,0)),"?? CHECK NAME")))
C21: =IF(TRIM($B21)="","",IFERROR(INDEX(People!$A$2:$A$199,MATCH(TRIM($B21),People!$B$2:$B$199,0)),IFERROR(INDEX(Teams!$A$2:$A$9,MATCH(TRIM($B21),Teams!$B$2:$B$9,0)),"?? CHECK NAME")))
C22: =IF(TRIM($B22)="","",IFERROR(INDEX(People!$A$2:$A$199,MATCH(TRIM($B22),People!$B$2:$B$199,0)),IFERROR(INDEX(Teams!$A$2:$A$9,MATCH(TRIM($B22),Teams!$B$2:$B$9,0)),"?? CHECK NAME")))
C23: =IF(TRIM($B23)="","",IFERROR(INDEX(People!$A$2:$A$199,MATCH(TRIM($B23),People!$B$2:$B$199,0)),IFERROR(INDEX(Teams!$A$2:$A$9,MATCH(TRIM($B23),Teams!$B$2:$B$9,0)),"?? CHECK NAME")))
A24: Creative | C24: =IF(TRIM($B24)="","",IFERROR(INDEX(People!$A$2:$A$199,MATCH(TRIM($B24),People!$B$2:$B$199,0)),IFERROR(INDEX(Teams!$A$2:$A$9,MATCH(TRIM($B24),Teams!$B$2:$B$9,0)),"?? CHECK NAME")))
C25: =IF(TRIM($B25)="","",IFERROR(INDEX(People!$A$2:$A$199,MATCH(TRIM($B25),People!$B$2:$B$199,0)),IFERROR(INDEX(Teams!$A$2:$A$9,MATCH(TRIM($B25),Teams!$B$2:$B$9,0)),"?? CHECK NAME")))
C26: =IF(TRIM($B26)="","",IFERROR(INDEX(People!$A$2:$A$199,MATCH(TRIM($B26),People!$B$2:$B$199,0)),IFERROR(INDEX(Teams!$A$2:$A$9,MATCH(TRIM($B26),Teams!$B$2:$B$9,0)),"?? CHECK NAME")))
C27: =IF(TRIM($B27)="","",IFERROR(INDEX(People!$A$2:$A$199,MATCH(TRIM($B27),People!$B$2:$B$199,0)),IFERROR(INDEX(Teams!$A$2:$A$9,MATCH(TRIM($B27),Teams!$B$2:$B$9,0)),"?? CHECK NAME")))
C28: =IF(TRIM($B28)="","",IFERROR(INDEX(People!$A$2:$A$199,MATCH(TRIM($B28),People!$B$2:$B$199,0)),IFERROR(INDEX(Teams!$A$2:$A$9,MATCH(TRIM($B28),Teams!$B$2:$B$9,0)),"?? CHECK NAME")))
A29: Registration | C29: =IF(TRIM($B29)="","",IFERROR(INDEX(People!$A$2:$A$199,MATCH(TRIM($B29),People!$B$2:$B$199,0)),IFERROR(INDEX(Teams!$A$2:$A$9,MATCH(TRIM($B29),Teams!$B$2:$B$9,0)),"?? CHECK NAME")))
C30: =IF(TRIM($B30)="","",IFERROR(INDEX(People!$A$2:$A$199,MATCH(TRIM($B30),People!$B$2:$B$199,0)),IFERROR(INDEX(Teams!$A$2:$A$9,MATCH(TRIM($B30),Teams!$B$2:$B$9,0)),"?? CHECK NAME")))
C31: =IF(TRIM($B31)="","",IFERROR(INDEX(People!$A$2:$A$199,MATCH(TRIM($B31),People!$B$2:$B$199,0)),IFERROR(INDEX(Teams!$A$2:$A$9,MATCH(TRIM($B31),Teams!$B$2:$B$9,0)),"?? CHECK NAME")))
C32: =IF(TRIM($B32)="","",IFERROR(INDEX(People!$A$2:$A$199,MATCH(TRIM($B32),People!$B$2:$B$199,0)),IFERROR(INDEX(Teams!$A$2:$A$9,MATCH(TRIM($B32),Teams!$B$2:$B$9,0)),"?? CHECK NAME")))
C33: =IF(TRIM($B33)="","",IFERROR(INDEX(People!$A$2:$A$199,MATCH(TRIM($B33),People!$B$2:$B$199,0)),IFERROR(INDEX(Teams!$A$2:$A$9,MATCH(TRIM($B33),Teams!$B$2:$B$9,0)),"?? CHECK NAME")))
A34: Head Liaisons | C34: =IF(TRIM($B34)="","",IFERROR(INDEX(People!$A$2:$A$199,MATCH(TRIM($B34),People!$B$2:$B$199,0)),IFERROR(INDEX(Teams!$A$2:$A$9,MATCH(TRIM($B34),Teams!$B$2:$B$9,0)),"?? CHECK NAME")))
C35: =IF(TRIM($B35)="","",IFERROR(INDEX(People!$A$2:$A$199,MATCH(TRIM($B35),People!$B$2:$B$199,0)),IFERROR(INDEX(Teams!$A$2:$A$9,MATCH(TRIM($B35),Teams!$B$2:$B$9,0)),"?? CHECK NAME")))
C36: =IF(TRIM($B36)="","",IFERROR(INDEX(People!$A$2:$A$199,MATCH(TRIM($B36),People!$B$2:$B$199,0)),IFERROR(INDEX(Teams!$A$2:$A$9,MATCH(TRIM($B36),Teams!$B$2:$B$9,0)),"?? CHECK NAME")))
C37: =IF(TRIM($B37)="","",IFERROR(INDEX(People!$A$2:$A$199,MATCH(TRIM($B37),People!$B$2:$B$199,0)),IFERROR(INDEX(Teams!$A$2:$A$9,MATCH(TRIM($B37),Teams!$B$2:$B$9,0)),"?? CHECK NAME")))
C38: =IF(TRIM($B38)="","",IFERROR(INDEX(People!$A$2:$A$199,MATCH(TRIM($B38),People!$B$2:$B$199,0)),IFERROR(INDEX(Teams!$A$2:$A$9,MATCH(TRIM($B38),Teams!$B$2:$B$9,0)),"?? CHECK NAME")))
A39: PR | C39: =IF(TRIM($B39)="","",IFERROR(INDEX(People!$A$2:$A$199,MATCH(TRIM($B39),People!$B$2:$B$199,0)),IFERROR(INDEX(Teams!$A$2:$A$9,MATCH(TRIM($B39),Teams!$B$2:$B$9,0)),"?? CHECK NAME")))
C40: =IF(TRIM($B40)="","",IFERROR(INDEX(People!$A$2:$A$199,MATCH(TRIM($B40),People!$B$2:$B$199,0)),IFERROR(INDEX(Teams!$A$2:$A$9,MATCH(TRIM($B40),Teams!$B$2:$B$9,0)),"?? CHECK NAME")))
C41: =IF(TRIM($B41)="","",IFERROR(INDEX(People!$A$2:$A$199,MATCH(TRIM($B41),People!$B$2:$B$199,0)),IFERROR(INDEX(Teams!$A$2:$A$9,MATCH(TRIM($B41),Teams!$B$2:$B$9,0)),"?? CHECK NAME")))
C42: =IF(TRIM($B42)="","",IFERROR(INDEX(People!$A$2:$A$199,MATCH(TRIM($B42),People!$B$2:$B$199,0)),IFERROR(INDEX(Teams!$A$2:$A$9,MATCH(TRIM($B42),Teams!$B$2:$B$9,0)),"?? CHECK NAME")))
C43: =IF(TRIM($B43)="","",IFERROR(INDEX(People!$A$2:$A$199,MATCH(TRIM($B43),People!$B$2:$B$199,0)),IFERROR(INDEX(Teams!$A$2:$A$9,MATCH(TRIM($B43),Teams!$B$2:$B$9,0)),"?? CHECK NAME")))
A44: External | C44: =IF(TRIM($B44)="","",IFERROR(INDEX(People!$A$2:$A$199,MATCH(TRIM($B44),People!$B$2:$B$199,0)),IFERROR(INDEX(Teams!$A$2:$A$9,MATCH(TRIM($B44),Teams!$B$2:$B$9,0)),"?? CHECK NAME")))
C45: =IF(TRIM($B45)="","",IFERROR(INDEX(People!$A$2:$A$199,MATCH(TRIM($B45),People!$B$2:$B$199,0)),IFERROR(INDEX(Teams!$A$2:$A$9,MATCH(TRIM($B45),Teams!$B$2:$B$9,0)),"?? CHECK NAME")))
C46: =IF(TRIM($B46)="","",IFERROR(INDEX(People!$A$2:$A$199,MATCH(TRIM($B46),People!$B$2:$B$199,0)),IFERROR(INDEX(Teams!$A$2:$A$9,MATCH(TRIM($B46),Teams!$B$2:$B$9,0)),"?? CHECK NAME")))
C47: =IF(TRIM($B47)="","",IFERROR(INDEX(People!$A$2:$A$199,MATCH(TRIM($B47),People!$B$2:$B$199,0)),IFERROR(INDEX(Teams!$A$2:$A$9,MATCH(TRIM($B47),Teams!$B$2:$B$9,0)),"?? CHECK NAME")))
C48: =IF(TRIM($B48)="","",IFERROR(INDEX(People!$A$2:$A$199,MATCH(TRIM($B48),People!$B$2:$B$199,0)),IFERROR(INDEX(Teams!$A$2:$A$9,MATCH(TRIM($B48),Teams!$B$2:$B$9,0)),"?? CHECK NAME")))
A49: Judging | C49: =IF(TRIM($B49)="","",IFERROR(INDEX(People!$A$2:$A$199,MATCH(TRIM($B49),People!$B$2:$B$199,0)),IFERROR(INDEX(Teams!$A$2:$A$9,MATCH(TRIM($B49),Teams!$B$2:$B$9,0)),"?? CHECK NAME")))
C50: =IF(TRIM($B50)="","",IFERROR(INDEX(People!$A$2:$A$199,MATCH(TRIM($B50),People!$B$2:$B$199,0)),IFERROR(INDEX(Teams!$A$2:$A$9,MATCH(TRIM($B50),Teams!$B$2:$B$9,0)),"?? CHECK NAME")))
C51: =IF(TRIM($B51)="","",IFERROR(INDEX(People!$A$2:$A$199,MATCH(TRIM($B51),People!$B$2:$B$199,0)),IFERROR(INDEX(Teams!$A$2:$A$9,MATCH(TRIM($B51),Teams!$B$2:$B$9,0)),"?? CHECK NAME")))
C52: =IF(TRIM($B52)="","",IFERROR(INDEX(People!$A$2:$A$199,MATCH(TRIM($B52),People!$B$2:$B$199,0)),IFERROR(INDEX(Teams!$A$2:$A$9,MATCH(TRIM($B52),Teams!$B$2:$B$9,0)),"?? CHECK NAME")))
C53: =IF(TRIM($B53)="","",IFERROR(INDEX(People!$A$2:$A$199,MATCH(TRIM($B53),People!$B$2:$B$199,0)),IFERROR(INDEX(Teams!$A$2:$A$9,MATCH(TRIM($B53),Teams!$B$2:$B$9,0)),"?? CHECK NAME")))
A54: Fundraising | C54: =IF(TRIM($B54)="","",IFERROR(INDEX(People!$A$2:$A$199,MATCH(TRIM($B54),People!$B$2:$B$199,0)),IFERROR(INDEX(Teams!$A$2:$A$9,MATCH(TRIM($B54),Teams!$B$2:$B$9,0)),"?? CHECK NAME")))
C55: =IF(TRIM($B55)="","",IFERROR(INDEX(People!$A$2:$A$199,MATCH(TRIM($B55),People!$B$2:$B$199,0)),IFERROR(INDEX(Teams!$A$2:$A$9,MATCH(TRIM($B55),Teams!$B$2:$B$9,0)),"?? CHECK NAME")))
C56: =IF(TRIM($B56)="","",IFERROR(INDEX(People!$A$2:$A$199,MATCH(TRIM($B56),People!$B$2:$B$199,0)),IFERROR(INDEX(Teams!$A$2:$A$9,MATCH(TRIM($B56),Teams!$B$2:$B$9,0)),"?? CHECK NAME")))
C57: =IF(TRIM($B57)="","",IFERROR(INDEX(People!$A$2:$A$199,MATCH(TRIM($B57),People!$B$2:$B$199,0)),IFERROR(INDEX(Teams!$A$2:$A$9,MATCH(TRIM($B57),Teams!$B$2:$B$9,0)),"?? CHECK NAME")))
C58: =IF(TRIM($B58)="","",IFERROR(INDEX(People!$A$2:$A$199,MATCH(TRIM($B58),People!$B$2:$B$199,0)),IFERROR(INDEX(Teams!$A$2:$A$9,MATCH(TRIM($B58),Teams!$B$2:$B$9,0)),"?? CHECK NAME")))
A59: Campus Wellness | C59: =IF(TRIM($B59)="","",IFERROR(INDEX(People!$A$2:$A$199,MATCH(TRIM($B59),People!$B$2:$B$199,0)),IFERROR(INDEX(Teams!$A$2:$A$9,MATCH(TRIM($B59),Teams!$B$2:$B$9,0)),"?? CHECK NAME")))
C60: =IF(TRIM($B60)="","",IFERROR(INDEX(People!$A$2:$A$199,MATCH(TRIM($B60),People!$B$2:$B$199,0)),IFERROR(INDEX(Teams!$A$2:$A$9,MATCH(TRIM($B60),Teams!$B$2:$B$9,0)),"?? CHECK NAME")))
C61: =IF(TRIM($B61)="","",IFERROR(INDEX(People!$A$2:$A$199,MATCH(TRIM($B61),People!$B$2:$B$199,0)),IFERROR(INDEX(Teams!$A$2:$A$9,MATCH(TRIM($B61),Teams!$B$2:$B$9,0)),"?? CHECK NAME")))
C62: =IF(TRIM($B62)="","",IFERROR(INDEX(People!$A$2:$A$199,MATCH(TRIM($B62),People!$B$2:$B$199,0)),IFERROR(INDEX(Teams!$A$2:$A$9,MATCH(TRIM($B62),Teams!$B$2:$B$9,0)),"?? CHECK NAME")))
C63: =IF(TRIM($B63)="","",IFERROR(INDEX(People!$A$2:$A$199,MATCH(TRIM($B63),People!$B$2:$B$199,0)),IFERROR(INDEX(Teams!$A$2:$A$9,MATCH(TRIM($B63),Teams!$B$2:$B$9,0)),"?? CHECK NAME")))
A64: FreshReps | C64: =IF(TRIM($B64)="","",IFERROR(INDEX(People!$A$2:$A$199,MATCH(TRIM($B64),People!$B$2:$B$199,0)),IFERROR(INDEX(Teams!$A$2:$A$9,MATCH(TRIM($B64),Teams!$B$2:$B$9,0)),"?? CHECK NAME")))
C65: =IF(TRIM($B65)="","",IFERROR(INDEX(People!$A$2:$A$199,MATCH(TRIM($B65),People!$B$2:$B$199,0)),IFERROR(INDEX(Teams!$A$2:$A$9,MATCH(TRIM($B65),Teams!$B$2:$B$9,0)),"?? CHECK NAME")))
C66: =IF(TRIM($B66)="","",IFERROR(INDEX(People!$A$2:$A$199,MATCH(TRIM($B66),People!$B$2:$B$199,0)),IFERROR(INDEX(Teams!$A$2:$A$9,MATCH(TRIM($B66),Teams!$B$2:$B$9,0)),"?? CHECK NAME")))
C67: =IF(TRIM($B67)="","",IFERROR(INDEX(People!$A$2:$A$199,MATCH(TRIM($B67),People!$B$2:$B$199,0)),IFERROR(INDEX(Teams!$A$2:$A$9,MATCH(TRIM($B67),Teams!$B$2:$B$9,0)),"?? CHECK NAME")))
C68: =IF(TRIM($B68)="","",IFERROR(INDEX(People!$A$2:$A$199,MATCH(TRIM($B68),People!$B$2:$B$199,0)),IFERROR(INDEX(Teams!$A$2:$A$9,MATCH(TRIM($B68),Teams!$B$2:$B$9,0)),"?? CHECK NAME")))
A69: TEAMS — anything the whole team does goes on its own row
A70: Team | B70: UNC Taar Heel Raas | C70: =IF(TRIM($B70)="","",IFERROR(INDEX(People!$A$2:$A$199,MATCH(TRIM($B70),People!$B$2:$B$199,0)),IFERROR(INDEX(Teams!$A$2:$A$9,MATCH(TRIM($B70),Teams!$B$2:$B$9,0)),"?? CHECK NAME"))) -> TM-UNC
A71: Team | B71: Illini Raas | C71: =IF(TRIM($B71)="","",IFERROR(INDEX(People!$A$2:$A$199,MATCH(TRIM($B71),People!$B$2:$B$199,0)),IFERROR(INDEX(Teams!$A$2:$A$9,MATCH(TRIM($B71),Teams!$B$2:$B$9,0)),"?? CHECK NAME"))) -> TM-ILL
A72: Team | B72: UTD Taraas | C72: =IF(TRIM($B72)="","",IFERROR(INDEX(People!$A$2:$A$199,MATCH(TRIM($B72),People!$B$2:$B$199,0)),IFERROR(INDEX(Teams!$A$2:$A$9,MATCH(TRIM($B72),Teams!$B$2:$B$9,0)),"?? CHECK NAME"))) -> TM-UTD
A73: Team | B73: UVA Hooraas | C73: =IF(TRIM($B73)="","",IFERROR(INDEX(People!$A$2:$A$199,MATCH(TRIM($B73),People!$B$2:$B$199,0)),IFERROR(INDEX(Teams!$A$2:$A$9,MATCH(TRIM($B73),Teams!$B$2:$B$9,0)),"?? CHECK NAME"))) -> TM-UVA
A74: Team | B74: UMD Entouraas | C74: =IF(TRIM($B74)="","",IFERROR(INDEX(People!$A$2:$A$199,MATCH(TRIM($B74),People!$B$2:$B$199,0)),IFERROR(INDEX(Teams!$A$2:$A$9,MATCH(TRIM($B74),Teams!$B$2:$B$9,0)),"?? CHECK NAME"))) -> TM-UMD
A75: Team | B75: Michigan Wolveraas | C75: =IF(TRIM($B75)="","",IFERROR(INDEX(People!$A$2:$A$199,MATCH(TRIM($B75),People!$B$2:$B$199,0)),IFERROR(INDEX(Teams!$A$2:$A$9,MATCH(TRIM($B75),Teams!$B$2:$B$9,0)),"?? CHECK NAME"))) -> TM-UMI
A76: Team | B76: MSU Raasparty | C76: =IF(TRIM($B76)="","",IFERROR(INDEX(People!$A$2:$A$199,MATCH(TRIM($B76),People!$B$2:$B$199,0)),IFERROR(INDEX(Teams!$A$2:$A$9,MATCH(TRIM($B76),Teams!$B$2:$B$9,0)),"?? CHECK NAME"))) -> TM-MSU
A77: Team | B77: GT Ramblin Raas | C77: =IF(TRIM($B77)="","",IFERROR(INDEX(People!$A$2:$A$199,MATCH(TRIM($B77),People!$B$2:$B$199,0)),IFERROR(INDEX(Teams!$A$2:$A$9,MATCH(TRIM($B77),Teams!$B$2:$B$9,0)),"?? CHECK NAME"))) -> TM-GT
A78: JUDGES, VIDEOGRAPHERS & RAS REPS
A79: Judges | B79: All Judges | C79: ROLE-JUDGES
A80: Videographers | B80: All Videographers | C80: ROLE-VIDEO
A81: RAS Reps | C81: =IF(TRIM($B81)="","",IFERROR(INDEX(People!$A$2:$A$199,MATCH(TRIM($B81),People!$B$2:$B$199,0)),IFERROR(INDEX(Teams!$A$2:$A$9,MATCH(TRIM($B81),Teams!$B$2:$B$9,0)),"?? CHECK NAME")))
C82: =IF(TRIM($B82)="","",IFERROR(INDEX(People!$A$2:$A$199,MATCH(TRIM($B82),People!$B$2:$B$199,0)),IFERROR(INDEX(Teams!$A$2:$A$9,MATCH(TRIM($B82),Teams!$B$2:$B$9,0)),"?? CHECK NAME")))
C83: =IF(TRIM($B83)="","",IFERROR(INDEX(People!$A$2:$A$199,MATCH(TRIM($B83),People!$B$2:$B$199,0)),IFERROR(INDEX(Teams!$A$2:$A$9,MATCH(TRIM($B83),Teams!$B$2:$B$9,0)),"?? CHECK NAME")))
C84: =IF(TRIM($B84)="","",IFERROR(INDEX(People!$A$2:$A$199,MATCH(TRIM($B84),People!$B$2:$B$199,0)),IFERROR(INDEX(Teams!$A$2:$A$9,MATCH(TRIM($B84),Teams!$B$2:$B$9,0)),"?? CHECK NAME")))
C85: =IF(TRIM($B85)="","",IFERROR(INDEX(People!$A$2:$A$199,MATCH(TRIM($B85),People!$B$2:$B$199,0)),IFERROR(INDEX(Teams!$A$2:$A$9,MATCH(TRIM($B85),Teams!$B$2:$B$9,0)),"?? CHECK NAME")))
A86: LIAISONS — names come from the People tab, not typed here
A87: UNC Taar Heel Raas | B87: =IFERROR(INDEX(People!$B$2:$B$199,MATCH($A$87&"#"&1,People!$H$2:$H$199,0)),"") -> Example Liaison One | C87: =IF(TRIM($B87)="","",IFERROR(INDEX(People!$A$2:$A$199,MATCH(TRIM($B87),People!$B$2:$B$199,0)),"?? CHECK NAME")) -> LIA-01
B88: =IFERROR(INDEX(People!$B$2:$B$199,MATCH($A$87&"#"&2,People!$H$2:$H$199,0)),"") -> Example Liaison Two | C88: =IF(TRIM($B88)="","",IFERROR(INDEX(People!$A$2:$A$199,MATCH(TRIM($B88),People!$B$2:$B$199,0)),"?? CHECK NAME")) -> LIA-02
B89: =IFERROR(INDEX(People!$B$2:$B$199,MATCH($A$87&"#"&3,People!$H$2:$H$199,0)),"") -> Example Liaison Three | C89: =IF(TRIM($B89)="","",IFERROR(INDEX(People!$A$2:$A$199,MATCH(TRIM($B89),People!$B$2:$B$199,0)),"?? CHECK NAME")) -> LIA-03
B90: =IFERROR(INDEX(People!$B$2:$B$199,MATCH($A$87&"#"&4,People!$H$2:$H$199,0)),"") | C90: =IF(TRIM($B90)="","",IFERROR(INDEX(People!$A$2:$A$199,MATCH(TRIM($B90),People!$B$2:$B$199,0)),"?? CHECK NAME"))
B91: =IFERROR(INDEX(People!$B$2:$B$199,MATCH($A$87&"#"&5,People!$H$2:$H$199,0)),"") | C91: =IF(TRIM($B91)="","",IFERROR(INDEX(People!$A$2:$A$199,MATCH(TRIM($B91),People!$B$2:$B$199,0)),"?? CHECK NAME"))
A92: Illini Raas | B92: =IFERROR(INDEX(People!$B$2:$B$199,MATCH($A$92&"#"&1,People!$H$2:$H$199,0)),"") | C92: =IF(TRIM($B92)="","",IFERROR(INDEX(People!$A$2:$A$199,MATCH(TRIM($B92),People!$B$2:$B$199,0)),"?? CHECK NAME"))
B93: =IFERROR(INDEX(People!$B$2:$B$199,MATCH($A$92&"#"&2,People!$H$2:$H$199,0)),"") | C93: =IF(TRIM($B93)="","",IFERROR(INDEX(People!$A$2:$A$199,MATCH(TRIM($B93),People!$B$2:$B$199,0)),"?? CHECK NAME"))
B94: =IFERROR(INDEX(People!$B$2:$B$199,MATCH($A$92&"#"&3,People!$H$2:$H$199,0)),"") | C94: =IF(TRIM($B94)="","",IFERROR(INDEX(People!$A$2:$A$199,MATCH(TRIM($B94),People!$B$2:$B$199,0)),"?? CHECK NAME"))
B95: =IFERROR(INDEX(People!$B$2:$B$199,MATCH($A$92&"#"&4,People!$H$2:$H$199,0)),"") | C95: =IF(TRIM($B95)="","",IFERROR(INDEX(People!$A$2:$A$199,MATCH(TRIM($B95),People!$B$2:$B$199,0)),"?? CHECK NAME"))
B96: =IFERROR(INDEX(People!$B$2:$B$199,MATCH($A$92&"#"&5,People!$H$2:$H$199,0)),"") | C96: =IF(TRIM($B96)="","",IFERROR(INDEX(People!$A$2:$A$199,MATCH(TRIM($B96),People!$B$2:$B$199,0)),"?? CHECK NAME"))
A97: UTD Taraas | B97: =IFERROR(INDEX(People!$B$2:$B$199,MATCH($A$97&"#"&1,People!$H$2:$H$199,0)),"") | C97: =IF(TRIM($B97)="","",IFERROR(INDEX(People!$A$2:$A$199,MATCH(TRIM($B97),People!$B$2:$B$199,0)),"?? CHECK NAME"))
B98: =IFERROR(INDEX(People!$B$2:$B$199,MATCH($A$97&"#"&2,People!$H$2:$H$199,0)),"") | C98: =IF(TRIM($B98)="","",IFERROR(INDEX(People!$A$2:$A$199,MATCH(TRIM($B98),People!$B$2:$B$199,0)),"?? CHECK NAME"))
B99: =IFERROR(INDEX(People!$B$2:$B$199,MATCH($A$97&"#"&3,People!$H$2:$H$199,0)),"") | C99: =IF(TRIM($B99)="","",IFERROR(INDEX(People!$A$2:$A$199,MATCH(TRIM($B99),People!$B$2:$B$199,0)),"?? CHECK NAME"))
B100: =IFERROR(INDEX(People!$B$2:$B$199,MATCH($A$97&"#"&4,People!$H$2:$H$199,0)),"") | C100: =IF(TRIM($B100)="","",IFERROR(INDEX(People!$A$2:$A$199,MATCH(TRIM($B100),People!$B$2:$B$199,0)),"?? CHECK NAME"))
...

Sheet Airport
A1: Direction | B1: Date | C1: Applies To | D1: # People | E1: Flight # | F1: Flight Time | G1: Pickup / Leave Time | H1: Arrive | I1: Driver(s) | J1: Vehicle(s) | K1: Driver Phone
A2: Arrival | B2: 46241 | C2: Team: UMD Entouraas | D2: 13 | E2: AA4352 | F2: 0.36180556 | G2: 0.38194444 | H2: 0.42361111 | I2: Example Liaison | J2: Minibus | K2: 555-0101
A3: Arrival | B3: 46241 | C3: Person: Example Dancer | D3: 1 | E3: UA2646 | F3: 0.39513889 | G3: 0.40972222 | H3: 0.45138889 | I3: Example Director | J3: Personal car | K3: 555-0100
A82: Applies To uses the app's assignment grammar: "Team: <name>", "Person: <name>", or "Role: <name>". Flights group people across teams, which is why this stays its own tab — one row per travel party, not per team.
