Workbook

Sheet Instructions
B2: How to use this schedule file
B3: Read this page once before you type anything. It takes about five minutes.
B5: WHAT THIS FILE IS
B6: This file holds the schedule for the whole weekend.
B7: The app reads this file. Then it shows each person only their own schedule on their phone.
B9: If you follow the rules on this page, the app reads the file correctly.
B10: If you break the rules, the app may show someone the wrong time, or show them nothing at all.
B12: STEP 1 — SET THE DATE
B13: Type the date of the Friday of your event in the yellow box.
B14: Event Friday date | C14: 46241
B15: You only do this once. Every day tab works out its own date from this one box.
B16: It even handles the hours after midnight, so nothing lands on the wrong day.
B18: STEP 2 — LEARN THE TABS
B19: The tabs are at the bottom of the window. Here is what each one holds.
B21: Instructions | C21: This page.
B22: Teams | C22: The eight teams. Also the show order, which you fill in later.
B23: People | C23: Every board member, liaison, judge, videographer and RAS rep.
B24: Roster | C24: Every dancer.
B25: Thursday, Friday, | C25: The schedule for each day. One row per person or group.
B26: Saturday, Sunday
B27: Sequences | C27: The recipe for anything that repeats team by team.
B28: Slot Times | C28: When each team starts its turn. Fix a running-late day here.
B29: Vehicles | C29: Which van takes which team, and whether it can get back in time.
B30: Windows | C30: Meals. A range you may use, not an appointment.
B31: Manual Blocks | C31: One-off things that are not a pipeline. Board duties, airport runs.
B32: Export | C32: Calculated. THE ONLY TAB THE APP READS. Never type on it.
B33: Checks | C33: Does the day fit, do rooms clash, is the day humane. Read it before you publish.
B34: Airport | C34: Who is flying, when, and who is driving them.
B36: STEP 3 — FILL IN THE TABS, IN THIS ORDER
B37: Do not skip ahead. Each tab uses what you typed in the ones before it.
B39: 1. Teams | C39: Type each team name and short name. Leave Show Order empty for now.
B40: 2. People | C40: Add one row for each board member, liaison, judge, videographer and RAS rep. Do not put dancers here.
C41: Fill in ID, Full Name, Group, Phone, Email and Type.
C42: If the person is a liaison, you must also pick their Team from the dropdown. If you skip this, they will not show up on any day tab.
C43: Never type in the Key column. It fills itself in.
B44: 3. Roster | C44: Add one row for each dancer. Pick their team from the dropdown. Put Yes in the Captain? column for captains.
B45: 4. Day tabs | C45: Fill in Thursday, Friday, Saturday and Sunday. See the next two sections.
B46: 5. Show order | C46: After the draw, go back to Teams and type each team's number, 1 to 8. Saturday then fills itself in.
B47: 6. Check it | C47: Use the checklist at the bottom of this page before you upload.
B49: Spell each name on the People tab the way you want it to appear on that person's phone. The day tabs copy it exactly.
B51: STEP 4 — HOW TO ADD SOMETHING TO A DAY
B52: A day tab is a big grid. Times run across the top. Names run down the left side.
B54: 1. Find the person's row.
B55: 2. Find the column for the time they start.
B56: 3. Click that box and type what they are doing. The next section shows you how.
B57: 4. Select that box and all the boxes to its right, up to the time they finish.
B58: Then click Merge. Now it is one wide box, and you can see how long it lasts.
B60: The wide box is only there so it is easy to read. The app reads the times you typed, not how wide the box is. So the times must be right.
B62: STEP 5 — HOW TO WRITE ONE BOX
B63: Every box has three lines.
B64: To start a new line inside a box, press Alt+Enter. On a Mac, press Option+Enter.
B66: Line 1 | C66: The start time and the end time.
B67: Line 2 | C67: Where it happens.
B68: Line 3 | C68: What to do. You can use more lines here if you need them.
B70: Here is a box done right:
C71: 6:00 AM - 5:00 PM HOTEL (REG ROOM) Check in teams, help Head Liaisons with room setup
B73: THE MOST IMPORTANT RULE
B74: Write AM or PM on BOTH times. Every time. No exceptions.
B76: Write 7:30 PM - 9:30 PM. Do not write 7:30 - 9:30 PM.
B78: If you leave AM or PM off the first time, the app reads 7:30 PM as 7:30 in the morning.
B79: That is twelve hours wrong. Someone will miss the thing they were supposed to be at.
B81: This went wrong 192 times in last year's file. It is the easiest mistake to make and the hardest one to spot.
B83: RIGHT | C83: 9:30 PM - 10:30 PM
B84: WRONG | C84: 9:30 - 10:30 (no AM or PM at all)
B85: WRONG | C85: 9:30 - 10:30 PM (missing on the first time)
B86: WRONG | C86: 9:30-10:30pm (missing on the first time)
B87: WRONG | C87: after the show (not a real time)
B89: WHO GOES ON WHICH ROW
B90: BOARD MEMBERS | C90: Five rows for each position. Type the names yourself.
B91: TEAMS | C91: One row per team. Whatever you type here is for the whole team.
B92: JUDGES | C92: One row. All the judges move together, so one row is enough.
B93: VIDEOGRAPHERS | C93: One row. Same reason.
B94: RAS REPS | C94: Five rows. They move on their own, so each one gets a row.
B95: LIAISONS | C95: Five rows per team. Do NOT type names here. They come from the People tab.
B96: JUDGE LIAISONS | C96: Five rows. Type the names yourself.
B98: Every position has five rows even if you only need two. Leave the extra rows empty.
B99: That is on purpose. It keeps all four days lined up, so the same person is on the same row number every day.
B101: SATURDAY WORKS DIFFERENTLY
B102: Saturday runs on the show order, so its rows are built around it.
B104: On Saturday the team rows do not say team names. They say Show Order 1 through Show Order 8. The liaison rows are in show order too.
B106: This means you can build all of Saturday before the draw happens.
B108: When you type the show order on the Teams tab, Saturday fills itself in. The team names appear, and the right liaisons appear underneath them.
B110: Until you do that, Saturday says "(not drawn)". That is normal. It is not an error.
B112: THINGS THAT REPEAT TEAM BY TEAM
B113: Some parts of Saturday are the same thing, done by every team in turn.
B115: Practice is the clearest one. Every team reports to the lobby, loads vans, rehearses on
B116: stage, sits in the viewing room, rehearses off stage, and comes back. The same ten steps,
... B120: works itself out. We call that a pipeline.
B122: Sequences tab | C122: The recipe. Each step, how many minutes after that team's start time it happens, how long it lasts, and where.
B123: Slot Times tab | C123: When each team goes. Slot 1 has an Anchor, which is a real clock time. Every slot after it is the one before it, plus a Gap.
B124: Team Blocks tab | C124: The answer, calculated for you. This is what the app reads. Never type on it.
B126: HOW TO FIX A RUNNING-LATE DAY
B128: Everyone is late | C128: Change the Anchor on Slot Times. Every team moves together.
B129: One team ran long | C129: Raise the Gap on the NEXT slot. That team and everyone after it move. Teams that already finished do not.
B130: Only one team | C130: Put minutes in that slot's Adjust box. Nobody else moves.
B132: You change one number instead of fifty. And two teams can never land on stage at the same time, because the spacing is arithmetic, not typing.
B134: DOES THE DAY STILL FIT?
B135: Open the Checks tab after any change. It is the only place that tells you.
B137: Some times are ANCHORS. Doors open and curtain never move. An audience is holding tickets.
B138: Everything else has to fit around them.
...

Sheet People
A1: ID | B1: Full Name | C1: Group | D1: Team | E1: Phone | F1: Email | G1: Type | H1: Key (auto)
A2: BRD-01 | B2: Example Director | C2: Directors | E2: 555-0100 | F2: director@example.edu | G2: board | H2: =IF(OR($G2<>"liaison",$D2=""),"",$D2&"#"&COUNTIFS($D$2:$D2,$D2,$G$2:$G2,"liaison"))
A3: LIA-01 | B3: Example Liaison One | C3: Liaisons | D3: UNC Taar Heel Raas | E3: 555-0101 | F3: lia1@example.edu | G3: liaison | H3: =IF(OR($G3<>"liaison",$D3=""),"",$D3&"#"&COUNTIFS($D$2:$D3,$D3,$G$2:$G3,"liaison"))
A4: LIA-02 | B4: Example Liaison Two | C4: Liaisons | D4: UNC Taar Heel Raas | E4: 555-0102 | F4: lia2@example.edu | G4: liaison | H4: =IF(OR($G4<>"liaison",$D4=""),"",$D4&"#"&COUNTIFS($D$2:$D4,$D4,$G$2:$G4,"liaison"))
A5: LIA-03 | B5: Example Liaison Three | C5: Liaisons | D5: UNC Taar Heel Raas | E5: 555-0103 | F5: lia3@example.edu | G5: liaison | H5: =IF(OR($G5<>"liaison",$D5=""),"",$D5&"#"&COUNTIFS($D$2:$D5,$D5,$G$2:$G5,"liaison"))
A6: JDG-01 | B6: Example Judge | C6: Judging | E6: 555-0104 | F6: judge@example.com | G6: judge | H6: =IF(OR($G6<>"liaison",$D6=""),"",$D6&"#"&COUNTIFS($D$2:$D6,$D6,$G$2:$G6,"liaison"))
A7: VID-01 | B7: Example Videographer | C7: External | E7: 555-0105 | F7: video@example.com | G7: videographer | H7: =IF(OR($G7<>"liaison",$D7=""),"",$D7&"#"&COUNTIFS($D$2:$D7,$D7,$G$2:$G7,"liaison"))
H8: =IF(OR($G8<>"liaison",$D8=""),"",$D8&"#"&COUNTIFS($D$2:$D8,$D8,$G$2:$G8,"liaison"))
H9: =IF(OR($G9<>"liaison",$D9=""),"",$D9&"#"&COUNTIFS($D$2:$D9,$D9,$G$2:$G9,"liaison"))
H10: =IF(OR($G10<>"liaison",$D10=""),"",$D10&"#"&COUNTIFS($D$2:$D10,$D10,$G$2:$G10,"liaison"))
H11: =IF(OR($G11<>"liaison",$D11=""),"",$D11&"#"&COUNTIFS($D$2:$D11,$D11,$G$2:$G11,"liaison"))
H12: =IF(OR($G12<>"liaison",$D12=""),"",$D12&"#"&COUNTIFS($D$2:$D12,$D12,$G$2:$G12,"liaison"))
H13: =IF(OR($G13<>"liaison",$D13=""),"",$D13&"#"&COUNTIFS($D$2:$D13,$D13,$G$2:$G13,"liaison"))
H14: =IF(OR($G14<>"liaison",$D14=""),"",$D14&"#"&COUNTIFS($D$2:$D14,$D14,$G$2:$G14,"liaison"))
H15: =IF(OR($G15<>"liaison",$D15=""),"",$D15&"#"&COUNTIFS($D$2:$D15,$D15,$G$2:$G15,"liaison"))
H16: =IF(OR($G16<>"liaison",$D16=""),"",$D16&"#"&COUNTIFS($D$2:$D16,$D16,$G$2:$G16,"liaison"))
H17: =IF(OR($G17<>"liaison",$D17=""),"",$D17&"#"&COUNTIFS($D$2:$D17,$D17,$G$2:$G17,"liaison"))
H18: =IF(OR($G18<>"liaison",$D18=""),"",$D18&"#"&COUNTIFS($D$2:$D18,$D18,$G$2:$G18,"liaison"))
H19: =IF(OR($G19<>"liaison",$D19=""),"",$D19&"#"&COUNTIFS($D$2:$D19,$D19,$G$2:$G19,"liaison"))
... H199: =IF(OR($G199<>"liaison",$D199=""),"",$D199&"#"&COUNTIFS($D$2:$D199,$D199,$G$2:$G199,"liaison"))
A201: Set Type to "liaison" and pick a Team, and that person appears on every day tab automatically — the first five rows for a team become its liaisons 1 to 5.
A202: Key is computed. Do not type in it.

Sheet Teams
A1: ID | B1: Team Name | C1: Abbrev | D1: Show Order | E1: Check | F1: Captain(s) | G1: Liaison Contact
A2: TM-UNC | B2: UNC Taar Heel Raas | C2: UNC | E2: =IF($D2="","",IF(COUNTIF($D$2:$D$9,$D2)>1,"DUPLICATE","OK"))
A3: TM-ILL | B3: Illini Raas | C3: Illini | E3: =IF($D3="","",IF(COUNTIF($D$2:$D$9,$D3)>1,"DUPLICATE","OK"))
A4: TM-UTD | B4: UTD Taraas | C4: UTD | E4: =IF($D4="","",IF(COUNTIF($D$2:$D$9,$D4)>1,"DUPLICATE","OK"))
A5: TM-UVA | B5: UVA Hooraas | C5: UVA | E5: =IF($D5="","",IF(COUNTIF($D$2:$D$9,$D5)>1,"DUPLICATE","OK"))
A6: TM-UMD | B6: UMD Entouraas | C6: UMD | E6: =IF($D6="","",IF(COUNTIF($D$2:$D$9,$D6)>1,"DUPLICATE","OK"))
A7: TM-UMI | B7: Michigan Wolveraas | C7: UMich | E7: =IF($D7="","",IF(COUNTIF($D$2:$D$9,$D7)>1,"DUPLICATE","OK"))
A8: TM-MSU | B8: MSU Raasparty | C8: MSU | E8: =IF($D8="","",IF(COUNTIF($D$2:$D$9,$D8)>1,"DUPLICATE","OK"))
A9: TM-GT | B9: GT Ramblin Raas | C9: GT | E9: =IF($D9="","",IF(COUNTIF($D$2:$D$9,$D9)>1,"DUPLICATE","OK"))
A11: Show Order is the running order, 1-8. Leave it blank until the draw — Saturday's grid is built against slots, not teams, so it can be filled in before you know who is where.
A12: Fill this column in and Saturday resolves itself: every "Show Order N" row picks up the team sitting in slot N, and the app imports it as that team's schedule.
A13: Check flags a slot given to two teams. Every row must read OK before you upload.

Sheet Roster
A1: First Name | B1: Last Name | C1: Team | D1: Phone | E1: Email | F1: Captain? | G1: Dietary Restrictions | H1: T-Shirt Size
A2: Example | B2: Dancer | C2: UNC Taar Heel Raas | D2: 555-0110 | E2: dancer@example.edu | F2: No | G2: Vegetarian | H2: M
A261: One row per dancer, Team as a column — replaces last year's eight per-team tabs. Captain? replaces the asterisk on the first name.

Sheet Thursday
A1: Group | B1: Name | C1: ID | D1: =Instructions!$C$14-1 | AZ1: =Instructions!$C$14
D2: 0.5 | E2: 0.51041667 | F2: 0.52083333 | G2: 0.53125 | H2: 0.54166667 | I2: 0.55208333 | J2: 0.5625 | K2: 0.57291667 | L2: 0.58333333 | M2: 0.59375 | N2: 0.60416667 | O2: 0.61458333 | P2: 0.625 | Q2: 0.63541667 | R2: 0.64583333 | S2: 0.65625 | T2: 0.66666667 | U2: 0.67708333 | V2: 0.6875 | W2: 0.69791667 | X2: 0.70833333 | Y2: 0.71875 | Z2: 0.72916667 | AA2: 0.73958333 | AB2: 0.75 | AC2: 0.76041667 | AD2: 0.77083333 | AE2: 0.78125 | AF2: 0.79166667 | AG2: 0.80208333 | AH2: 0.8125 | AI2: 0.82291667 | AJ2: 0.83333333 | AK2: 0.84375 | AL2: 0.85416667 | AM2: 0.86458333 | AN2: 0.875 | AO2: 0.88541667 | AP2: 0.89583333 | AQ2: 0.90625 | AR2: 0.91666667 | AS2: 0.92708333 | AT2: 0.9375 | AU2: 0.94791667 | AV2: 0.95833333 | AW2: 0.96875 | AX2: 0.97916667 | AY2: 0.98958333 | AZ2: 0 | BA2: 0.010416667 | BB2: 0.020833333 | BC2: 0.03125 | BD2: 0.041666667 | BE2: 0.052083333 | BF2: 0.0625 | BG2: 0.072916667 | BH2: 0.083333333 | BI2: 0.09375 | BJ2: 0.10416667 | BK2: 0.11458333
A3: BOARD MEMBERS
A4: Directors | C4: =IF(TRIM($B4)="","",IFERROR(INDEX(People!$A$2:$A$199,MATCH(TRIM($B4),People!$B$2:$B$199,0)),IFERROR(INDEX(Teams!$A$2:$A$9,MATCH(TRIM($B4),Teams!$B$2:$B$9,0)),"?? CHECK NAME")))
C5: =IF(TRIM($B5)="","",IFERROR(INDEX(People!$A$2:$A$199,MATCH(TRIM($B5),People!$B$2:$B$199,0)),IFERROR(INDEX(Teams!$A$2:$A$9,MATCH(TRIM($B5),Teams!$B$2:$B$9,0)),"?? CHECK NAME")))
C6: =IF(TRIM($B6)="","",IFERROR(INDEX(People!$A$2:$A$199,MATCH(TRIM($B6),People!$B$2:$B$199,0)),IFERROR(INDEX(Teams!$A$2:$A$9,MATCH(TRIM($B6),Teams!$B$2:$B$9,0)),"?? CHECK NAME")))
C7: =IF(TRIM($B7)="","",IFERROR(INDEX(People!$A$2:$A$199,MATCH(TRIM($B7),People!$B$2:$B$199,0)),IFERROR(INDEX(Teams!$A$2:$A$9,MATCH(TRIM($B7),Teams!$B$2:$B$9,0)),"?? CHECK NAME")))
C8: =IF(TRIM($B8)="","",IFERROR(INDEX(People!$A$2:$A$199,MATCH(TRIM($B8),People!$B$2:$B$199,0)),IFERROR(INDEX(Teams!$A$2:$A$9,MATCH(TRIM($B8),Teams!$B$2:$B$9,0)),"?? CHECK NAME")))
A9: Senior Advisors | C9: =IF(TRIM($B9)="","",IFERROR(INDEX(People!$A$2:$A$199,MATCH(TRIM($B9),People!$B$2:$B$199,0)),IFERROR(INDEX(Teams!$A$2:$A$9,MATCH(TRIM($B9),Teams!$B$2:$B$9,0)),"?? CHECK NAME")))
C10: =IF(TRIM($B10)="","",IFERROR(INDEX(People!$A$2:$A$199,MATCH(TRIM($B10),People!$B$2:$B$199,0)),IFERROR(INDEX(Teams!$A$2:$A$9,MATCH(TRIM($B10),Teams!$B$2:$B$9,0)),"?? CHECK NAME")))
C11: =IF(TRIM($B11)="","",IFERROR(INDEX(People!$A$2:$A$199,MATCH(TRIM($B11),People!$B$2:$B$199,0)),IFERROR(INDEX(Teams!$A$2:$A$9,MATCH(TRIM($B11),Teams!$B$2:$B$9,0)),"?? CHECK NAME")))
C12: =IF(TRIM($B12)="","",IFERROR(INDEX(People!$A$2:$A$199,MATCH(TRIM($B12),People!$B$2:$B$199,0)),IFERROR(INDEX(Teams!$A$2:$A$9,MATCH(TRIM($B12),Teams!$B$2:$B$9,0)),"?? CHECK NAME")))
C13: =IF(TRIM($B13)="","",IFERROR(INDEX(People!$A$2:$A$199,MATCH(TRIM($B13),People!$B$2:$B$199,0)),IFERROR(INDEX(Teams!$A$2:$A$9,MATCH(TRIM($B13),Teams!$B$2:$B$9,0)),"?? CHECK NAME")))
A14: Logistics | C14: =IF(TRIM($B14)="","",IFERROR(INDEX(People!$A$2:$A$199,MATCH(TRIM($B14),People!$B$2:$B$199,0)),IFERROR(INDEX(Teams!$A$2:$A$9,MATCH(TRIM($B14),Teams!$B$2:$B$9,0)),"?? CHECK NAME")))
C15: =IF(TRIM($B15)="","",IFERROR(INDEX(People!$A$2:$A$199,MATCH(TRIM($B15),People!$B$2:$B$199,0)),IFERROR(INDEX(Teams!$A$2:$A$9,MATCH(TRIM($B15),Teams!$B$2:$B$9,0)),"?? CHECK NAME")))
C16: =IF(TRIM($B16)="","",IFERROR(INDEX(People!$A$2:$A$199,MATCH(TRIM($B16),People!$B$2:$B$199,0)),IFERROR(INDEX(Teams!$A$2:$A$9,MATCH(TRIM($B16),Teams!$B$2:$B$9,0)),"?? CHECK NAME")))
C17: =IF(TRIM($B17)="","",IFERROR(INDEX(People!$A$2:$A$199,MATCH(TRIM($B17),People!$B$2:$B$199,0)),IFERROR(INDEX(Teams!$A$2:$A$9,MATCH(TRIM($B17),Teams!$B$2:$B$9,0)),"?? CHECK NAME")))
C18: =IF(TRIM($B18)="","",IFERROR(INDEX(People!$A$2:$A$199,MATCH(TRIM($B18),People!$B$2:$B$199,0)),IFERROR(INDEX(Teams!$A$2:$A$9,MATCH(TRIM($B18),Teams!$B$2:$B$9,0)),"?? CHECK NAME")))
A19: Hospitality | C19: =IF(TRIM($B19)="","",IFERROR(INDEX(People!$A$2:$A$199,MATCH(TRIM($B19),People!$B$2:$B$199,0)),IFERROR(INDEX(Teams!$A$2:$A$9,MATCH(TRIM($B19),Teams!$B$2:$B$9,0)),"?? CHECK NAME")))
C20: =IF(TRIM($B20)="","",IFERROR(INDEX(People!$A$2:$A$199,MATCH(TRIM($B20),People!$B$2:$B$199,0)),IFERROR(INDEX(Teams!$A$2:$A$9,MATCH(TRIM($B20),Teams!$B$2:$B$9,0)),"?? CHECK NAME")))
C21: =IF(TRIM($B21)="","",IFERROR(INDEX(People!$A$2:$A$199,MATCH(TRIM($B21),People!$B$2:$B$199,0)),IFERROR(INDEX(Teams!$A$2:$A$9,MATCH(TRIM($B21),Teams!$B$2:$B$9,0)),"?? CHECK NAME")))
C22: =IF(TRIM($B22)="","",IFERROR(INDEX(People!$A$2:$A$199,MATCH(TRIM($B22),People!$B$2:$B$199,0)),IFERROR(INDEX(Teams!$A$2:$A$9,MATCH(TRIM($B22),Teams!$B$2:$B$9,0)),"?? CHECK NAME")))
C23: =IF(TRIM($B23)="","",IFERROR(INDEX(People!$A$2:$A$199,MATCH(TRIM($B23),People!$B$2:$B$199,0)),IFERROR(INDEX(Teams!$A$2:$A$9,MATCH(TRIM($B23),Teams!$B$2:$B$9,0)),"?? CHECK NAME")))
A24: Creative | C24: =IF(TRIM($B24)="","",IFERROR(INDEX(People!$A$2:$A$199,MATCH(TRIM($B24),People!$B$2:$B$199,0)),IFERROR(INDEX(Teams!$A$2:$A$9,MATCH(TRIM($B24),Teams!$B$2:$B$9,0)),"?? CHECK NAME")))
C25: =IF(TRIM($B25)="","",IFERROR(INDEX(People!$A$2:$A$199,MATCH(TRIM($B25),People!$B$2:$B$199,0)),IFERROR(INDEX(Teams!$A$2:$A$9,MATCH(TRIM($B25),Teams!$B$2:$B$9,0)),"?? CHECK NAME")))
C26: =IF(TRIM($B26)="","",IFERROR(INDEX(People!$A$2:$A$199,MATCH(TRIM($B26),People!$B$2:$B$199,0)),IFERROR(INDEX(Teams!$A$2:$A$9,MATCH(TRIM($B26),Teams!$B$2:$B$9,0)),"?? CHECK NAME")))
C27: =IF(TRIM($B27)="","",IFERROR(INDEX(People!$A$2:$A$199,MATCH(TRIM($B27),People!$B$2:$B$199,0)),IFERROR(INDEX(Teams!$A$2:$A$9,MATCH(TRIM($B27),Teams!$B$2:$B$9,0)),"?? CHECK NAME")))
C28: =IF(TRIM($B28)="","",IFERROR(INDEX(People!$A$2:$A$199,MATCH(TRIM($B28),People!$B$2:$B$199,0)),IFERROR(INDEX(Teams!$A$2:$A$9,MATCH(TRIM($B28),Teams!$B$2:$B$9,0)),"?? CHECK NAME")))
A29: Registration | C29: =IF(TRIM($B29)="","",IFERROR(INDEX(People!$A$2:$A$199,MATCH(TRIM($B29),People!$B$2:$B$199,0)),IFERROR(INDEX(Teams!$A$2:$A$9,MATCH(TRIM($B29),Teams!$B$2:$B$9,0)),"?? CHECK NAME")))
C30: =IF(TRIM($B30)="","",IFERROR(INDEX(People!$A$2:$A$199,MATCH(TRIM($B30),People!$B$2:$B$199,0)),IFERROR(INDEX(Teams!$A$2:$A$9,MATCH(TRIM($B30),Teams!$B$2:$B$9,0)),"?? CHECK NAME")))
C31: =IF(TRIM($B31)="","",IFERROR(INDEX(People!$A$2:$A$199,MATCH(TRIM($B31),People!$B$2:$B$199,0)),IFERROR(INDEX(Teams!$A$2:$A$9,MATCH(TRIM($B31),Teams!$B$2:$B$9,0)),"?? CHECK NAME")))
C32: =IF(TRIM($B32)="","",IFERROR(INDEX(People!$A$2:$A$199,MATCH(TRIM($B32),People!$B$2:$B$199,0)),IFERROR(INDEX(Teams!$A$2:$A$9,MATCH(TRIM($B32),Teams!$B$2:$B$9,0)),"?? CHECK NAME")))
C33: =IF(TRIM($B33)="","",IFERROR(INDEX(People!$A$2:$A$199,MATCH(TRIM($B33),People!$B$2:$B$199,0)),IFERROR(INDEX(Teams!$A$2:$A$9,MATCH(TRIM($B33),Teams!$B$2:$B$9,0)),"?? CHECK NAME")))
A34: Head Liaisons | C34: =IF(TRIM($B34)="","",IFERROR(INDEX(People!$A$2:$A$199,MATCH(TRIM($B34),People!$B$2:$B$199,0)),IFERROR(INDEX(Teams!$A$2:$A$9,MATCH(TRIM($B34),Teams!$B$2:$B$9,0)),"?? CHECK NAME")))
C35: =IF(TRIM($B35)="","",IFERROR(INDEX(People!$A$2:$A$199,MATCH(TRIM($B35),People!$B$2:$B$199,0)),IFERROR(INDEX(Teams!$A$2:$A$9,MATCH(TRIM($B35),Teams!$B$2:$B$9,0)),"?? CHECK NAME")))
C36: =IF(TRIM($B36)="","",IFERROR(INDEX(People!$A$2:$A$199,MATCH(TRIM($B36),People!$B$2:$B$199,0)),IFERROR(INDEX(Teams!$A$2:$A$9,MATCH(TRIM($B36),Teams!$B$2:$B$9,0)),"?? CHECK NAME")))
C37: =IF(TRIM($B37)="","",IFERROR(INDEX(People!$A$2:$A$199,MATCH(TRIM($B37),People!$B$2:$B$199,0)),IFERROR(INDEX(Teams!$A$2:$A$9,MATCH(TRIM($B37),Teams!$B$2:$B$9,0)),"?? CHECK NAME")))
C38: =IF(TRIM($B38)="","",IFERROR(INDEX(People!$A$2:$A$199,MATCH(TRIM($B38),People!$B$2:$B$199,0)),IFERROR(INDEX(Teams!$A$2:$A$9,MATCH(TRIM($B38),Teams!$B$2:$B$9,0)),"?? CHECK NAME")))
A39: PR | C39: =IF(TRIM($B39)="","",IFERROR(INDEX(People!$A$2:$A$199,MATCH(TRIM($B39),People!$B$2:$B$199,0)),IFERROR(INDEX(Teams!$A$2:$A$9,MATCH(TRIM($B39),Teams!$B$2:$B$9,0)),"?? CHECK NAME")))
C40: =IF(TRIM($B40)="","",IFERROR(INDEX(People!$A$2:$A$199,MATCH(TRIM($B40),People!$B$2:$B$199,0)),IFERROR(INDEX(Teams!$A$2:$A$9,MATCH(TRIM($B40),Teams!$B$2:$B$9,0)),"?? CHECK NAME")))
C41: =IF(TRIM($B41)="","",IFERROR(INDEX(People!$A$2:$A$199,MATCH(TRIM($B41),People!$B$2:$B$199,0)),IFERROR(INDEX(Teams!$A$2:$A$9,MATCH(TRIM($B41),Teams!$B$2:$B$9,0)),"?? CHECK NAME")))
C42: =IF(TRIM($B42)="","",IFERROR(INDEX(People!$A$2:$A$199,MATCH(TRIM($B42),People!$B$2:$B$199,0)),IFERROR(INDEX(Teams!$A$2:$A$9,MATCH(TRIM($B42),Teams!$B$2:$B$9,0)),"?? CHECK NAME")))
C43: =IF(TRIM($B43)="","",IFERROR(INDEX(People!$A$2:$A$199,MATCH(TRIM($B43),People!$B$2:$B$199,0)),IFERROR(INDEX(Teams!$A$2:$A$9,MATCH(TRIM($B43),Teams!$B$2:$B$9,0)),"?? CHECK NAME")))
A44: External | C44: =IF(TRIM($B44)="","",IFERROR(INDEX(People!$A$2:$A$199,MATCH(TRIM($B44),People!$B$2:$B$199,0)),IFERROR(INDEX(Teams!$A$2:$A$9,MATCH(TRIM($B44),Teams!$B$2:$B$9,0)),"?? CHECK NAME")))
C45: =IF(TRIM($B45)="","",IFERROR(INDEX(People!$A$2:$A$199,MATCH(TRIM($B45),People!$B$2:$B$199,0)),IFERROR(INDEX(Teams!$A$2:$A$9,MATCH(TRIM($B45),Teams!$B$2:$B$9,0)),"?? CHECK NAME")))
C46: =IF(TRIM($B46)="","",IFERROR(INDEX(People!$A$2:$A$199,MATCH(TRIM($B46),People!$B$2:$B$199,0)),IFERROR(INDEX(Teams!$A$2:$A$9,MATCH(TRIM($B46),Teams!$B$2:$B$9,0)),"?? CHECK NAME")))
C47: =IF(TRIM($B47)="","",IFERROR(INDEX(People!$A$2:$A$199,MATCH(TRIM($B47),People!$B$2:$B$199,0)),IFERROR(INDEX(Teams!$A$2:$A$9,MATCH(TRIM($B47),Teams!$B$2:$B$9,0)),"?? CHECK NAME")))
C48: =IF(TRIM($B48)="","",IFERROR(INDEX(People!$A$2:$A$199,MATCH(TRIM($B48),People!$B$2:$B$199,0)),IFERROR(INDEX(Teams!$A$2:$A$9,MATCH(TRIM($B48),Teams!$B$2:$B$9,0)),"?? CHECK NAME")))
A49: Judging | C49: =IF(TRIM($B49)="","",IFERROR(INDEX(People!$A$2:$A$199,MATCH(TRIM($B49),People!$B$2:$B$199,0)),IFERROR(INDEX(Teams!$A$2:$A$9,MATCH(TRIM($B49),Teams!$B$2:$B$9,0)),"?? CHECK NAME")))
C50: =IF(TRIM($B50)="","",IFERROR(INDEX(People!$A$2:$A$199,MATCH(TRIM($B50),People!$B$2:$B$199,0)),IFERROR(INDEX(Teams!$A$2:$A$9,MATCH(TRIM($B50),Teams!$B$2:$B$9,0)),"?? CHECK NAME")))
C51: =IF(TRIM($B51)="","",IFERROR(INDEX(People!$A$2:$A$199,MATCH(TRIM($B51),People!$B$2:$B$199,0)),IFERROR(INDEX(Teams!$A$2:$A$9,MATCH(TRIM($B51),Teams!$B$2:$B$9,0)),"?? CHECK NAME")))
C52: =IF(TRIM($B52)="","",IFERROR(INDEX(People!$A$2:$A$199,MATCH(TRIM($B52),People!$B$2:$B$199,0)),IFERROR(INDEX(Teams!$A$2:$A$9,MATCH(TRIM($B52),Teams!$B$2:$B$9,0)),"?? CHECK NAME")))
C53: =IF(TRIM($B53)="","",IFERROR(INDEX(People!$A$2:$A$199,MATCH(TRIM($B53),People!$B$2:$B$199,0)),IFERROR(INDEX(Teams!$A$2:$A$9,MATCH(TRIM($B53),Teams!$B$2:$B$9,0)),"?? CHECK NAME")))
A54: Fundraising | C54: =IF(TRIM($B54)="","",IFERROR(INDEX(People!$A$2:$A$199,MATCH(TRIM($B54),People!$B$2:$B$199,0)),IFERROR(INDEX(Teams!$A$2:$A$9,MATCH(TRIM($B54),Teams!$B$2:$B$9,0)),"?? CHECK NAME")))
C55: =IF(TRIM($B55)="","",IFERROR(INDEX(People!$A$2:$A$199,MATCH(TRIM($B55),People!$B$2:$B$199,0)),IFERROR(INDEX(Teams!$A$2:$A$9,MATCH(TRIM($B55),Teams!$B$2:$B$9,0)),"?? CHECK NAME")))
C56: =IF(TRIM($B56)="","",IFERROR(INDEX(People!$A$2:$A$199,MATCH(TRIM($B56),People!$B$2:$B$199,0)),IFERROR(INDEX(Teams!$A$2:$A$9,MATCH(TRIM($B56),Teams!$B$2:$B$9,0)),"?? CHECK NAME")))
C57: =IF(TRIM($B57)="","",IFERROR(INDEX(People!$A$2:$A$199,MATCH(TRIM($B57),People!$B$2:$B$199,0)),IFERROR(INDEX(Teams!$A$2:$A$9,MATCH(TRIM($B57),Teams!$B$2:$B$9,0)),"?? CHECK NAME")))
C58: =IF(TRIM($B58)="","",IFERROR(INDEX(People!$A$2:$A$199,MATCH(TRIM($B58),People!$B$2:$B$199,0)),IFERROR(INDEX(Teams!$A$2:$A$9,MATCH(TRIM($B58),Teams!$B$2:$B$9,0)),"?? CHECK NAME")))
A59: Campus Wellness | C59: =IF(TRIM($B59)="","",IFERROR(INDEX(People!$A$2:$A$199,MATCH(TRIM($B59),People!$B$2:$B$199,0)),IFERROR(INDEX(Teams!$A$2:$A$9,MATCH(TRIM($B59),Teams!$B$2:$B$9,0)),"?? CHECK NAME")))
C60: =IF(TRIM($B60)="","",IFERROR(INDEX(People!$A$2:$A$199,MATCH(TRIM($B60),People!$B$2:$B$199,0)),IFERROR(INDEX(Teams!$A$2:$A$9,MATCH(TRIM($B60),Teams!$B$2:$B$9,0)),"?? CHECK NAME")))
C61: =IF(TRIM($B61)="","",IFERROR(INDEX(People!$A$2:$A$199,MATCH(TRIM($B61),People!$B$2:$B$199,0)),IFERROR(INDEX(Teams!$A$2:$A$9,MATCH(TRIM($B61),Teams!$B$2:$B$9,0)),"?? CHECK NAME")))
C62: =IF(TRIM($B62)="","",IFERROR(INDEX(People!$A$2:$A$199,MATCH(TRIM($B62),People!$B$2:$B$199,0)),IFERROR(INDEX(Teams!$A$2:$A$9,MATCH(TRIM($B62),Teams!$B$2:$B$9,0)),"?? CHECK NAME")))
C63: =IF(TRIM($B63)="","",IFERROR(INDEX(People!$A$2:$A$199,MATCH(TRIM($B63),People!$B$2:$B$199,0)),IFERROR(INDEX(Teams!$A$2:$A$9,MATCH(TRIM($B63),Teams!$B$2:$B$9,0)),"?? CHECK NAME")))
A64: FreshReps | C64: =IF(TRIM($B64)="","",IFERROR(INDEX(People!$A$2:$A$199,MATCH(TRIM($B64),People!$B$2:$B$199,0)),IFERROR(INDEX(Teams!$A$2:$A$9,MATCH(TRIM($B64),Teams!$B$2:$B$9,0)),"?? CHECK NAME")))
C65: =IF(TRIM($B65)="","",IFERROR(INDEX(People!$A$2:$A$199,MATCH(TRIM($B65),People!$B$2:$B$199,0)),IFERROR(INDEX(Teams!$A$2:$A$9,MATCH(TRIM($B65),Teams!$B$2:$B$9,0)),"?? CHECK NAME")))
C66: =IF(TRIM($B66)="","",IFERROR(INDEX(People!$A$2:$A$199,MATCH(TRIM($B66),People!$B$2:$B$199,0)),IFERROR(INDEX(Teams!$A$2:$A$9,MATCH(TRIM($B66),Teams!$B$2:$B$9,0)),"?? CHECK NAME")))
C67: =IF(TRIM($B67)="","",IFERROR(INDEX(People!$A$2:$A$199,MATCH(TRIM($B67),People!$B$2:$B$199,0)),IFERROR(INDEX(Teams!$A$2:$A$9,MATCH(TRIM($B67),Teams!$B$2:$B$9,0)),"?? CHECK NAME")))
C68: =IF(TRIM($B68)="","",IFERROR(INDEX(People!$A$2:$A$199,MATCH(TRIM($B68),People!$B$2:$B$199,0)),IFERROR(INDEX(Teams!$A$2:$A$9,MATCH(TRIM($B68),Teams!$B$2:$B$9,0)),"?? CHECK NAME")))
A69: TEAMS — anything the whole team does goes on its own row
A70: Team | B70: UNC Taar Heel Raas | C70: =IF(TRIM($B70)="","",IFERROR(INDEX(People!$A$2:$A$199,MATCH(TRIM($B70),People!$B$2:$B$199,0)),IFERROR(INDEX(Teams!$A$2:$A$9,MATCH(TRIM($B70),Teams!$B$2:$B$9,0)),"?? CHECK NAME")))
A71: Team | B71: Illini Raas | C71: =IF(TRIM($B71)="","",IFERROR(INDEX(People!$A$2:$A$199,MATCH(TRIM($B71),People!$B$2:$B$199,0)),IFERROR(INDEX(Teams!$A$2:$A$9,MATCH(TRIM($B71),Teams!$B$2:$B$9,0)),"?? CHECK NAME")))
A72: Team | B72: UTD Taraas | C72: =IF(TRIM($B72)="","",IFERROR(INDEX(People!$A$2:$A$199,MATCH(TRIM($B72),People!$B$2:$B$199,0)),IFERROR(INDEX(Teams!$A$2:$A$9,MATCH(TRIM($B72),Teams!$B$2:$B$9,0)),"?? CHECK NAME")))
A73: Team | B73: UVA Hooraas | C73: =IF(TRIM($B73)="","",IFERROR(INDEX(People!$A$2:$A$199,MATCH(TRIM($B73),People!$B$2:$B$199,0)),IFERROR(INDEX(Teams!$A$2:$A$9,MATCH(TRIM($B73),Teams!$B$2:$B$9,0)),"?? CHECK NAME")))
A74: Team | B74: UMD Entouraas | C74: =IF(TRIM($B74)="","",IFERROR(INDEX(People!$A$2:$A$199,MATCH(TRIM($B74),People!$B$2:$B$199,0)),IFERROR(INDEX(Teams!$A$2:$A$9,MATCH(TRIM($B74),Teams!$B$2:$B$9,0)),"?? CHECK NAME")))
A75: Team | B75: Michigan Wolveraas | C75: =IF(TRIM($B75)="","",IFERROR(INDEX(People!$A$2:$A$199,MATCH(TRIM($B75),People!$B$2:$B$199,0)),IFERROR(INDEX(Teams!$A$2:$A$9,MATCH(TRIM($B75),Teams!$B$2:$B$9,0)),"?? CHECK NAME")))
A76: Team | B76: MSU Raasparty | C76: =IF(TRIM($B76)="","",IFERROR(INDEX(People!$A$2:$A$199,MATCH(TRIM($B76),People!$B$2:$B$199,0)),IFERROR(INDEX(Teams!$A$2:$A$9,MATCH(TRIM($B76),Teams!$B$2:$B$9,0)),"?? CHECK NAME")))
A77: Team | B77: GT Ramblin Raas | C77: =IF(TRIM($B77)="","",IFERROR(INDEX(People!$A$2:$A$199,MATCH(TRIM($B77),People!$B$2:$B$199,0)),IFERROR(INDEX(Teams!$A$2:$A$9,MATCH(TRIM($B77),Teams!$B$2:$B$9,0)),"?? CHECK NAME")))
A78: JUDGES, VIDEOGRAPHERS & RAS REPS
A79: Judges | B79: All Judges | C79: ROLE-JUDGES
A80: Videographers | B80: All Videographers | C80: ROLE-VIDEO
A81: RAS Reps | C81: =IF(TRIM($B81)="","",IFERROR(INDEX(People!$A$2:$A$199,MATCH(TRIM($B81),People!$B$2:$B$199,0)),IFERROR(INDEX(Teams!$A$2:$A$9,MATCH(TRIM($B81),Teams!$B$2:$B$9,0)),"?? CHECK NAME")))
C82: =IF(TRIM($B82)="","",IFERROR(INDEX(People!$A$2:$A$199,MATCH(TRIM($B82),People!$B$2:$B$199,0)),IFERROR(INDEX(Teams!$A$2:$A$9,MATCH(TRIM($B82),Teams!$B$2:$B$9,0)),"?? CHECK NAME")))
C83: =IF(TRIM($B83)="","",IFERROR(INDEX(People!$A$2:$A$199,MATCH(TRIM($B83),People!$B$2:$B$199,0)),IFERROR(INDEX(Teams!$A$2:$A$9,MATCH(TRIM($B83),Teams!$B$2:$B$9,0)),"?? CHECK NAME")))
C84: =IF(TRIM($B84)="","",IFERROR(INDEX(People!$A$2:$A$199,MATCH(TRIM($B84),People!$B$2:$B$199,0)),IFERROR(INDEX(Teams!$A$2:$A$9,MATCH(TRIM($B84),Teams!$B$2:$B$9,0)),"?? CHECK NAME")))
C85: =IF(TRIM($B85)="","",IFERROR(INDEX(People!$A$2:$A$199,MATCH(TRIM($B85),People!$B$2:$B$199,0)),IFERROR(INDEX(Teams!$A$2:$A$9,MATCH(TRIM($B85),Teams!$B$2:$B$9,0)),"?? CHECK NAME")))
A86: LIAISONS — names come from the People tab, not typed here
A87: UNC Taar Heel Raas | B87: =IFERROR(INDEX(People!$B$2:$B$199,MATCH($A$87&"#"&1,People!$H$2:$H$199,0)),"") | C87: =IF(TRIM($B87)="","",IFERROR(INDEX(People!$A$2:$A$199,MATCH(TRIM($B87),People!$B$2:$B$199,0)),"?? CHECK NAME"))
B88: =IFERROR(INDEX(People!$B$2:$B$199,MATCH($A$87&"#"&2,People!$H$2:$H$199,0)),"") | C88: =IF(TRIM($B88)="","",IFERROR(INDEX(People!$A$2:$A$199,MATCH(TRIM($B88),People!$B$2:$B$199,0)),"?? CHECK NAME"))
B89: =IFERROR(INDEX(People!$B$2:$B$199,MATCH($A$87&"#"&3,People!$H$2:$H$199,0)),"") | C89: =IF(TRIM($B89)="","",IFERROR(INDEX(People!$A$2:$A$199,MATCH(TRIM($B89),People!$B$2:$B$199,0)),"?? CHECK NAME"))
B90: =IFERROR(INDEX(People!$B$2:$B$199,MATCH($A$87&"#"&4,People!$H$2:$H$199,0)),"") | C90: =IF(TRIM($B90)="","",IFERROR(INDEX(People!$A$2:$A$199,MATCH(TRIM($B90),People!$B$2:$B$199,0)),"?? CHECK NAME"))
B91: =IFERROR(INDEX(People!$B$2:$B$199,MATCH($A$87&"#"&5,People!$H$2:$H$199,0)),"") | C91: =IF(TRIM($B91)="","",IFERROR(INDEX(People!$A$2:$A$199,MATCH(TRIM($B91),People!$B$2:$B$199,0)),"?? CHECK NAME"))
A92: Illini Raas | B92: =IFERROR(INDEX(People!$B$2:$B$199,MATCH($A$92&"#"&1,People!$H$2:$H$199,0)),"") | C92: =IF(TRIM($B92)="","",IFERROR(INDEX(People!$A$2:$A$199,MATCH(TRIM($B92),People!$B$2:$B$199,0)),"?? CHECK NAME"))
B93: =IFERROR(INDEX(People!$B$2:$B$199,MATCH($A$92&"#"&2,People!$H$2:$H$199,0)),"") | C93: =IF(TRIM($B93)="","",IFERROR(INDEX(People!$A$2:$A$199,MATCH(TRIM($B93),People!$B$2:$B$199,0)),"?? CHECK NAME"))
B94: =IFERROR(INDEX(People!$B$2:$B$199,MATCH($A$92&"#"&3,People!$H$2:$H$199,0)),"") | C94: =IF(TRIM($B94)="","",IFERROR(INDEX(People!$A$2:$A$199,MATCH(TRIM($B94),People!$B$2:$B$199,0)),"?? CHECK NAME"))
B95: =IFERROR(INDEX(People!$B$2:$B$199,MATCH($A$92&"#"&4,People!$H$2:$H$199,0)),"") | C95: =IF(TRIM($B95)="","",IFERROR(INDEX(People!$A$2:$A$199,MATCH(TRIM($B95),People!$B$2:$B$199,0)),"?? CHECK NAME"))
B96: =IFERROR(INDEX(People!$B$2:$B$199,MATCH($A$92&"#"&5,People!$H$2:$H$199,0)),"") | C96: =IF(TRIM($B96)="","",IFERROR(INDEX(People!$A$2:$A$199,MATCH(TRIM($B96),People!$B$2:$B$199,0)),"?? CHECK NAME"))
A97: UTD Taraas | B97: =IFERROR(INDEX(People!$B$2:$B$199,MATCH($A$97&"#"&1,People!$H$2:$H$199,0)),"") | C97: =IF(TRIM($B97)="","",IFERROR(INDEX(People!$A$2:$A$199,MATCH(TRIM($B97),People!$B$2:$B$199,0)),"?? CHECK NAME"))
B98: =IFERROR(INDEX(People!$B$2:$B$199,MATCH($A$97&"#"&2,People!$H$2:$H$199,0)),"") | C98: =IF(TRIM($B98)="","",IFERROR(INDEX(People!$A$2:$A$199,MATCH(TRIM($B98),People!$B$2:$B$199,0)),"?? CHECK NAME"))
B99: =IFERROR(INDEX(People!$B$2:$B$199,MATCH($A$97&"#"&3,People!$H$2:$H$199,0)),"") | C99: =IF(TRIM($B99)="","",IFERROR(INDEX(People!$A$2:$A$199,MATCH(TRIM($B99),People!$B$2:$B$199,0)),"?? CHECK NAME"))
B100: =IFERROR(INDEX(People!$B$2:$B$199,MATCH($A$97&"#"&4,People!$H$2:$H$199,0)),"") | C100: =IF(TRIM($B100)="","",IFERROR(INDEX(People!$A$2:$A$199,MATCH(TRIM($B100),People!$B$2:$B$199,0)),"?? CHECK NAME"))
...

Sheet Friday
A1: Group | B1: Name | C1: ID | D1: =Instructions!$C$14 | CB1: =Instructions!$C$14+1
D2: 0.20833333 | E2: 0.21875 | F2: 0.22916667 | G2: 0.23958333 | H2: 0.25 | I2: 0.26041667 | J2: 0.27083333 | K2: 0.28125 | L2: 0.29166667 | M2: 0.30208333 | N2: 0.3125 | O2: 0.32291667 | P2: 0.33333333 | Q2: 0.34375 | R2: 0.35416667 | S2: 0.36458333 | T2: 0.375 | U2: 0.38541667 | V2: 0.39583333 | W2: 0.40625 | X2: 0.41666667 | Y2: 0.42708333 | Z2: 0.4375 | AA2: 0.44791667 | AB2: 0.45833333 | AC2: 0.46875 | AD2: 0.47916667 | AE2: 0.48958333 | AF2: 0.5 | AG2: 0.51041667 | AH2: 0.52083333 | AI2: 0.53125 | AJ2: 0.54166667 | AK2: 0.55208333 | AL2: 0.5625 | AM2: 0.57291667 | AN2: 0.58333333 | AO2: 0.59375 | AP2: 0.60416667 | AQ2: 0.61458333 | AR2: 0.625 | AS2: 0.63541667 | AT2: 0.64583333 | AU2: 0.65625 | AV2: 0.66666667 | AW2: 0.67708333 | AX2: 0.6875 | AY2: 0.69791667 | AZ2: 0.70833333 | BA2: 0.71875 | BB2: 0.72916667 | BC2: 0.73958333 | BD2: 0.75 | BE2: 0.76041667 | BF2: 0.77083333 | BG2: 0.78125 | BH2: 0.79166667 | BI2: 0.80208333 | BJ2: 0.8125 | BK2: 0.82291667 | BL2: 0.83333333 | BM2: 0.84375 | BN2: 0.85416667 | BO2: 0.86458333 | BP2: 0.875 | BQ2: 0.88541667 | BR2: 0.89583333 | BS2: 0.90625 | BT2: 0.91666667 | BU2: 0.92708333 | BV2: 0.9375 | BW2: 0.94791667 | BX2: 0.95833333 | BY2: 0.96875 | BZ2: 0.97916667 | CA2: 0.98958333 | CB2: 0 | CC2: 0.010416667 | CD2: 0.020833333 | CE2: 0.03125
A3: BOARD MEMBERS
A4: Directors | B4: Example Director | C4: =IF(TRIM($B4)="","",IFERROR(INDEX(People!$A$2:$A$199,MATCH(TRIM($B4),People!$B$2:$B$199,0)),IFERROR(INDEX(Teams!$A$2:$A$9,MATCH(TRIM($B4),Teams!$B$2:$B$9,0)),"?? CHECK NAME"))) | H4: 6:00 AM - 5:00 PM HOTEL (REG ROOM) Check in teams, help Head Liaisons with room setup
C5: =IF(TRIM($B5)="","",IFERROR(INDEX(People!$A$2:$A$199,MATCH(TRIM($B5),People!$B$2:$B$199,0)),IFERROR(INDEX(Teams!$A$2:$A$9,MATCH(TRIM($B5),Teams!$B$2:$B$9,0)),"?? CHECK NAME")))
C6: =IF(TRIM($B6)="","",IFERROR(INDEX(People!$A$2:$A$199,MATCH(TRIM($B6),People!$B$2:$B$199,0)),IFERROR(INDEX(Teams!$A$2:$A$9,MATCH(TRIM($B6),Teams!$B$2:$B$9,0)),"?? CHECK NAME")))
C7: =IF(TRIM($B7)="","",IFERROR(INDEX(People!$A$2:$A$199,MATCH(TRIM($B7),People!$B$2:$B$199,0)),IFERROR(INDEX(Teams!$A$2:$A$9,MATCH(TRIM($B7),Teams!$B$2:$B$9,0)),"?? CHECK NAME")))
C8: =IF(TRIM($B8)="","",IFERROR(INDEX(People!$A$2:$A$199,MATCH(TRIM($B8),People!$B$2:$B$199,0)),IFERROR(INDEX(Teams!$A$2:$A$9,MATCH(TRIM($B8),Teams!$B$2:$B$9,0)),"?? CHECK NAME")))
A9: Senior Advisors | C9: =IF(TRIM($B9)="","",IFERROR(INDEX(People!$A$2:$A$199,MATCH(TRIM($B9),People!$B$2:$B$199,0)),IFERROR(INDEX(Teams!$A$2:$A$9,MATCH(TRIM($B9),Teams!$B$2:$B$9,0)),"?? CHECK NAME")))
C10: =IF(TRIM($B10)="","",IFERROR(INDEX(People!$A$2:$A$199,MATCH(TRIM($B10),People!$B$2:$B$199,0)),IFERROR(INDEX(Teams!$A$2:$A$9,MATCH(TRIM($B10),Teams!$B$2:$B$9,0)),"?? CHECK NAME")))
C11: =IF(TRIM($B11)="","",IFERROR(INDEX(People!$A$2:$A$199,MATCH(TRIM($B11),People!$B$2:$B$199,0)),IFERROR(INDEX(Teams!$A$2:$A$9,MATCH(TRIM($B11),Teams!$B$2:$B$9,0)),"?? CHECK NAME")))
C12: =IF(TRIM($B12)="","",IFERROR(INDEX(People!$A$2:$A$199,MATCH(TRIM($B12),People!$B$2:$B$199,0)),IFERROR(INDEX(Teams!$A$2:$A$9,MATCH(TRIM($B12),Teams!$B$2:$B$9,0)),"?? CHECK NAME")))
C13: =IF(TRIM($B13)="","",IFERROR(INDEX(People!$A$2:$A$199,MATCH(TRIM($B13),People!$B$2:$B$199,0)),IFERROR(INDEX(Teams!$A$2:$A$9,MATCH(TRIM($B13),Teams!$B$2:$B$9,0)),"?? CHECK NAME")))
A14: Logistics | C14: =IF(TRIM($B14)="","",IFERROR(INDEX(People!$A$2:$A$199,MATCH(TRIM($B14),People!$B$2:$B$199,0)),IFERROR(INDEX(Teams!$A$2:$A$9,MATCH(TRIM($B14),Teams!$B$2:$B$9,0)),"?? CHECK NAME")))
C15: =IF(TRIM($B15)="","",IFERROR(INDEX(People!$A$2:$A$199,MATCH(TRIM($B15),People!$B$2:$B$199,0)),IFERROR(INDEX(Teams!$A$2:$A$9,MATCH(TRIM($B15),Teams!$B$2:$B$9,0)),"?? CHECK NAME")))
C16: =IF(TRIM($B16)="","",IFERROR(INDEX(People!$A$2:$A$199,MATCH(TRIM($B16),People!$B$2:$B$199,0)),IFERROR(INDEX(Teams!$A$2:$A$9,MATCH(TRIM($B16),Teams!$B$2:$B$9,0)),"?? CHECK NAME")))
C17: =IF(TRIM($B17)="","",IFERROR(INDEX(People!$A$2:$A$199,MATCH(TRIM($B17),People!$B$2:$B$199,0)),IFERROR(INDEX(Teams!$A$2:$A$9,MATCH(TRIM($B17),Teams!$B$2:$B$9,0)),"?? CHECK NAME")))
C18: =IF(TRIM($B18)="","",IFERROR(INDEX(People!$A$2:$A$199,MATCH(TRIM($B18),People!$B$2:$B$199,0)),IFERROR(INDEX(Teams!$A$2:$A$9,MATCH(TRIM($B18),Teams!$B$2:$B$9,0)),"?? CHECK NAME")))
A19: Hospitality | C19: =IF(TRIM($B19)="","",IFERROR(INDEX(People!$A$2:$A$199,MATCH(TRIM($B19),People!$B$2:$B$199,0)),IFERROR(INDEX(Teams!$A$2:$A$9,MATCH(TRIM($B19),Teams!$B$2:$B$9,0)),"?? CHECK NAME")))
C20: =IF(TRIM($B20)="","",IFERROR(INDEX(People!$A$2:$A$199,MATCH(TRIM($B20),People!$B$2:$B$199,0)),IFERROR(INDEX(Teams!$A$2:$A$9,MATCH(TRIM($B20),Teams!$B$2:$B$9,0)),"?? CHECK NAME")))
C21: =IF(TRIM($B21)="","",IFERROR(INDEX(People!$A$2:$A$199,MATCH(TRIM($B21),People!$B$2:$B$199,0)),IFERROR(INDEX(Teams!$A$2:$A$9,MATCH(TRIM($B21),Teams!$B$2:$B$9,0)),"?? CHECK NAME")))
C22: =IF(TRIM($B22)="","",IFERROR(INDEX(People!$A$2:$A$199,MATCH(TRIM($B22),People!$B$2:$B$199,0)),IFERROR(INDEX(Teams!$A$2:$A$9,MATCH(TRIM($B22),Teams!$B$2:$B$9,0)),"?? CHECK NAME")))
C23: =IF(TRIM($B23)="","",IFERROR(INDEX(People!$A$2:$A$199,MATCH(TRIM($B23),People!$B$2:$B$199,0)),IFERROR(INDEX(Teams!$A$2:$A$9,MATCH(TRIM($B23),Teams!$B$2:$B$9,0)),"?? CHECK NAME")))
A24: Creative | C24: =IF(TRIM($B24)="","",IFERROR(INDEX(People!$A$2:$A$199,MATCH(TRIM($B24),People!$B$2:$B$199,0)),IFERROR(INDEX(Teams!$A$2:$A$9,MATCH(TRIM($B24),Teams!$B$2:$B$9,0)),"?? CHECK NAME")))
C25: =IF(TRIM($B25)="","",IFERROR(INDEX(People!$A$2:$A$199,MATCH(TRIM($B25),People!$B$2:$B$199,0)),IFERROR(INDEX(Teams!$A$2:$A$9,MATCH(TRIM($B25),Teams!$B$2:$B$9,0)),"?? CHECK NAME")))
C26: =IF(TRIM($B26)="","",IFERROR(INDEX(People!$A$2:$A$199,MATCH(TRIM($B26),People!$B$2:$B$199,0)),IFERROR(INDEX(Teams!$A$2:$A$9,MATCH(TRIM($B26),Teams!$B$2:$B$9,0)),"?? CHECK NAME")))
C27: =IF(TRIM($B27)="","",IFERROR(INDEX(People!$A$2:$A$199,MATCH(TRIM($B27),People!$B$2:$B$199,0)),IFERROR(INDEX(Teams!$A$2:$A$9,MATCH(TRIM($B27),Teams!$B$2:$B$9,0)),"?? CHECK NAME")))
C28: =IF(TRIM($B28)="","",IFERROR(INDEX(People!$A$2:$A$199,MATCH(TRIM($B28),People!$B$2:$B$199,0)),IFERROR(INDEX(Teams!$A$2:$A$9,MATCH(TRIM($B28),Teams!$B$2:$B$9,0)),"?? CHECK NAME")))
A29: Registration | C29: =IF(TRIM($B29)="","",IFERROR(INDEX(People!$A$2:$A$199,MATCH(TRIM($B29),People!$B$2:$B$199,0)),IFERROR(INDEX(Teams!$A$2:$A$9,MATCH(TRIM($B29),Teams!$B$2:$B$9,0)),"?? CHECK NAME")))
C30: =IF(TRIM($B30)="","",IFERROR(INDEX(People!$A$2:$A$199,MATCH(TRIM($B30),People!$B$2:$B$199,0)),IFERROR(INDEX(Teams!$A$2:$A$9,MATCH(TRIM($B30),Teams!$B$2:$B$9,0)),"?? CHECK NAME")))
C31: =IF(TRIM($B31)="","",IFERROR(INDEX(People!$A$2:$A$199,MATCH(TRIM($B31),People!$B$2:$B$199,0)),IFERROR(INDEX(Teams!$A$2:$A$9,MATCH(TRIM($B31),Teams!$B$2:$B$9,0)),"?? CHECK NAME")))
C32: =IF(TRIM($B32)="","",IFERROR(INDEX(People!$A$2:$A$199,MATCH(TRIM($B32),People!$B$2:$B$199,0)),IFERROR(INDEX(Teams!$A$2:$A$9,MATCH(TRIM($B32),Teams!$B$2:$B$9,0)),"?? CHECK NAME")))
C33: =IF(TRIM($B33)="","",IFERROR(INDEX(People!$A$2:$A$199,MATCH(TRIM($B33),People!$B$2:$B$199,0)),IFERROR(INDEX(Teams!$A$2:$A$9,MATCH(TRIM($B33),Teams!$B$2:$B$9,0)),"?? CHECK NAME")))
A34: Head Liaisons | C34: =IF(TRIM($B34)="","",IFERROR(INDEX(People!$A$2:$A$199,MATCH(TRIM($B34),People!$B$2:$B$199,0)),IFERROR(INDEX(Teams!$A$2:$A$9,MATCH(TRIM($B34),Teams!$B$2:$B$9,0)),"?? CHECK NAME")))
C35: =IF(TRIM($B35)="","",IFERROR(INDEX(People!$A$2:$A$199,MATCH(TRIM($B35),People!$B$2:$B$199,0)),IFERROR(INDEX(Teams!$A$2:$A$9,MATCH(TRIM($B35),Teams!$B$2:$B$9,0)),"?? CHECK NAME")))
C36: =IF(TRIM($B36)="","",IFERROR(INDEX(People!$A$2:$A$199,MATCH(TRIM($B36),People!$B$2:$B$199,0)),IFERROR(INDEX(Teams!$A$2:$A$9,MATCH(TRIM($B36),Teams!$B$2:$B$9,0)),"?? CHECK NAME")))
C37: =IF(TRIM($B37)="","",IFERROR(INDEX(People!$A$2:$A$199,MATCH(TRIM($B37),People!$B$2:$B$199,0)),IFERROR(INDEX(Teams!$A$2:$A$9,MATCH(TRIM($B37),Teams!$B$2:$B$9,0)),"?? CHECK NAME")))
C38: =IF(TRIM($B38)="","",IFERROR(INDEX(People!$A$2:$A$199,MATCH(TRIM($B38),People!$B$2:$B$199,0)),IFERROR(INDEX(Teams!$A$2:$A$9,MATCH(TRIM($B38),Teams!$B$2:$B$9,0)),"?? CHECK NAME")))
A39: PR | C39: =IF(TRIM($B39)="","",IFERROR(INDEX(People!$A$2:$A$199,MATCH(TRIM($B39),People!$B$2:$B$199,0)),IFERROR(INDEX(Teams!$A$2:$A$9,MATCH(TRIM($B39),Teams!$B$2:$B$9,0)),"?? CHECK NAME")))
C40: =IF(TRIM($B40)="","",IFERROR(INDEX(People!$A$2:$A$199,MATCH(TRIM($B40),People!$B$2:$B$199,0)),IFERROR(INDEX(Teams!$A$2:$A$9,MATCH(TRIM($B40),Teams!$B$2:$B$9,0)),"?? CHECK NAME")))
C41: =IF(TRIM($B41)="","",IFERROR(INDEX(People!$A$2:$A$199,MATCH(TRIM($B41),People!$B$2:$B$199,0)),IFERROR(INDEX(Teams!$A$2:$A$9,MATCH(TRIM($B41),Teams!$B$2:$B$9,0)),"?? CHECK NAME")))
C42: =IF(TRIM($B42)="","",IFERROR(INDEX(People!$A$2:$A$199,MATCH(TRIM($B42),People!$B$2:$B$199,0)),IFERROR(INDEX(Teams!$A$2:$A$9,MATCH(TRIM($B42),Teams!$B$2:$B$9,0)),"?? CHECK NAME")))
C43: =IF(TRIM($B43)="","",IFERROR(INDEX(People!$A$2:$A$199,MATCH(TRIM($B43),People!$B$2:$B$199,0)),IFERROR(INDEX(Teams!$A$2:$A$9,MATCH(TRIM($B43),Teams!$B$2:$B$9,0)),"?? CHECK NAME")))
A44: External | C44: =IF(TRIM($B44)="","",IFERROR(INDEX(People!$A$2:$A$199,MATCH(TRIM($B44),People!$B$2:$B$199,0)),IFERROR(INDEX(Teams!$A$2:$A$9,MATCH(TRIM($B44),Teams!$B$2:$B$9,0)),"?? CHECK NAME")))
C45: =IF(TRIM($B45)="","",IFERROR(INDEX(People!$A$2:$A$199,MATCH(TRIM($B45),People!$B$2:$B$199,0)),IFERROR(INDEX(Teams!$A$2:$A$9,MATCH(TRIM($B45),Teams!$B$2:$B$9,0)),"?? CHECK NAME")))
C46: =IF(TRIM($B46)="","",IFERROR(INDEX(People!$A$2:$A$199,MATCH(TRIM($B46),People!$B$2:$B$199,0)),IFERROR(INDEX(Teams!$A$2:$A$9,MATCH(TRIM($B46),Teams!$B$2:$B$9,0)),"?? CHECK NAME")))
C47: =IF(TRIM($B47)="","",IFERROR(INDEX(People!$A$2:$A$199,MATCH(TRIM($B47),People!$B$2:$B$199,0)),IFERROR(INDEX(Teams!$A$2:$A$9,MATCH(TRIM($B47),Teams!$B$2:$B$9,0)),"?? CHECK NAME")))
C48: =IF(TRIM($B48)="","",IFERROR(INDEX(People!$A$2:$A$199,MATCH(TRIM($B48),People!$B$2:$B$199,0)),IFERROR(INDEX(Teams!$A$2:$A$9,MATCH(TRIM($B48),Teams!$B$2:$B$9,0)),"?? CHECK NAME")))
A49: Judging | C49: =IF(TRIM($B49)="","",IFERROR(INDEX(People!$A$2:$A$199,MATCH(TRIM($B49),People!$B$2:$B$199,0)),IFERROR(INDEX(Teams!$A$2:$A$9,MATCH(TRIM($B49),Teams!$B$2:$B$9,0)),"?? CHECK NAME")))
C50: =IF(TRIM($B50)="","",IFERROR(INDEX(People!$A$2:$A$199,MATCH(TRIM($B50),People!$B$2:$B$199,0)),IFERROR(INDEX(Teams!$A$2:$A$9,MATCH(TRIM($B50),Teams!$B$2:$B$9,0)),"?? CHECK NAME")))
C51: =IF(TRIM($B51)="","",IFERROR(INDEX(People!$A$2:$A$199,MATCH(TRIM($B51),People!$B$2:$B$199,0)),IFERROR(INDEX(Teams!$A$2:$A$9,MATCH(TRIM($B51),Teams!$B$2:$B$9,0)),"?? CHECK NAME")))
C52: =IF(TRIM($B52)="","",IFERROR(INDEX(People!$A$2:$A$199,MATCH(TRIM($B52),People!$B$2:$B$199,0)),IFERROR(INDEX(Teams!$A$2:$A$9,MATCH(TRIM($B52),Teams!$B$2:$B$9,0)),"?? CHECK NAME")))
C53: =IF(TRIM($B53)="","",IFERROR(INDEX(People!$A$2:$A$199,MATCH(TRIM($B53),People!$B$2:$B$199,0)),IFERROR(INDEX(Teams!$A$2:$A$9,MATCH(TRIM($B53),Teams!$B$2:$B$9,0)),"?? CHECK NAME")))
A54: Fundraising | C54: =IF(TRIM($B54)="","",IFERROR(INDEX(People!$A$2:$A$199,MATCH(TRIM($B54),People!$B$2:$B$199,0)),IFERROR(INDEX(Teams!$A$2:$A$9,MATCH(TRIM($B54),Teams!$B$2:$B$9,0)),"?? CHECK NAME")))
C55: =IF(TRIM($B55)="","",IFERROR(INDEX(People!$A$2:$A$199,MATCH(TRIM($B55),People!$B$2:$B$199,0)),IFERROR(INDEX(Teams!$A$2:$A$9,MATCH(TRIM($B55),Teams!$B$2:$B$9,0)),"?? CHECK NAME")))
C56: =IF(TRIM($B56)="","",IFERROR(INDEX(People!$A$2:$A$199,MATCH(TRIM($B56),People!$B$2:$B$199,0)),IFERROR(INDEX(Teams!$A$2:$A$9,MATCH(TRIM($B56),Teams!$B$2:$B$9,0)),"?? CHECK NAME")))
C57: =IF(TRIM($B57)="","",IFERROR(INDEX(People!$A$2:$A$199,MATCH(TRIM($B57),People!$B$2:$B$199,0)),IFERROR(INDEX(Teams!$A$2:$A$9,MATCH(TRIM($B57),Teams!$B$2:$B$9,0)),"?? CHECK NAME")))
C58: =IF(TRIM($B58)="","",IFERROR(INDEX(People!$A$2:$A$199,MATCH(TRIM($B58),People!$B$2:$B$199,0)),IFERROR(INDEX(Teams!$A$2:$A$9,MATCH(TRIM($B58),Teams!$B$2:$B$9,0)),"?? CHECK NAME")))
A59: Campus Wellness | C59: =IF(TRIM($B59)="","",IFERROR(INDEX(People!$A$2:$A$199,MATCH(TRIM($B59),People!$B$2:$B$199,0)),IFERROR(INDEX(Teams!$A$2:$A$9,MATCH(TRIM($B59),Teams!$B$2:$B$9,0)),"?? CHECK NAME")))
C60: =IF(TRIM($B60)="","",IFERROR(INDEX(People!$A$2:$A$199,MATCH(TRIM($B60),People!$B$2:$B$199,0)),IFERROR(INDEX(Teams!$A$2:$A$9,MATCH(TRIM($B60),Teams!$B$2:$B$9,0)),"?? CHECK NAME")))
C61: =IF(TRIM($B61)="","",IFERROR(INDEX(People!$A$2:$A$199,MATCH(TRIM($B61),People!$B$2:$B$199,0)),IFERROR(INDEX(Teams!$A$2:$A$9,MATCH(TRIM($B61),Teams!$B$2:$B$9,0)),"?? CHECK NAME")))
C62: =IF(TRIM($B62)="","",IFERROR(INDEX(People!$A$2:$A$199,MATCH(TRIM($B62),People!$B$2:$B$199,0)),IFERROR(INDEX(Teams!$A$2:$A$9,MATCH(TRIM($B62),Teams!$B$2:$B$9,0)),"?? CHECK NAME")))
C63: =IF(TRIM($B63)="","",IFERROR(INDEX(People!$A$2:$A$199,MATCH(TRIM($B63),People!$B$2:$B$199,0)),IFERROR(INDEX(Teams!$A$2:$A$9,MATCH(TRIM($B63),Teams!$B$2:$B$9,0)),"?? CHECK NAME")))
A64: FreshReps | C64: =IF(TRIM($B64)="","",IFERROR(INDEX(People!$A$2:$A$199,MATCH(TRIM($B64),People!$B$2:$B$199,0)),IFERROR(INDEX(Teams!$A$2:$A$9,MATCH(TRIM($B64),Teams!$B$2:$B$9,0)),"?? CHECK NAME")))
C65: =IF(TRIM($B65)="","",IFERROR(INDEX(People!$A$2:$A$199,MATCH(TRIM($B65),People!$B$2:$B$199,0)),IFERROR(INDEX(Teams!$A$2:$A$9,MATCH(TRIM($B65),Teams!$B$2:$B$9,0)),"?? CHECK NAME")))
C66: =IF(TRIM($B66)="","",IFERROR(INDEX(People!$A$2:$A$199,MATCH(TRIM($B66),People!$B$2:$B$199,0)),IFERROR(INDEX(Teams!$A$2:$A$9,MATCH(TRIM($B66),Teams!$B$2:$B$9,0)),"?? CHECK NAME")))
C67: =IF(TRIM($B67)="","",IFERROR(INDEX(People!$A$2:$A$199,MATCH(TRIM($B67),People!$B$2:$B$199,0)),IFERROR(INDEX(Teams!$A$2:$A$9,MATCH(TRIM($B67),Teams!$B$2:$B$9,0)),"?? CHECK NAME")))
C68: =IF(TRIM($B68)="","",IFERROR(INDEX(People!$A$2:$A$199,MATCH(TRIM($B68),People!$B$2:$B$199,0)),IFERROR(INDEX(Teams!$A$2:$A$9,MATCH(TRIM($B68),Teams!$B$2:$B$9,0)),"?? CHECK NAME")))
A69: TEAMS — anything the whole team does goes on its own row
A70: Team | B70: UNC Taar Heel Raas | C70: =IF(TRIM($B70)="","",IFERROR(INDEX(People!$A$2:$A$199,MATCH(TRIM($B70),People!$B$2:$B$199,0)),IFERROR(INDEX(Teams!$A$2:$A$9,MATCH(TRIM($B70),Teams!$B$2:$B$9,0)),"?? CHECK NAME")))
A71: Team | B71: Illini Raas | C71: =IF(TRIM($B71)="","",IFERROR(INDEX(People!$A$2:$A$199,MATCH(TRIM($B71),People!$B$2:$B$199,0)),IFERROR(INDEX(Teams!$A$2:$A$9,MATCH(TRIM($B71),Teams!$B$2:$B$9,0)),"?? CHECK NAME")))
A72: Team | B72: UTD Taraas | C72: =IF(TRIM($B72)="","",IFERROR(INDEX(People!$A$2:$A$199,MATCH(TRIM($B72),People!$B$2:$B$199,0)),IFERROR(INDEX(Teams!$A$2:$A$9,MATCH(TRIM($B72),Teams!$B$2:$B$9,0)),"?? CHECK NAME")))
A73: Team | B73: UVA Hooraas | C73: =IF(TRIM($B73)="","",IFERROR(INDEX(People!$A$2:$A$199,MATCH(TRIM($B73),People!$B$2:$B$199,0)),IFERROR(INDEX(Teams!$A$2:$A$9,MATCH(TRIM($B73),Teams!$B$2:$B$9,0)),"?? CHECK NAME")))
A74: Team | B74: UMD Entouraas | C74: =IF(TRIM($B74)="","",IFERROR(INDEX(People!$A$2:$A$199,MATCH(TRIM($B74),People!$B$2:$B$199,0)),IFERROR(INDEX(Teams!$A$2:$A$9,MATCH(TRIM($B74),Teams!$B$2:$B$9,0)),"?? CHECK NAME")))
A75: Team | B75: Michigan Wolveraas | C75: =IF(TRIM($B75)="","",IFERROR(INDEX(People!$A$2:$A$199,MATCH(TRIM($B75),People!$B$2:$B$199,0)),IFERROR(INDEX(Teams!$A$2:$A$9,MATCH(TRIM($B75),Teams!$B$2:$B$9,0)),"?? CHECK NAME")))
A76: Team | B76: MSU Raasparty | C76: =IF(TRIM($B76)="","",IFERROR(INDEX(People!$A$2:$A$199,MATCH(TRIM($B76),People!$B$2:$B$199,0)),IFERROR(INDEX(Teams!$A$2:$A$9,MATCH(TRIM($B76),Teams!$B$2:$B$9,0)),"?? CHECK NAME")))
A77: Team | B77: GT Ramblin Raas | C77: =IF(TRIM($B77)="","",IFERROR(INDEX(People!$A$2:$A$199,MATCH(TRIM($B77),People!$B$2:$B$199,0)),IFERROR(INDEX(Teams!$A$2:$A$9,MATCH(TRIM($B77),Teams!$B$2:$B$9,0)),"?? CHECK NAME")))
A78: JUDGES, VIDEOGRAPHERS & RAS REPS
A79: Judges | B79: All Judges | C79: ROLE-JUDGES
A80: Videographers | B80: All Videographers | C80: ROLE-VIDEO
A81: RAS Reps | C81: =IF(TRIM($B81)="","",IFERROR(INDEX(People!$A$2:$A$199,MATCH(TRIM($B81),People!$B$2:$B$199,0)),IFERROR(INDEX(Teams!$A$2:$A$9,MATCH(TRIM($B81),Teams!$B$2:$B$9,0)),"?? CHECK NAME")))
C82: =IF(TRIM($B82)="","",IFERROR(INDEX(People!$A$2:$A$199,MATCH(TRIM($B82),People!$B$2:$B$199,0)),IFERROR(INDEX(Teams!$A$2:$A$9,MATCH(TRIM($B82),Teams!$B$2:$B$9,0)),"?? CHECK NAME")))
C83: =IF(TRIM($B83)="","",IFERROR(INDEX(People!$A$2:$A$199,MATCH(TRIM($B83),People!$B$2:$B$199,0)),IFERROR(INDEX(Teams!$A$2:$A$9,MATCH(TRIM($B83),Teams!$B$2:$B$9,0)),"?? CHECK NAME")))
C84: =IF(TRIM($B84)="","",IFERROR(INDEX(People!$A$2:$A$199,MATCH(TRIM($B84),People!$B$2:$B$199,0)),IFERROR(INDEX(Teams!$A$2:$A$9,MATCH(TRIM($B84),Teams!$B$2:$B$9,0)),"?? CHECK NAME")))
C85: =IF(TRIM($B85)="","",IFERROR(INDEX(People!$A$2:$A$199,MATCH(TRIM($B85),People!$B$2:$B$199,0)),IFERROR(INDEX(Teams!$A$2:$A$9,MATCH(TRIM($B85),Teams!$B$2:$B$9,0)),"?? CHECK NAME")))
A86: LIAISONS — names come from the People tab, not typed here
A87: UNC Taar Heel Raas | B87: =IFERROR(INDEX(People!$B$2:$B$199,MATCH($A$87&"#"&1,People!$H$2:$H$199,0)),"") | C87: =IF(TRIM($B87)="","",IFERROR(INDEX(People!$A$2:$A$199,MATCH(TRIM($B87),People!$B$2:$B$199,0)),"?? CHECK NAME"))
B88: =IFERROR(INDEX(People!$B$2:$B$199,MATCH($A$87&"#"&2,People!$H$2:$H$199,0)),"") | C88: =IF(TRIM($B88)="","",IFERROR(INDEX(People!$A$2:$A$199,MATCH(TRIM($B88),People!$B$2:$B$199,0)),"?? CHECK NAME"))
B89: =IFERROR(INDEX(People!$B$2:$B$199,MATCH($A$87&"#"&3,People!$H$2:$H$199,0)),"") | C89: =IF(TRIM($B89)="","",IFERROR(INDEX(People!$A$2:$A$199,MATCH(TRIM($B89),People!$B$2:$B$199,0)),"?? CHECK NAME"))
B90: =IFERROR(INDEX(People!$B$2:$B$199,MATCH($A$87&"#"&4,People!$H$2:$H$199,0)),"") | C90: =IF(TRIM($B90)="","",IFERROR(INDEX(People!$A$2:$A$199,MATCH(TRIM($B90),People!$B$2:$B$199,0)),"?? CHECK NAME"))
B91: =IFERROR(INDEX(People!$B$2:$B$199,MATCH($A$87&"#"&5,People!$H$2:$H$199,0)),"") | C91: =IF(TRIM($B91)="","",IFERROR(INDEX(People!$A$2:$A$199,MATCH(TRIM($B91),People!$B$2:$B$199,0)),"?? CHECK NAME"))
A92: Illini Raas | B92: =IFERROR(INDEX(People!$B$2:$B$199,MATCH($A$92&"#"&1,People!$H$2:$H$199,0)),"") | C92: =IF(TRIM($B92)="","",IFERROR(INDEX(People!$A$2:$A$199,MATCH(TRIM($B92),People!$B$2:$B$199,0)),"?? CHECK NAME"))
B93: =IFERROR(INDEX(People!$B$2:$B$199,MATCH($A$92&"#"&2,People!$H$2:$H$199,0)),"") | C93: =IF(TRIM($B93)="","",IFERROR(INDEX(People!$A$2:$A$199,MATCH(TRIM($B93),People!$B$2:$B$199,0)),"?? CHECK NAME"))
B94: =IFERROR(INDEX(People!$B$2:$B$199,MATCH($A$92&"#"&3,People!$H$2:$H$199,0)),"") | C94: =IF(TRIM($B94)="","",IFERROR(INDEX(People!$A$2:$A$199,MATCH(TRIM($B94),People!$B$2:$B$199,0)),"?? CHECK NAME"))
B95: =IFERROR(INDEX(People!$B$2:$B$199,MATCH($A$92&"#"&4,People!$H$2:$H$199,0)),"") | C95: =IF(TRIM($B95)="","",IFERROR(INDEX(People!$A$2:$A$199,MATCH(TRIM($B95),People!$B$2:$B$199,0)),"?? CHECK NAME"))
B96: =IFERROR(INDEX(People!$B$2:$B$199,MATCH($A$92&"#"&5,People!$H$2:$H$199,0)),"") | C96: =IF(TRIM($B96)="","",IFERROR(INDEX(People!$A$2:$A$199,MATCH(TRIM($B96),People!$B$2:$B$199,0)),"?? CHECK NAME"))
A97: UTD Taraas | B97: =IFERROR(INDEX(People!$B$2:$B$199,MATCH($A$97&"#"&1,People!$H$2:$H$199,0)),"") | C97: =IF(TRIM($B97)="","",IFERROR(INDEX(People!$A$2:$A$199,MATCH(TRIM($B97),People!$B$2:$B$199,0)),"?? CHECK NAME"))
B98: =IFERROR(INDEX(People!$B$2:$B$199,MATCH($A$97&"#"&2,People!$H$2:$H$199,0)),"") | C98: =IF(TRIM($B98)="","",IFERROR(INDEX(People!$A$2:$A$199,MATCH(TRIM($B98),People!$B$2:$B$199,0)),"?? CHECK NAME"))
B99: =IFERROR(INDEX(People!$B$2:$B$199,MATCH($A$97&"#"&3,People!$H$2:$H$199,0)),"") | C99: =IF(TRIM($B99)="","",IFERROR(INDEX(People!$A$2:$A$199,MATCH(TRIM($B99),People!$B$2:$B$199,0)),"?? CHECK NAME"))
B100: =IFERROR(INDEX(People!$B$2:$B$199,MATCH($A$97&"#"&4,People!$H$2:$H$199,0)),"") | C100: =IF(TRIM($B100)="","",IFERROR(INDEX(People!$A$2:$A$199,MATCH(TRIM($B100),People!$B$2:$B$199,0)),"?? CHECK NAME"))
...

Sheet Saturday
A1: Group | B1: Name | C1: ID | D1: =Instructions!$C$14+1 | CH1: =Instructions!$C$14+2
D2: 0.14583333 | E2: 0.15625 | F2: 0.16666667 | G2: 0.17708333 | H2: 0.1875 | I2: 0.19791667 | J2: 0.20833333 | K2: 0.21875 | L2: 0.22916667 | M2: 0.23958333 | N2: 0.25 | O2: 0.26041667 | P2: 0.27083333 | Q2: 0.28125 | R2: 0.29166667 | S2: 0.30208333 | T2: 0.3125 | U2: 0.32291667 | V2: 0.33333333 | W2: 0.34375 | X2: 0.35416667 | Y2: 0.36458333 | Z2: 0.375 | AA2: 0.38541667 | AB2: 0.39583333 | AC2: 0.40625 | AD2: 0.41666667 | AE2: 0.42708333 | AF2: 0.4375 | AG2: 0.44791667 | AH2: 0.45833333 | AI2: 0.46875 | AJ2: 0.47916667 | AK2: 0.48958333 | AL2: 0.5 | AM2: 0.51041667 | AN2: 0.52083333 | AO2: 0.53125 | AP2: 0.54166667 | AQ2: 0.55208333 | AR2: 0.5625 | AS2: 0.57291667 | AT2: 0.58333333 | AU2: 0.59375 | AV2: 0.60416667 | AW2: 0.61458333 | AX2: 0.625 | AY2: 0.63541667 | AZ2: 0.64583333 | BA2: 0.65625 | BB2: 0.66666667 | BC2: 0.67708333 | BD2: 0.6875 | BE2: 0.69791667 | BF2: 0.70833333 | BG2: 0.71875 | BH2: 0.72916667 | BI2: 0.73958333 | BJ2: 0.75 | BK2: 0.76041667 | BL2: 0.77083333 | BM2: 0.78125 | BN2: 0.79166667 | BO2: 0.80208333 | BP2: 0.8125 | BQ2: 0.82291667 | BR2: 0.83333333 | BS2: 0.84375 | BT2: 0.85416667 | BU2: 0.86458333 | BV2: 0.875 | BW2: 0.88541667 | BX2: 0.89583333 | BY2: 0.90625 | BZ2: 0.91666667 | CA2: 0.92708333 | CB2: 0.9375 | CC2: 0.94791667 | CD2: 0.95833333 | CE2: 0.96875 | CF2: 0.97916667 | CG2: 0.98958333 | CH2: 0 | CI2: 0.010416667 | CJ2: 0.020833333 | CK2: 0.03125
A3: BOARD MEMBERS
A4: Directors | C4: =IF(TRIM($B4)="","",IFERROR(INDEX(People!$A$2:$A$199,MATCH(TRIM($B4),People!$B$2:$B$199,0)),IFERROR(INDEX(Teams!$A$2:$A$9,MATCH(TRIM($B4),Teams!$B$2:$B$9,0)),"?? CHECK NAME")))
C5: =IF(TRIM($B5)="","",IFERROR(INDEX(People!$A$2:$A$199,MATCH(TRIM($B5),People!$B$2:$B$199,0)),IFERROR(INDEX(Teams!$A$2:$A$9,MATCH(TRIM($B5),Teams!$B$2:$B$9,0)),"?? CHECK NAME")))
C6: =IF(TRIM($B6)="","",IFERROR(INDEX(People!$A$2:$A$199,MATCH(TRIM($B6),People!$B$2:$B$199,0)),IFERROR(INDEX(Teams!$A$2:$A$9,MATCH(TRIM($B6),Teams!$B$2:$B$9,0)),"?? CHECK NAME")))
C7: =IF(TRIM($B7)="","",IFERROR(INDEX(People!$A$2:$A$199,MATCH(TRIM($B7),People!$B$2:$B$199,0)),IFERROR(INDEX(Teams!$A$2:$A$9,MATCH(TRIM($B7),Teams!$B$2:$B$9,0)),"?? CHECK NAME")))
C8: =IF(TRIM($B8)="","",IFERROR(INDEX(People!$A$2:$A$199,MATCH(TRIM($B8),People!$B$2:$B$199,0)),IFERROR(INDEX(Teams!$A$2:$A$9,MATCH(TRIM($B8),Teams!$B$2:$B$9,0)),"?? CHECK NAME")))
A9: Senior Advisors | C9: =IF(TRIM($B9)="","",IFERROR(INDEX(People!$A$2:$A$199,MATCH(TRIM($B9),People!$B$2:$B$199,0)),IFERROR(INDEX(Teams!$A$2:$A$9,MATCH(TRIM($B9),Teams!$B$2:$B$9,0)),"?? CHECK NAME")))
C10: =IF(TRIM($B10)="","",IFERROR(INDEX(People!$A$2:$A$199,MATCH(TRIM($B10),People!$B$2:$B$199,0)),IFERROR(INDEX(Teams!$A$2:$A$9,MATCH(TRIM($B10),Teams!$B$2:$B$9,0)),"?? CHECK NAME")))
C11: =IF(TRIM($B11)="","",IFERROR(INDEX(People!$A$2:$A$199,MATCH(TRIM($B11),People!$B$2:$B$199,0)),IFERROR(INDEX(Teams!$A$2:$A$9,MATCH(TRIM($B11),Teams!$B$2:$B$9,0)),"?? CHECK NAME")))
C12: =IF(TRIM($B12)="","",IFERROR(INDEX(People!$A$2:$A$199,MATCH(TRIM($B12),People!$B$2:$B$199,0)),IFERROR(INDEX(Teams!$A$2:$A$9,MATCH(TRIM($B12),Teams!$B$2:$B$9,0)),"?? CHECK NAME")))
C13: =IF(TRIM($B13)="","",IFERROR(INDEX(People!$A$2:$A$199,MATCH(TRIM($B13),People!$B$2:$B$199,0)),IFERROR(INDEX(Teams!$A$2:$A$9,MATCH(TRIM($B13),Teams!$B$2:$B$9,0)),"?? CHECK NAME")))
A14: Logistics | C14: =IF(TRIM($B14)="","",IFERROR(INDEX(People!$A$2:$A$199,MATCH(TRIM($B14),People!$B$2:$B$199,0)),IFERROR(INDEX(Teams!$A$2:$A$9,MATCH(TRIM($B14),Teams!$B$2:$B$9,0)),"?? CHECK NAME")))
C15: =IF(TRIM($B15)="","",IFERROR(INDEX(People!$A$2:$A$199,MATCH(TRIM($B15),People!$B$2:$B$199,0)),IFERROR(INDEX(Teams!$A$2:$A$9,MATCH(TRIM($B15),Teams!$B$2:$B$9,0)),"?? CHECK NAME")))
C16: =IF(TRIM($B16)="","",IFERROR(INDEX(People!$A$2:$A$199,MATCH(TRIM($B16),People!$B$2:$B$199,0)),IFERROR(INDEX(Teams!$A$2:$A$9,MATCH(TRIM($B16),Teams!$B$2:$B$9,0)),"?? CHECK NAME")))
C17: =IF(TRIM($B17)="","",IFERROR(INDEX(People!$A$2:$A$199,MATCH(TRIM($B17),People!$B$2:$B$199,0)),IFERROR(INDEX(Teams!$A$2:$A$9,MATCH(TRIM($B17),Teams!$B$2:$B$9,0)),"?? CHECK NAME")))
C18: =IF(TRIM($B18)="","",IFERROR(INDEX(People!$A$2:$A$199,MATCH(TRIM($B18),People!$B$2:$B$199,0)),IFERROR(INDEX(Teams!$A$2:$A$9,MATCH(TRIM($B18),Teams!$B$2:$B$9,0)),"?? CHECK NAME")))
A19: Hospitality | C19: =IF(TRIM($B19)="","",IFERROR(INDEX(People!$A$2:$A$199,MATCH(TRIM($B19),People!$B$2:$B$199,0)),IFERROR(INDEX(Teams!$A$2:$A$9,MATCH(TRIM($B19),Teams!$B$2:$B$9,0)),"?? CHECK NAME")))
C20: =IF(TRIM($B20)="","",IFERROR(INDEX(People!$A$2:$A$199,MATCH(TRIM($B20),People!$B$2:$B$199,0)),IFERROR(INDEX(Teams!$A$2:$A$9,MATCH(TRIM($B20),Teams!$B$2:$B$9,0)),"?? CHECK NAME")))
C21: =IF(TRIM($B21)="","",IFERROR(INDEX(People!$A$2:$A$199,MATCH(TRIM($B21),People!$B$2:$B$199,0)),IFERROR(INDEX(Teams!$A$2:$A$9,MATCH(TRIM($B21),Teams!$B$2:$B$9,0)),"?? CHECK NAME")))
C22: =IF(TRIM($B22)="","",IFERROR(INDEX(People!$A$2:$A$199,MATCH(TRIM($B22),People!$B$2:$B$199,0)),IFERROR(INDEX(Teams!$A$2:$A$9,MATCH(TRIM($B22),Teams!$B$2:$B$9,0)),"?? CHECK NAME")))
C23: =IF(TRIM($B23)="","",IFERROR(INDEX(People!$A$2:$A$199,MATCH(TRIM($B23),People!$B$2:$B$199,0)),IFERROR(INDEX(Teams!$A$2:$A$9,MATCH(TRIM($B23),Teams!$B$2:$B$9,0)),"?? CHECK NAME")))
A24: Creative | C24: =IF(TRIM($B24)="","",IFERROR(INDEX(People!$A$2:$A$199,MATCH(TRIM($B24),People!$B$2:$B$199,0)),IFERROR(INDEX(Teams!$A$2:$A$9,MATCH(TRIM($B24),Teams!$B$2:$B$9,0)),"?? CHECK NAME")))
C25: =IF(TRIM($B25)="","",IFERROR(INDEX(People!$A$2:$A$199,MATCH(TRIM($B25),People!$B$2:$B$199,0)),IFERROR(INDEX(Teams!$A$2:$A$9,MATCH(TRIM($B25),Teams!$B$2:$B$9,0)),"?? CHECK NAME")))
C26: =IF(TRIM($B26)="","",IFERROR(INDEX(People!$A$2:$A$199,MATCH(TRIM($B26),People!$B$2:$B$199,0)),IFERROR(INDEX(Teams!$A$2:$A$9,MATCH(TRIM($B26),Teams!$B$2:$B$9,0)),"?? CHECK NAME")))
C27: =IF(TRIM($B27)="","",IFERROR(INDEX(People!$A$2:$A$199,MATCH(TRIM($B27),People!$B$2:$B$199,0)),IFERROR(INDEX(Teams!$A$2:$A$9,MATCH(TRIM($B27),Teams!$B$2:$B$9,0)),"?? CHECK NAME")))
C28: =IF(TRIM($B28)="","",IFERROR(INDEX(People!$A$2:$A$199,MATCH(TRIM($B28),People!$B$2:$B$199,0)),IFERROR(INDEX(Teams!$A$2:$A$9,MATCH(TRIM($B28),Teams!$B$2:$B$9,0)),"?? CHECK NAME")))
A29: Registration | C29: =IF(TRIM($B29)="","",IFERROR(INDEX(People!$A$2:$A$199,MATCH(TRIM($B29),People!$B$2:$B$199,0)),IFERROR(INDEX(Teams!$A$2:$A$9,MATCH(TRIM($B29),Teams!$B$2:$B$9,0)),"?? CHECK NAME")))
C30: =IF(TRIM($B30)="","",IFERROR(INDEX(People!$A$2:$A$199,MATCH(TRIM($B30),People!$B$2:$B$199,0)),IFERROR(INDEX(Teams!$A$2:$A$9,MATCH(TRIM($B30),Teams!$B$2:$B$9,0)),"?? CHECK NAME")))
C31: =IF(TRIM($B31)="","",IFERROR(INDEX(People!$A$2:$A$199,MATCH(TRIM($B31),People!$B$2:$B$199,0)),IFERROR(INDEX(Teams!$A$2:$A$9,MATCH(TRIM($B31),Teams!$B$2:$B$9,0)),"?? CHECK NAME")))
C32: =IF(TRIM($B32)="","",IFERROR(INDEX(People!$A$2:$A$199,MATCH(TRIM($B32),People!$B$2:$B$199,0)),IFERROR(INDEX(Teams!$A$2:$A$9,MATCH(TRIM($B32),Teams!$B$2:$B$9,0)),"?? CHECK NAME")))
C33: =IF(TRIM($B33)="","",IFERROR(INDEX(People!$A$2:$A$199,MATCH(TRIM($B33),People!$B$2:$B$199,0)),IFERROR(INDEX(Teams!$A$2:$A$9,MATCH(TRIM($B33),Teams!$B$2:$B$9,0)),"?? CHECK NAME")))
A34: Head Liaisons | C34: =IF(TRIM($B34)="","",IFERROR(INDEX(People!$A$2:$A$199,MATCH(TRIM($B34),People!$B$2:$B$199,0)),IFERROR(INDEX(Teams!$A$2:$A$9,MATCH(TRIM($B34),Teams!$B$2:$B$9,0)),"?? CHECK NAME")))
C35: =IF(TRIM($B35)="","",IFERROR(INDEX(People!$A$2:$A$199,MATCH(TRIM($B35),People!$B$2:$B$199,0)),IFERROR(INDEX(Teams!$A$2:$A$9,MATCH(TRIM($B35),Teams!$B$2:$B$9,0)),"?? CHECK NAME")))
C36: =IF(TRIM($B36)="","",IFERROR(INDEX(People!$A$2:$A$199,MATCH(TRIM($B36),People!$B$2:$B$199,0)),IFERROR(INDEX(Teams!$A$2:$A$9,MATCH(TRIM($B36),Teams!$B$2:$B$9,0)),"?? CHECK NAME")))
C37: =IF(TRIM($B37)="","",IFERROR(INDEX(People!$A$2:$A$199,MATCH(TRIM($B37),People!$B$2:$B$199,0)),IFERROR(INDEX(Teams!$A$2:$A$9,MATCH(TRIM($B37),Teams!$B$2:$B$9,0)),"?? CHECK NAME")))
C38: =IF(TRIM($B38)="","",IFERROR(INDEX(People!$A$2:$A$199,MATCH(TRIM($B38),People!$B$2:$B$199,0)),IFERROR(INDEX(Teams!$A$2:$A$9,MATCH(TRIM($B38),Teams!$B$2:$B$9,0)),"?? CHECK NAME")))
A39: PR | C39: =IF(TRIM($B39)="","",IFERROR(INDEX(People!$A$2:$A$199,MATCH(TRIM($B39),People!$B$2:$B$199,0)),IFERROR(INDEX(Teams!$A$2:$A$9,MATCH(TRIM($B39),Teams!$B$2:$B$9,0)),"?? CHECK NAME")))
C40: =IF(TRIM($B40)="","",IFERROR(INDEX(People!$A$2:$A$199,MATCH(TRIM($B40),People!$B$2:$B$199,0)),IFERROR(INDEX(Teams!$A$2:$A$9,MATCH(TRIM($B40),Teams!$B$2:$B$9,0)),"?? CHECK NAME")))
C41: =IF(TRIM($B41)="","",IFERROR(INDEX(People!$A$2:$A$199,MATCH(TRIM($B41),People!$B$2:$B$199,0)),IFERROR(INDEX(Teams!$A$2:$A$9,MATCH(TRIM($B41),Teams!$B$2:$B$9,0)),"?? CHECK NAME")))
C42: =IF(TRIM($B42)="","",IFERROR(INDEX(People!$A$2:$A$199,MATCH(TRIM($B42),People!$B$2:$B$199,0)),IFERROR(INDEX(Teams!$A$2:$A$9,MATCH(TRIM($B42),Teams!$B$2:$B$9,0)),"?? CHECK NAME")))
C43: =IF(TRIM($B43)="","",IFERROR(INDEX(People!$A$2:$A$199,MATCH(TRIM($B43),People!$B$2:$B$199,0)),IFERROR(INDEX(Teams!$A$2:$A$9,MATCH(TRIM($B43),Teams!$B$2:$B$9,0)),"?? CHECK NAME")))
A44: External | C44: =IF(TRIM($B44)="","",IFERROR(INDEX(People!$A$2:$A$199,MATCH(TRIM($B44),People!$B$2:$B$199,0)),IFERROR(INDEX(Teams!$A$2:$A$9,MATCH(TRIM($B44),Teams!$B$2:$B$9,0)),"?? CHECK NAME")))
C45: =IF(TRIM($B45)="","",IFERROR(INDEX(People!$A$2:$A$199,MATCH(TRIM($B45),People!$B$2:$B$199,0)),IFERROR(INDEX(Teams!$A$2:$A$9,MATCH(TRIM($B45),Teams!$B$2:$B$9,0)),"?? CHECK NAME")))
C46: =IF(TRIM($B46)="","",IFERROR(INDEX(People!$A$2:$A$199,MATCH(TRIM($B46),People!$B$2:$B$199,0)),IFERROR(INDEX(Teams!$A$2:$A$9,MATCH(TRIM($B46),Teams!$B$2:$B$9,0)),"?? CHECK NAME")))
C47: =IF(TRIM($B47)="","",IFERROR(INDEX(People!$A$2:$A$199,MATCH(TRIM($B47),People!$B$2:$B$199,0)),IFERROR(INDEX(Teams!$A$2:$A$9,MATCH(TRIM($B47),Teams!$B$2:$B$9,0)),"?? CHECK NAME")))
C48: =IF(TRIM($B48)="","",IFERROR(INDEX(People!$A$2:$A$199,MATCH(TRIM($B48),People!$B$2:$B$199,0)),IFERROR(INDEX(Teams!$A$2:$A$9,MATCH(TRIM($B48),Teams!$B$2:$B$9,0)),"?? CHECK NAME")))
A49: Judging | C49: =IF(TRIM($B49)="","",IFERROR(INDEX(People!$A$2:$A$199,MATCH(TRIM($B49),People!$B$2:$B$199,0)),IFERROR(INDEX(Teams!$A$2:$A$9,MATCH(TRIM($B49),Teams!$B$2:$B$9,0)),"?? CHECK NAME")))
C50: =IF(TRIM($B50)="","",IFERROR(INDEX(People!$A$2:$A$199,MATCH(TRIM($B50),People!$B$2:$B$199,0)),IFERROR(INDEX(Teams!$A$2:$A$9,MATCH(TRIM($B50),Teams!$B$2:$B$9,0)),"?? CHECK NAME")))
C51: =IF(TRIM($B51)="","",IFERROR(INDEX(People!$A$2:$A$199,MATCH(TRIM($B51),People!$B$2:$B$199,0)),IFERROR(INDEX(Teams!$A$2:$A$9,MATCH(TRIM($B51),Teams!$B$2:$B$9,0)),"?? CHECK NAME")))
C52: =IF(TRIM($B52)="","",IFERROR(INDEX(People!$A$2:$A$199,MATCH(TRIM($B52),People!$B$2:$B$199,0)),IFERROR(INDEX(Teams!$A$2:$A$9,MATCH(TRIM($B52),Teams!$B$2:$B$9,0)),"?? CHECK NAME")))
C53: =IF(TRIM($B53)="","",IFERROR(INDEX(People!$A$2:$A$199,MATCH(TRIM($B53),People!$B$2:$B$199,0)),IFERROR(INDEX(Teams!$A$2:$A$9,MATCH(TRIM($B53),Teams!$B$2:$B$9,0)),"?? CHECK NAME")))
A54: Fundraising | C54: =IF(TRIM($B54)="","",IFERROR(INDEX(People!$A$2:$A$199,MATCH(TRIM($B54),People!$B$2:$B$199,0)),IFERROR(INDEX(Teams!$A$2:$A$9,MATCH(TRIM($B54),Teams!$B$2:$B$9,0)),"?? CHECK NAME")))
C55: =IF(TRIM($B55)="","",IFERROR(INDEX(People!$A$2:$A$199,MATCH(TRIM($B55),People!$B$2:$B$199,0)),IFERROR(INDEX(Teams!$A$2:$A$9,MATCH(TRIM($B55),Teams!$B$2:$B$9,0)),"?? CHECK NAME")))
C56: =IF(TRIM($B56)="","",IFERROR(INDEX(People!$A$2:$A$199,MATCH(TRIM($B56),People!$B$2:$B$199,0)),IFERROR(INDEX(Teams!$A$2:$A$9,MATCH(TRIM($B56),Teams!$B$2:$B$9,0)),"?? CHECK NAME")))
C57: =IF(TRIM($B57)="","",IFERROR(INDEX(People!$A$2:$A$199,MATCH(TRIM($B57),People!$B$2:$B$199,0)),IFERROR(INDEX(Teams!$A$2:$A$9,MATCH(TRIM($B57),Teams!$B$2:$B$9,0)),"?? CHECK NAME")))
C58: =IF(TRIM($B58)="","",IFERROR(INDEX(People!$A$2:$A$199,MATCH(TRIM($B58),People!$B$2:$B$199,0)),IFERROR(INDEX(Teams!$A$2:$A$9,MATCH(TRIM($B58),Teams!$B$2:$B$9,0)),"?? CHECK NAME")))
A59: Campus Wellness | C59: =IF(TRIM($B59)="","",IFERROR(INDEX(People!$A$2:$A$199,MATCH(TRIM($B59),People!$B$2:$B$199,0)),IFERROR(INDEX(Teams!$A$2:$A$9,MATCH(TRIM($B59),Teams!$B$2:$B$9,0)),"?? CHECK NAME")))
C60: =IF(TRIM($B60)="","",IFERROR(INDEX(People!$A$2:$A$199,MATCH(TRIM($B60),People!$B$2:$B$199,0)),IFERROR(INDEX(Teams!$A$2:$A$9,MATCH(TRIM($B60),Teams!$B$2:$B$9,0)),"?? CHECK NAME")))
C61: =IF(TRIM($B61)="","",IFERROR(INDEX(People!$A$2:$A$199,MATCH(TRIM($B61),People!$B$2:$B$199,0)),IFERROR(INDEX(Teams!$A$2:$A$9,MATCH(TRIM($B61),Teams!$B$2:$B$9,0)),"?? CHECK NAME")))
C62: =IF(TRIM($B62)="","",IFERROR(INDEX(People!$A$2:$A$199,MATCH(TRIM($B62),People!$B$2:$B$199,0)),IFERROR(INDEX(Teams!$A$2:$A$9,MATCH(TRIM($B62),Teams!$B$2:$B$9,0)),"?? CHECK NAME")))
C63: =IF(TRIM($B63)="","",IFERROR(INDEX(People!$A$2:$A$199,MATCH(TRIM($B63),People!$B$2:$B$199,0)),IFERROR(INDEX(Teams!$A$2:$A$9,MATCH(TRIM($B63),Teams!$B$2:$B$9,0)),"?? CHECK NAME")))
A64: FreshReps | C64: =IF(TRIM($B64)="","",IFERROR(INDEX(People!$A$2:$A$199,MATCH(TRIM($B64),People!$B$2:$B$199,0)),IFERROR(INDEX(Teams!$A$2:$A$9,MATCH(TRIM($B64),Teams!$B$2:$B$9,0)),"?? CHECK NAME")))
C65: =IF(TRIM($B65)="","",IFERROR(INDEX(People!$A$2:$A$199,MATCH(TRIM($B65),People!$B$2:$B$199,0)),IFERROR(INDEX(Teams!$A$2:$A$9,MATCH(TRIM($B65),Teams!$B$2:$B$9,0)),"?? CHECK NAME")))
C66: =IF(TRIM($B66)="","",IFERROR(INDEX(People!$A$2:$A$199,MATCH(TRIM($B66),People!$B$2:$B$199,0)),IFERROR(INDEX(Teams!$A$2:$A$9,MATCH(TRIM($B66),Teams!$B$2:$B$9,0)),"?? CHECK NAME")))
C67: =IF(TRIM($B67)="","",IFERROR(INDEX(People!$A$2:$A$199,MATCH(TRIM($B67),People!$B$2:$B$199,0)),IFERROR(INDEX(Teams!$A$2:$A$9,MATCH(TRIM($B67),Teams!$B$2:$B$9,0)),"?? CHECK NAME")))
C68: =IF(TRIM($B68)="","",IFERROR(INDEX(People!$A$2:$A$199,MATCH(TRIM($B68),People!$B$2:$B$199,0)),IFERROR(INDEX(Teams!$A$2:$A$9,MATCH(TRIM($B68),Teams!$B$2:$B$9,0)),"?? CHECK NAME")))
A69: SHOW ORDER SLOTS — fill Show Order on the Teams tab and these resolve to teams
A70: =IFERROR(INDEX(Teams!$B$2:$B$9,MATCH($C70,Teams!$A$2:$A$9,0)),"(not drawn)") | B70: Show Order 1 | C70: =IF(TRIM($B70)="","",IFERROR(INDEX(Teams!$A$2:$A$9,MATCH(IFERROR(VALUE(TRIM(SUBSTITUTE(UPPER(TRIM($B70)),"SHOW ORDER",""))),-1),Teams!$D$2:$D$9,0)),"(not drawn)"))
A71: =IFERROR(INDEX(Teams!$B$2:$B$9,MATCH($C71,Teams!$A$2:$A$9,0)),"(not drawn)") | B71: Show Order 2 | C71: =IF(TRIM($B71)="","",IFERROR(INDEX(Teams!$A$2:$A$9,MATCH(IFERROR(VALUE(TRIM(SUBSTITUTE(UPPER(TRIM($B71)),"SHOW ORDER",""))),-1),Teams!$D$2:$D$9,0)),"(not drawn)"))
A72: =IFERROR(INDEX(Teams!$B$2:$B$9,MATCH($C72,Teams!$A$2:$A$9,0)),"(not drawn)") | B72: Show Order 3 | C72: =IF(TRIM($B72)="","",IFERROR(INDEX(Teams!$A$2:$A$9,MATCH(IFERROR(VALUE(TRIM(SUBSTITUTE(UPPER(TRIM($B72)),"SHOW ORDER",""))),-1),Teams!$D$2:$D$9,0)),"(not drawn)"))
A73: =IFERROR(INDEX(Teams!$B$2:$B$9,MATCH($C73,Teams!$A$2:$A$9,0)),"(not drawn)") | B73: Show Order 4 | C73: =IF(TRIM($B73)="","",IFERROR(INDEX(Teams!$A$2:$A$9,MATCH(IFERROR(VALUE(TRIM(SUBSTITUTE(UPPER(TRIM($B73)),"SHOW ORDER",""))),-1),Teams!$D$2:$D$9,0)),"(not drawn)"))
A74: =IFERROR(INDEX(Teams!$B$2:$B$9,MATCH($C74,Teams!$A$2:$A$9,0)),"(not drawn)") | B74: Show Order 5 | C74: =IF(TRIM($B74)="","",IFERROR(INDEX(Teams!$A$2:$A$9,MATCH(IFERROR(VALUE(TRIM(SUBSTITUTE(UPPER(TRIM($B74)),"SHOW ORDER",""))),-1),Teams!$D$2:$D$9,0)),"(not drawn)"))
A75: =IFERROR(INDEX(Teams!$B$2:$B$9,MATCH($C75,Teams!$A$2:$A$9,0)),"(not drawn)") | B75: Show Order 6 | C75: =IF(TRIM($B75)="","",IFERROR(INDEX(Teams!$A$2:$A$9,MATCH(IFERROR(VALUE(TRIM(SUBSTITUTE(UPPER(TRIM($B75)),"SHOW ORDER",""))),-1),Teams!$D$2:$D$9,0)),"(not drawn)"))
A76: =IFERROR(INDEX(Teams!$B$2:$B$9,MATCH($C76,Teams!$A$2:$A$9,0)),"(not drawn)") | B76: Show Order 7 | C76: =IF(TRIM($B76)="","",IFERROR(INDEX(Teams!$A$2:$A$9,MATCH(IFERROR(VALUE(TRIM(SUBSTITUTE(UPPER(TRIM($B76)),"SHOW ORDER",""))),-1),Teams!$D$2:$D$9,0)),"(not drawn)"))
A77: =IFERROR(INDEX(Teams!$B$2:$B$9,MATCH($C77,Teams!$A$2:$A$9,0)),"(not drawn)") | B77: Show Order 8 | C77: =IF(TRIM($B77)="","",IFERROR(INDEX(Teams!$A$2:$A$9,MATCH(IFERROR(VALUE(TRIM(SUBSTITUTE(UPPER(TRIM($B77)),"SHOW ORDER",""))),-1),Teams!$D$2:$D$9,0)),"(not drawn)"))
A78: JUDGES, VIDEOGRAPHERS & RAS REPS
A79: Judges | B79: All Judges | C79: ROLE-JUDGES
A80: Videographers | B80: All Videographers | C80: ROLE-VIDEO
A81: RAS Reps | C81: =IF(TRIM($B81)="","",IFERROR(INDEX(People!$A$2:$A$199,MATCH(TRIM($B81),People!$B$2:$B$199,0)),IFERROR(INDEX(Teams!$A$2:$A$9,MATCH(TRIM($B81),Teams!$B$2:$B$9,0)),"?? CHECK NAME")))
C82: =IF(TRIM($B82)="","",IFERROR(INDEX(People!$A$2:$A$199,MATCH(TRIM($B82),People!$B$2:$B$199,0)),IFERROR(INDEX(Teams!$A$2:$A$9,MATCH(TRIM($B82),Teams!$B$2:$B$9,0)),"?? CHECK NAME")))
C83: =IF(TRIM($B83)="","",IFERROR(INDEX(People!$A$2:$A$199,MATCH(TRIM($B83),People!$B$2:$B$199,0)),IFERROR(INDEX(Teams!$A$2:$A$9,MATCH(TRIM($B83),Teams!$B$2:$B$9,0)),"?? CHECK NAME")))
C84: =IF(TRIM($B84)="","",IFERROR(INDEX(People!$A$2:$A$199,MATCH(TRIM($B84),People!$B$2:$B$199,0)),IFERROR(INDEX(Teams!$A$2:$A$9,MATCH(TRIM($B84),Teams!$B$2:$B$9,0)),"?? CHECK NAME")))
C85: =IF(TRIM($B85)="","",IFERROR(INDEX(People!$A$2:$A$199,MATCH(TRIM($B85),People!$B$2:$B$199,0)),IFERROR(INDEX(Teams!$A$2:$A$9,MATCH(TRIM($B85),Teams!$B$2:$B$9,0)),"?? CHECK NAME")))
A86: LIAISONS — in show order; names come from the People tab
A87: =IFERROR("Show Order "&1&" — "&INDEX(Teams!$B$2:$B$9,MATCH(1,Teams!$D$2:$D$9,0)),"Show Order "&1&" — (not drawn)") | B87: =IFERROR(INDEX(People!$B$2:$B$199,MATCH(INDEX(Teams!$B$2:$B$9,MATCH(1,Teams!$D$2:$D$9,0))&"#"&1,People!$H$2:$H$199,0)),"") | C87: =IF(TRIM($B87)="","",IFERROR(INDEX(People!$A$2:$A$199,MATCH(TRIM($B87),People!$B$2:$B$199,0)),"?? CHECK NAME"))
B88: =IFERROR(INDEX(People!$B$2:$B$199,MATCH(INDEX(Teams!$B$2:$B$9,MATCH(1,Teams!$D$2:$D$9,0))&"#"&2,People!$H$2:$H$199,0)),"") | C88: =IF(TRIM($B88)="","",IFERROR(INDEX(People!$A$2:$A$199,MATCH(TRIM($B88),People!$B$2:$B$199,0)),"?? CHECK NAME"))
B89: =IFERROR(INDEX(People!$B$2:$B$199,MATCH(INDEX(Teams!$B$2:$B$9,MATCH(1,Teams!$D$2:$D$9,0))&"#"&3,People!$H$2:$H$199,0)),"") | C89: =IF(TRIM($B89)="","",IFERROR(INDEX(People!$A$2:$A$199,MATCH(TRIM($B89),People!$B$2:$B$199,0)),"?? CHECK NAME"))
B90: =IFERROR(INDEX(People!$B$2:$B$199,MATCH(INDEX(Teams!$B$2:$B$9,MATCH(1,Teams!$D$2:$D$9,0))&"#"&4,People!$H$2:$H$199,0)),"") | C90: =IF(TRIM($B90)="","",IFERROR(INDEX(People!$A$2:$A$199,MATCH(TRIM($B90),People!$B$2:$B$199,0)),"?? CHECK NAME"))
B91: =IFERROR(INDEX(People!$B$2:$B$199,MATCH(INDEX(Teams!$B$2:$B$9,MATCH(1,Teams!$D$2:$D$9,0))&"#"&5,People!$H$2:$H$199,0)),"") | C91: =IF(TRIM($B91)="","",IFERROR(INDEX(People!$A$2:$A$199,MATCH(TRIM($B91),People!$B$2:$B$199,0)),"?? CHECK NAME"))
A92: =IFERROR("Show Order "&2&" — "&INDEX(Teams!$B$2:$B$9,MATCH(2,Teams!$D$2:$D$9,0)),"Show Order "&2&" — (not drawn)") | B92: =IFERROR(INDEX(People!$B$2:$B$199,MATCH(INDEX(Teams!$B$2:$B$9,MATCH(2,Teams!$D$2:$D$9,0))&"#"&1,People!$H$2:$H$199,0)),"") | C92: =IF(TRIM($B92)="","",IFERROR(INDEX(People!$A$2:$A$199,MATCH(TRIM($B92),People!$B$2:$B$199,0)),"?? CHECK NAME"))
B93: =IFERROR(INDEX(People!$B$2:$B$199,MATCH(INDEX(Teams!$B$2:$B$9,MATCH(2,Teams!$D$2:$D$9,0))&"#"&2,People!$H$2:$H$199,0)),"") | C93: =IF(TRIM($B93)="","",IFERROR(INDEX(People!$A$2:$A$199,MATCH(TRIM($B93),People!$B$2:$B$199,0)),"?? CHECK NAME"))
B94: =IFERROR(INDEX(People!$B$2:$B$199,MATCH(INDEX(Teams!$B$2:$B$9,MATCH(2,Teams!$D$2:$D$9,0))&"#"&3,People!$H$2:$H$199,0)),"") | C94: =IF(TRIM($B94)="","",IFERROR(INDEX(People!$A$2:$A$199,MATCH(TRIM($B94),People!$B$2:$B$199,0)),"?? CHECK NAME"))
B95: =IFERROR(INDEX(People!$B$2:$B$199,MATCH(INDEX(Teams!$B$2:$B$9,MATCH(2,Teams!$D$2:$D$9,0))&"#"&4,People!$H$2:$H$199,0)),"") | C95: =IF(TRIM($B95)="","",IFERROR(INDEX(People!$A$2:$A$199,MATCH(TRIM($B95),People!$B$2:$B$199,0)),"?? CHECK NAME"))
B96: =IFERROR(INDEX(People!$B$2:$B$199,MATCH(INDEX(Teams!$B$2:$B$9,MATCH(2,Teams!$D$2:$D$9,0))&"#"&5,People!$H$2:$H$199,0)),"") | C96: =IF(TRIM($B96)="","",IFERROR(INDEX(People!$A$2:$A$199,MATCH(TRIM($B96),People!$B$2:$B$199,0)),"?? CHECK NAME"))
A97: =IFERROR("Show Order "&3&" — "&INDEX(Teams!$B$2:$B$9,MATCH(3,Teams!$D$2:$D$9,0)),"Show Order "&3&" — (not drawn)") | B97: =IFERROR(INDEX(People!$B$2:$B$199,MATCH(INDEX(Teams!$B$2:$B$9,MATCH(3,Teams!$D$2:$D$9,0))&"#"&1,People!$H$2:$H$199,0)),"") | C97: =IF(TRIM($B97)="","",IFERROR(INDEX(People!$A$2:$A$199,MATCH(TRIM($B97),People!$B$2:$B$199,0)),"?? CHECK NAME"))
B98: =IFERROR(INDEX(People!$B$2:$B$199,MATCH(INDEX(Teams!$B$2:$B$9,MATCH(3,Teams!$D$2:$D$9,0))&"#"&2,People!$H$2:$H$199,0)),"") | C98: =IF(TRIM($B98)="","",IFERROR(INDEX(People!$A$2:$A$199,MATCH(TRIM($B98),People!$B$2:$B$199,0)),"?? CHECK NAME"))
B99: =IFERROR(INDEX(People!$B$2:$B$199,MATCH(INDEX(Teams!$B$2:$B$9,MATCH(3,Teams!$D$2:$D$9,0))&"#"&3,People!$H$2:$H$199,0)),"") | C99: =IF(TRIM($B99)="","",IFERROR(INDEX(People!$A$2:$A$199,MATCH(TRIM($B99),People!$B$2:$B$199,0)),"?? CHECK NAME"))
B100: =IFERROR(INDEX(People!$B$2:$B$199,MATCH(INDEX(Teams!$B$2:$B$9,MATCH(3,Teams!$D$2:$D$9,0))&"#"&4,People!$H$2:$H$199,0)),"") | C100: =IF(TRIM($B100)="","",IFERROR(INDEX(People!$A$2:$A$199,MATCH(TRIM($B100),People!$B$2:$B$199,0)),"?? CHECK NAME"))
...

Sheet Sunday
A1: Group | B1: Name | C1: ID | D1: =Instructions!$C$14+2
D2: 0.125 | E2: 0.13541667 | F2: 0.14583333 | G2: 0.15625 | H2: 0.16666667 | I2: 0.17708333 | J2: 0.1875 | K2: 0.19791667 | L2: 0.20833333 | M2: 0.21875 | N2: 0.22916667 | O2: 0.23958333 | P2: 0.25 | Q2: 0.26041667 | R2: 0.27083333 | S2: 0.28125 | T2: 0.29166667 | U2: 0.30208333 | V2: 0.3125 | W2: 0.32291667 | X2: 0.33333333 | Y2: 0.34375 | Z2: 0.35416667 | AA2: 0.36458333 | AB2: 0.375 | AC2: 0.38541667 | AD2: 0.39583333 | AE2: 0.40625 | AF2: 0.41666667 | AG2: 0.42708333 | AH2: 0.4375 | AI2: 0.44791667 | AJ2: 0.45833333 | AK2: 0.46875 | AL2: 0.47916667 | AM2: 0.48958333 | AN2: 0.5 | AO2: 0.51041667 | AP2: 0.52083333 | AQ2: 0.53125 | AR2: 0.54166667 | AS2: 0.55208333 | AT2: 0.5625 | AU2: 0.57291667 | AV2: 0.58333333 | AW2: 0.59375 | AX2: 0.60416667 | AY2: 0.61458333 | AZ2: 0.625 | BA2: 0.63541667 | BB2: 0.64583333 | BC2: 0.65625 | BD2: 0.66666667 | BE2: 0.67708333 | BF2: 0.6875 | BG2: 0.69791667 | BH2: 0.70833333 | BI2: 0.71875 | BJ2: 0.72916667 | BK2: 0.73958333 | BL2: 0.75 | BM2: 0.76041667 | BN2: 0.77083333 | BO2: 0.78125 | BP2: 0.79166667 | BQ2: 0.80208333 | BR2: 0.8125 | BS2: 0.82291667 | BT2: 0.83333333 | BU2: 0.84375 | BV2: 0.85416667 | BW2: 0.86458333
A3: BOARD MEMBERS
A4: Directors | C4: =IF(TRIM($B4)="","",IFERROR(INDEX(People!$A$2:$A$199,MATCH(TRIM($B4),People!$B$2:$B$199,0)),IFERROR(INDEX(Teams!$A$2:$A$9,MATCH(TRIM($B4),Teams!$B$2:$B$9,0)),"?? CHECK NAME")))
C5: =IF(TRIM($B5)="","",IFERROR(INDEX(People!$A$2:$A$199,MATCH(TRIM($B5),People!$B$2:$B$199,0)),IFERROR(INDEX(Teams!$A$2:$A$9,MATCH(TRIM($B5),Teams!$B$2:$B$9,0)),"?? CHECK NAME")))
C6: =IF(TRIM($B6)="","",IFERROR(INDEX(People!$A$2:$A$199,MATCH(TRIM($B6),People!$B$2:$B$199,0)),IFERROR(INDEX(Teams!$A$2:$A$9,MATCH(TRIM($B6),Teams!$B$2:$B$9,0)),"?? CHECK NAME")))
C7: =IF(TRIM($B7)="","",IFERROR(INDEX(People!$A$2:$A$199,MATCH(TRIM($B7),People!$B$2:$B$199,0)),IFERROR(INDEX(Teams!$A$2:$A$9,MATCH(TRIM($B7),Teams!$B$2:$B$9,0)),"?? CHECK NAME")))
C8: =IF(TRIM($B8)="","",IFERROR(INDEX(People!$A$2:$A$199,MATCH(TRIM($B8),People!$B$2:$B$199,0)),IFERROR(INDEX(Teams!$A$2:$A$9,MATCH(TRIM($B8),Teams!$B$2:$B$9,0)),"?? CHECK NAME")))
A9: Senior Advisors | C9: =IF(TRIM($B9)="","",IFERROR(INDEX(People!$A$2:$A$199,MATCH(TRIM($B9),People!$B$2:$B$199,0)),IFERROR(INDEX(Teams!$A$2:$A$9,MATCH(TRIM($B9),Teams!$B$2:$B$9,0)),"?? CHECK NAME")))
C10: =IF(TRIM($B10)="","",IFERROR(INDEX(People!$A$2:$A$199,MATCH(TRIM($B10),People!$B$2:$B$199,0)),IFERROR(INDEX(Teams!$A$2:$A$9,MATCH(TRIM($B10),Teams!$B$2:$B$9,0)),"?? CHECK NAME")))
C11: =IF(TRIM($B11)="","",IFERROR(INDEX(People!$A$2:$A$199,MATCH(TRIM($B11),People!$B$2:$B$199,0)),IFERROR(INDEX(Teams!$A$2:$A$9,MATCH(TRIM($B11),Teams!$B$2:$B$9,0)),"?? CHECK NAME")))
C12: =IF(TRIM($B12)="","",IFERROR(INDEX(People!$A$2:$A$199,MATCH(TRIM($B12),People!$B$2:$B$199,0)),IFERROR(INDEX(Teams!$A$2:$A$9,MATCH(TRIM($B12),Teams!$B$2:$B$9,0)),"?? CHECK NAME")))
C13: =IF(TRIM($B13)="","",IFERROR(INDEX(People!$A$2:$A$199,MATCH(TRIM($B13),People!$B$2:$B$199,0)),IFERROR(INDEX(Teams!$A$2:$A$9,MATCH(TRIM($B13),Teams!$B$2:$B$9,0)),"?? CHECK NAME")))
A14: Logistics | C14: =IF(TRIM($B14)="","",IFERROR(INDEX(People!$A$2:$A$199,MATCH(TRIM($B14),People!$B$2:$B$199,0)),IFERROR(INDEX(Teams!$A$2:$A$9,MATCH(TRIM($B14),Teams!$B$2:$B$9,0)),"?? CHECK NAME")))
C15: =IF(TRIM($B15)="","",IFERROR(INDEX(People!$A$2:$A$199,MATCH(TRIM($B15),People!$B$2:$B$199,0)),IFERROR(INDEX(Teams!$A$2:$A$9,MATCH(TRIM($B15),Teams!$B$2:$B$9,0)),"?? CHECK NAME")))
C16: =IF(TRIM($B16)="","",IFERROR(INDEX(People!$A$2:$A$199,MATCH(TRIM($B16),People!$B$2:$B$199,0)),IFERROR(INDEX(Teams!$A$2:$A$9,MATCH(TRIM($B16),Teams!$B$2:$B$9,0)),"?? CHECK NAME")))
C17: =IF(TRIM($B17)="","",IFERROR(INDEX(People!$A$2:$A$199,MATCH(TRIM($B17),People!$B$2:$B$199,0)),IFERROR(INDEX(Teams!$A$2:$A$9,MATCH(TRIM($B17),Teams!$B$2:$B$9,0)),"?? CHECK NAME")))
C18: =IF(TRIM($B18)="","",IFERROR(INDEX(People!$A$2:$A$199,MATCH(TRIM($B18),People!$B$2:$B$199,0)),IFERROR(INDEX(Teams!$A$2:$A$9,MATCH(TRIM($B18),Teams!$B$2:$B$9,0)),"?? CHECK NAME")))
A19: Hospitality | C19: =IF(TRIM($B19)="","",IFERROR(INDEX(People!$A$2:$A$199,MATCH(TRIM($B19),People!$B$2:$B$199,0)),IFERROR(INDEX(Teams!$A$2:$A$9,MATCH(TRIM($B19),Teams!$B$2:$B$9,0)),"?? CHECK NAME")))
C20: =IF(TRIM($B20)="","",IFERROR(INDEX(People!$A$2:$A$199,MATCH(TRIM($B20),People!$B$2:$B$199,0)),IFERROR(INDEX(Teams!$A$2:$A$9,MATCH(TRIM($B20),Teams!$B$2:$B$9,0)),"?? CHECK NAME")))
C21: =IF(TRIM($B21)="","",IFERROR(INDEX(People!$A$2:$A$199,MATCH(TRIM($B21),People!$B$2:$B$199,0)),IFERROR(INDEX(Teams!$A$2:$A$9,MATCH(TRIM($B21),Teams!$B$2:$B$9,0)),"?? CHECK NAME")))
C22: =IF(TRIM($B22)="","",IFERROR(INDEX(People!$A$2:$A$199,MATCH(TRIM($B22),People!$B$2:$B$199,0)),IFERROR(INDEX(Teams!$A$2:$A$9,MATCH(TRIM($B22),Teams!$B$2:$B$9,0)),"?? CHECK NAME")))
C23: =IF(TRIM($B23)="","",IFERROR(INDEX(People!$A$2:$A$199,MATCH(TRIM($B23),People!$B$2:$B$199,0)),IFERROR(INDEX(Teams!$A$2:$A$9,MATCH(TRIM($B23),Teams!$B$2:$B$9,0)),"?? CHECK NAME")))
A24: Creative | C24: =IF(TRIM($B24)="","",IFERROR(INDEX(People!$A$2:$A$199,MATCH(TRIM($B24),People!$B$2:$B$199,0)),IFERROR(INDEX(Teams!$A$2:$A$9,MATCH(TRIM($B24),Teams!$B$2:$B$9,0)),"?? CHECK NAME")))
C25: =IF(TRIM($B25)="","",IFERROR(INDEX(People!$A$2:$A$199,MATCH(TRIM($B25),People!$B$2:$B$199,0)),IFERROR(INDEX(Teams!$A$2:$A$9,MATCH(TRIM($B25),Teams!$B$2:$B$9,0)),"?? CHECK NAME")))
C26: =IF(TRIM($B26)="","",IFERROR(INDEX(People!$A$2:$A$199,MATCH(TRIM($B26),People!$B$2:$B$199,0)),IFERROR(INDEX(Teams!$A$2:$A$9,MATCH(TRIM($B26),Teams!$B$2:$B$9,0)),"?? CHECK NAME")))
C27: =IF(TRIM($B27)="","",IFERROR(INDEX(People!$A$2:$A$199,MATCH(TRIM($B27),People!$B$2:$B$199,0)),IFERROR(INDEX(Teams!$A$2:$A$9,MATCH(TRIM($B27),Teams!$B$2:$B$9,0)),"?? CHECK NAME")))
C28: =IF(TRIM($B28)="","",IFERROR(INDEX(People!$A$2:$A$199,MATCH(TRIM($B28),People!$B$2:$B$199,0)),IFERROR(INDEX(Teams!$A$2:$A$9,MATCH(TRIM($B28),Teams!$B$2:$B$9,0)),"?? CHECK NAME")))
A29: Registration | C29: =IF(TRIM($B29)="","",IFERROR(INDEX(People!$A$2:$A$199,MATCH(TRIM($B29),People!$B$2:$B$199,0)),IFERROR(INDEX(Teams!$A$2:$A$9,MATCH(TRIM($B29),Teams!$B$2:$B$9,0)),"?? CHECK NAME")))
C30: =IF(TRIM($B30)="","",IFERROR(INDEX(People!$A$2:$A$199,MATCH(TRIM($B30),People!$B$2:$B$199,0)),IFERROR(INDEX(Teams!$A$2:$A$9,MATCH(TRIM($B30),Teams!$B$2:$B$9,0)),"?? CHECK NAME")))
C31: =IF(TRIM($B31)="","",IFERROR(INDEX(People!$A$2:$A$199,MATCH(TRIM($B31),People!$B$2:$B$199,0)),IFERROR(INDEX(Teams!$A$2:$A$9,MATCH(TRIM($B31),Teams!$B$2:$B$9,0)),"?? CHECK NAME")))
C32: =IF(TRIM($B32)="","",IFERROR(INDEX(People!$A$2:$A$199,MATCH(TRIM($B32),People!$B$2:$B$199,0)),IFERROR(INDEX(Teams!$A$2:$A$9,MATCH(TRIM($B32),Teams!$B$2:$B$9,0)),"?? CHECK NAME")))
C33: =IF(TRIM($B33)="","",IFERROR(INDEX(People!$A$2:$A$199,MATCH(TRIM($B33),People!$B$2:$B$199,0)),IFERROR(INDEX(Teams!$A$2:$A$9,MATCH(TRIM($B33),Teams!$B$2:$B$9,0)),"?? CHECK NAME")))
A34: Head Liaisons | C34: =IF(TRIM($B34)="","",IFERROR(INDEX(People!$A$2:$A$199,MATCH(TRIM($B34),People!$B$2:$B$199,0)),IFERROR(INDEX(Teams!$A$2:$A$9,MATCH(TRIM($B34),Teams!$B$2:$B$9,0)),"?? CHECK NAME")))
C35: =IF(TRIM($B35)="","",IFERROR(INDEX(People!$A$2:$A$199,MATCH(TRIM($B35),People!$B$2:$B$199,0)),IFERROR(INDEX(Teams!$A$2:$A$9,MATCH(TRIM($B35),Teams!$B$2:$B$9,0)),"?? CHECK NAME")))
C36: =IF(TRIM($B36)="","",IFERROR(INDEX(People!$A$2:$A$199,MATCH(TRIM($B36),People!$B$2:$B$199,0)),IFERROR(INDEX(Teams!$A$2:$A$9,MATCH(TRIM($B36),Teams!$B$2:$B$9,0)),"?? CHECK NAME")))
C37: =IF(TRIM($B37)="","",IFERROR(INDEX(People!$A$2:$A$199,MATCH(TRIM($B37),People!$B$2:$B$199,0)),IFERROR(INDEX(Teams!$A$2:$A$9,MATCH(TRIM($B37),Teams!$B$2:$B$9,0)),"?? CHECK NAME")))
C38: =IF(TRIM($B38)="","",IFERROR(INDEX(People!$A$2:$A$199,MATCH(TRIM($B38),People!$B$2:$B$199,0)),IFERROR(INDEX(Teams!$A$2:$A$9,MATCH(TRIM($B38),Teams!$B$2:$B$9,0)),"?? CHECK NAME")))
A39: PR | C39: =IF(TRIM($B39)="","",IFERROR(INDEX(People!$A$2:$A$199,MATCH(TRIM($B39),People!$B$2:$B$199,0)),IFERROR(INDEX(Teams!$A$2:$A$9,MATCH(TRIM($B39),Teams!$B$2:$B$9,0)),"?? CHECK NAME")))
C40: =IF(TRIM($B40)="","",IFERROR(INDEX(People!$A$2:$A$199,MATCH(TRIM($B40),People!$B$2:$B$199,0)),IFERROR(INDEX(Teams!$A$2:$A$9,MATCH(TRIM($B40),Teams!$B$2:$B$9,0)),"?? CHECK NAME")))
C41: =IF(TRIM($B41)="","",IFERROR(INDEX(People!$A$2:$A$199,MATCH(TRIM($B41),People!$B$2:$B$199,0)),IFERROR(INDEX(Teams!$A$2:$A$9,MATCH(TRIM($B41),Teams!$B$2:$B$9,0)),"?? CHECK NAME")))
C42: =IF(TRIM($B42)="","",IFERROR(INDEX(People!$A$2:$A$199,MATCH(TRIM($B42),People!$B$2:$B$199,0)),IFERROR(INDEX(Teams!$A$2:$A$9,MATCH(TRIM($B42),Teams!$B$2:$B$9,0)),"?? CHECK NAME")))
C43: =IF(TRIM($B43)="","",IFERROR(INDEX(People!$A$2:$A$199,MATCH(TRIM($B43),People!$B$2:$B$199,0)),IFERROR(INDEX(Teams!$A$2:$A$9,MATCH(TRIM($B43),Teams!$B$2:$B$9,0)),"?? CHECK NAME")))
A44: External | C44: =IF(TRIM($B44)="","",IFERROR(INDEX(People!$A$2:$A$199,MATCH(TRIM($B44),People!$B$2:$B$199,0)),IFERROR(INDEX(Teams!$A$2:$A$9,MATCH(TRIM($B44),Teams!$B$2:$B$9,0)),"?? CHECK NAME")))
C45: =IF(TRIM($B45)="","",IFERROR(INDEX(People!$A$2:$A$199,MATCH(TRIM($B45),People!$B$2:$B$199,0)),IFERROR(INDEX(Teams!$A$2:$A$9,MATCH(TRIM($B45),Teams!$B$2:$B$9,0)),"?? CHECK NAME")))
C46: =IF(TRIM($B46)="","",IFERROR(INDEX(People!$A$2:$A$199,MATCH(TRIM($B46),People!$B$2:$B$199,0)),IFERROR(INDEX(Teams!$A$2:$A$9,MATCH(TRIM($B46),Teams!$B$2:$B$9,0)),"?? CHECK NAME")))
C47: =IF(TRIM($B47)="","",IFERROR(INDEX(People!$A$2:$A$199,MATCH(TRIM($B47),People!$B$2:$B$199,0)),IFERROR(INDEX(Teams!$A$2:$A$9,MATCH(TRIM($B47),Teams!$B$2:$B$9,0)),"?? CHECK NAME")))
C48: =IF(TRIM($B48)="","",IFERROR(INDEX(People!$A$2:$A$199,MATCH(TRIM($B48),People!$B$2:$B$199,0)),IFERROR(INDEX(Teams!$A$2:$A$9,MATCH(TRIM($B48),Teams!$B$2:$B$9,0)),"?? CHECK NAME")))
A49: Judging | C49: =IF(TRIM($B49)="","",IFERROR(INDEX(People!$A$2:$A$199,MATCH(TRIM($B49),People!$B$2:$B$199,0)),IFERROR(INDEX(Teams!$A$2:$A$9,MATCH(TRIM($B49),Teams!$B$2:$B$9,0)),"?? CHECK NAME")))
C50: =IF(TRIM($B50)="","",IFERROR(INDEX(People!$A$2:$A$199,MATCH(TRIM($B50),People!$B$2:$B$199,0)),IFERROR(INDEX(Teams!$A$2:$A$9,MATCH(TRIM($B50),Teams!$B$2:$B$9,0)),"?? CHECK NAME")))
C51: =IF(TRIM($B51)="","",IFERROR(INDEX(People!$A$2:$A$199,MATCH(TRIM($B51),People!$B$2:$B$199,0)),IFERROR(INDEX(Teams!$A$2:$A$9,MATCH(TRIM($B51),Teams!$B$2:$B$9,0)),"?? CHECK NAME")))
C52: =IF(TRIM($B52)="","",IFERROR(INDEX(People!$A$2:$A$199,MATCH(TRIM($B52),People!$B$2:$B$199,0)),IFERROR(INDEX(Teams!$A$2:$A$9,MATCH(TRIM($B52),Teams!$B$2:$B$9,0)),"?? CHECK NAME")))
C53: =IF(TRIM($B53)="","",IFERROR(INDEX(People!$A$2:$A$199,MATCH(TRIM($B53),People!$B$2:$B$199,0)),IFERROR(INDEX(Teams!$A$2:$A$9,MATCH(TRIM($B53),Teams!$B$2:$B$9,0)),"?? CHECK NAME")))
A54: Fundraising | C54: =IF(TRIM($B54)="","",IFERROR(INDEX(People!$A$2:$A$199,MATCH(TRIM($B54),People!$B$2:$B$199,0)),IFERROR(INDEX(Teams!$A$2:$A$9,MATCH(TRIM($B54),Teams!$B$2:$B$9,0)),"?? CHECK NAME")))
C55: =IF(TRIM($B55)="","",IFERROR(INDEX(People!$A$2:$A$199,MATCH(TRIM($B55),People!$B$2:$B$199,0)),IFERROR(INDEX(Teams!$A$2:$A$9,MATCH(TRIM($B55),Teams!$B$2:$B$9,0)),"?? CHECK NAME")))
C56: =IF(TRIM($B56)="","",IFERROR(INDEX(People!$A$2:$A$199,MATCH(TRIM($B56),People!$B$2:$B$199,0)),IFERROR(INDEX(Teams!$A$2:$A$9,MATCH(TRIM($B56),Teams!$B$2:$B$9,0)),"?? CHECK NAME")))
C57: =IF(TRIM($B57)="","",IFERROR(INDEX(People!$A$2:$A$199,MATCH(TRIM($B57),People!$B$2:$B$199,0)),IFERROR(INDEX(Teams!$A$2:$A$9,MATCH(TRIM($B57),Teams!$B$2:$B$9,0)),"?? CHECK NAME")))
C58: =IF(TRIM($B58)="","",IFERROR(INDEX(People!$A$2:$A$199,MATCH(TRIM($B58),People!$B$2:$B$199,0)),IFERROR(INDEX(Teams!$A$2:$A$9,MATCH(TRIM($B58),Teams!$B$2:$B$9,0)),"?? CHECK NAME")))
A59: Campus Wellness | C59: =IF(TRIM($B59)="","",IFERROR(INDEX(People!$A$2:$A$199,MATCH(TRIM($B59),People!$B$2:$B$199,0)),IFERROR(INDEX(Teams!$A$2:$A$9,MATCH(TRIM($B59),Teams!$B$2:$B$9,0)),"?? CHECK NAME")))
C60: =IF(TRIM($B60)="","",IFERROR(INDEX(People!$A$2:$A$199,MATCH(TRIM($B60),People!$B$2:$B$199,0)),IFERROR(INDEX(Teams!$A$2:$A$9,MATCH(TRIM($B60),Teams!$B$2:$B$9,0)),"?? CHECK NAME")))
C61: =IF(TRIM($B61)="","",IFERROR(INDEX(People!$A$2:$A$199,MATCH(TRIM($B61),People!$B$2:$B$199,0)),IFERROR(INDEX(Teams!$A$2:$A$9,MATCH(TRIM($B61),Teams!$B$2:$B$9,0)),"?? CHECK NAME")))
C62: =IF(TRIM($B62)="","",IFERROR(INDEX(People!$A$2:$A$199,MATCH(TRIM($B62),People!$B$2:$B$199,0)),IFERROR(INDEX(Teams!$A$2:$A$9,MATCH(TRIM($B62),Teams!$B$2:$B$9,0)),"?? CHECK NAME")))
C63: =IF(TRIM($B63)="","",IFERROR(INDEX(People!$A$2:$A$199,MATCH(TRIM($B63),People!$B$2:$B$199,0)),IFERROR(INDEX(Teams!$A$2:$A$9,MATCH(TRIM($B63),Teams!$B$2:$B$9,0)),"?? CHECK NAME")))
A64: FreshReps | C64: =IF(TRIM($B64)="","",IFERROR(INDEX(People!$A$2:$A$199,MATCH(TRIM($B64),People!$B$2:$B$199,0)),IFERROR(INDEX(Teams!$A$2:$A$9,MATCH(TRIM($B64),Teams!$B$2:$B$9,0)),"?? CHECK NAME")))
C65: =IF(TRIM($B65)="","",IFERROR(INDEX(People!$A$2:$A$199,MATCH(TRIM($B65),People!$B$2:$B$199,0)),IFERROR(INDEX(Teams!$A$2:$A$9,MATCH(TRIM($B65),Teams!$B$2:$B$9,0)),"?? CHECK NAME")))
C66: =IF(TRIM($B66)="","",IFERROR(INDEX(People!$A$2:$A$199,MATCH(TRIM($B66),People!$B$2:$B$199,0)),IFERROR(INDEX(Teams!$A$2:$A$9,MATCH(TRIM($B66),Teams!$B$2:$B$9,0)),"?? CHECK NAME")))
C67: =IF(TRIM($B67)="","",IFERROR(INDEX(People!$A$2:$A$199,MATCH(TRIM($B67),People!$B$2:$B$199,0)),IFERROR(INDEX(Teams!$A$2:$A$9,MATCH(TRIM($B67),Teams!$B$2:$B$9,0)),"?? CHECK NAME")))
C68: =IF(TRIM($B68)="","",IFERROR(INDEX(People!$A$2:$A$199,MATCH(TRIM($B68),People!$B$2:$B$199,0)),IFERROR(INDEX(Teams!$A$2:$A$9,MATCH(TRIM($B68),Teams!$B$2:$B$9,0)),"?? CHECK NAME")))
A69: TEAMS — anything the whole team does goes on its own row
A70: Team | B70: UNC Taar Heel Raas | C70: =IF(TRIM($B70)="","",IFERROR(INDEX(People!$A$2:$A$199,MATCH(TRIM($B70),People!$B$2:$B$199,0)),IFERROR(INDEX(Teams!$A$2:$A$9,MATCH(TRIM($B70),Teams!$B$2:$B$9,0)),"?? CHECK NAME")))
A71: Team | B71: Illini Raas | C71: =IF(TRIM($B71)="","",IFERROR(INDEX(People!$A$2:$A$199,MATCH(TRIM($B71),People!$B$2:$B$199,0)),IFERROR(INDEX(Teams!$A$2:$A$9,MATCH(TRIM($B71),Teams!$B$2:$B$9,0)),"?? CHECK NAME")))
A72: Team | B72: UTD Taraas | C72: =IF(TRIM($B72)="","",IFERROR(INDEX(People!$A$2:$A$199,MATCH(TRIM($B72),People!$B$2:$B$199,0)),IFERROR(INDEX(Teams!$A$2:$A$9,MATCH(TRIM($B72),Teams!$B$2:$B$9,0)),"?? CHECK NAME")))
A73: Team | B73: UVA Hooraas | C73: =IF(TRIM($B73)="","",IFERROR(INDEX(People!$A$2:$A$199,MATCH(TRIM($B73),People!$B$2:$B$199,0)),IFERROR(INDEX(Teams!$A$2:$A$9,MATCH(TRIM($B73),Teams!$B$2:$B$9,0)),"?? CHECK NAME")))
A74: Team | B74: UMD Entouraas | C74: =IF(TRIM($B74)="","",IFERROR(INDEX(People!$A$2:$A$199,MATCH(TRIM($B74),People!$B$2:$B$199,0)),IFERROR(INDEX(Teams!$A$2:$A$9,MATCH(TRIM($B74),Teams!$B$2:$B$9,0)),"?? CHECK NAME")))
A75: Team | B75: Michigan Wolveraas | C75: =IF(TRIM($B75)="","",IFERROR(INDEX(People!$A$2:$A$199,MATCH(TRIM($B75),People!$B$2:$B$199,0)),IFERROR(INDEX(Teams!$A$2:$A$9,MATCH(TRIM($B75),Teams!$B$2:$B$9,0)),"?? CHECK NAME")))
A76: Team | B76: MSU Raasparty | C76: =IF(TRIM($B76)="","",IFERROR(INDEX(People!$A$2:$A$199,MATCH(TRIM($B76),People!$B$2:$B$199,0)),IFERROR(INDEX(Teams!$A$2:$A$9,MATCH(TRIM($B76),Teams!$B$2:$B$9,0)),"?? CHECK NAME")))
A77: Team | B77: GT Ramblin Raas | C77: =IF(TRIM($B77)="","",IFERROR(INDEX(People!$A$2:$A$199,MATCH(TRIM($B77),People!$B$2:$B$199,0)),IFERROR(INDEX(Teams!$A$2:$A$9,MATCH(TRIM($B77),Teams!$B$2:$B$9,0)),"?? CHECK NAME")))
A78: JUDGES, VIDEOGRAPHERS & RAS REPS
A79: Judges | B79: All Judges | C79: ROLE-JUDGES
A80: Videographers | B80: All Videographers | C80: ROLE-VIDEO
A81: RAS Reps | C81: =IF(TRIM($B81)="","",IFERROR(INDEX(People!$A$2:$A$199,MATCH(TRIM($B81),People!$B$2:$B$199,0)),IFERROR(INDEX(Teams!$A$2:$A$9,MATCH(TRIM($B81),Teams!$B$2:$B$9,0)),"?? CHECK NAME")))
C82: =IF(TRIM($B82)="","",IFERROR(INDEX(People!$A$2:$A$199,MATCH(TRIM($B82),People!$B$2:$B$199,0)),IFERROR(INDEX(Teams!$A$2:$A$9,MATCH(TRIM($B82),Teams!$B$2:$B$9,0)),"?? CHECK NAME")))
C83: =IF(TRIM($B83)="","",IFERROR(INDEX(People!$A$2:$A$199,MATCH(TRIM($B83),People!$B$2:$B$199,0)),IFERROR(INDEX(Teams!$A$2:$A$9,MATCH(TRIM($B83),Teams!$B$2:$B$9,0)),"?? CHECK NAME")))
C84: =IF(TRIM($B84)="","",IFERROR(INDEX(People!$A$2:$A$199,MATCH(TRIM($B84),People!$B$2:$B$199,0)),IFERROR(INDEX(Teams!$A$2:$A$9,MATCH(TRIM($B84),Teams!$B$2:$B$9,0)),"?? CHECK NAME")))
C85: =IF(TRIM($B85)="","",IFERROR(INDEX(People!$A$2:$A$199,MATCH(TRIM($B85),People!$B$2:$B$199,0)),IFERROR(INDEX(Teams!$A$2:$A$9,MATCH(TRIM($B85),Teams!$B$2:$B$9,0)),"?? CHECK NAME")))
A86: LIAISONS — names come from the People tab, not typed here
A87: UNC Taar Heel Raas | B87: =IFERROR(INDEX(People!$B$2:$B$199,MATCH($A$87&"#"&1,People!$H$2:$H$199,0)),"") | C87: =IF(TRIM($B87)="","",IFERROR(INDEX(People!$A$2:$A$199,MATCH(TRIM($B87),People!$B$2:$B$199,0)),"?? CHECK NAME"))
B88: =IFERROR(INDEX(People!$B$2:$B$199,MATCH($A$87&"#"&2,People!$H$2:$H$199,0)),"") | C88: =IF(TRIM($B88)="","",IFERROR(INDEX(People!$A$2:$A$199,MATCH(TRIM($B88),People!$B$2:$B$199,0)),"?? CHECK NAME"))
B89: =IFERROR(INDEX(People!$B$2:$B$199,MATCH($A$87&"#"&3,People!$H$2:$H$199,0)),"") | C89: =IF(TRIM($B89)="","",IFERROR(INDEX(People!$A$2:$A$199,MATCH(TRIM($B89),People!$B$2:$B$199,0)),"?? CHECK NAME"))
B90: =IFERROR(INDEX(People!$B$2:$B$199,MATCH($A$87&"#"&4,People!$H$2:$H$199,0)),"") | C90: =IF(TRIM($B90)="","",IFERROR(INDEX(People!$A$2:$A$199,MATCH(TRIM($B90),People!$B$2:$B$199,0)),"?? CHECK NAME"))
B91: =IFERROR(INDEX(People!$B$2:$B$199,MATCH($A$87&"#"&5,People!$H$2:$H$199,0)),"") | C91: =IF(TRIM($B91)="","",IFERROR(INDEX(People!$A$2:$A$199,MATCH(TRIM($B91),People!$B$2:$B$199,0)),"?? CHECK NAME"))
A92: Illini Raas | B92: =IFERROR(INDEX(People!$B$2:$B$199,MATCH($A$92&"#"&1,People!$H$2:$H$199,0)),"") | C92: =IF(TRIM($B92)="","",IFERROR(INDEX(People!$A$2:$A$199,MATCH(TRIM($B92),People!$B$2:$B$199,0)),"?? CHECK NAME"))
B93: =IFERROR(INDEX(People!$B$2:$B$199,MATCH($A$92&"#"&2,People!$H$2:$H$199,0)),"") | C93: =IF(TRIM($B93)="","",IFERROR(INDEX(People!$A$2:$A$199,MATCH(TRIM($B93),People!$B$2:$B$199,0)),"?? CHECK NAME"))
B94: =IFERROR(INDEX(People!$B$2:$B$199,MATCH($A$92&"#"&3,People!$H$2:$H$199,0)),"") | C94: =IF(TRIM($B94)="","",IFERROR(INDEX(People!$A$2:$A$199,MATCH(TRIM($B94),People!$B$2:$B$199,0)),"?? CHECK NAME"))
B95: =IFERROR(INDEX(People!$B$2:$B$199,MATCH($A$92&"#"&4,People!$H$2:$H$199,0)),"") | C95: =IF(TRIM($B95)="","",IFERROR(INDEX(People!$A$2:$A$199,MATCH(TRIM($B95),People!$B$2:$B$199,0)),"?? CHECK NAME"))
B96: =IFERROR(INDEX(People!$B$2:$B$199,MATCH($A$92&"#"&5,People!$H$2:$H$199,0)),"") | C96: =IF(TRIM($B96)="","",IFERROR(INDEX(People!$A$2:$A$199,MATCH(TRIM($B96),People!$B$2:$B$199,0)),"?? CHECK NAME"))
A97: UTD Taraas | B97: =IFERROR(INDEX(People!$B$2:$B$199,MATCH($A$97&"#"&1,People!$H$2:$H$199,0)),"") | C97: =IF(TRIM($B97)="","",IFERROR(INDEX(People!$A$2:$A$199,MATCH(TRIM($B97),People!$B$2:$B$199,0)),"?? CHECK NAME"))
B98: =IFERROR(INDEX(People!$B$2:$B$199,MATCH($A$97&"#"&2,People!$H$2:$H$199,0)),"") | C98: =IF(TRIM($B98)="","",IFERROR(INDEX(People!$A$2:$A$199,MATCH(TRIM($B98),People!$B$2:$B$199,0)),"?? CHECK NAME"))
B99: =IFERROR(INDEX(People!$B$2:$B$199,MATCH($A$97&"#"&3,People!$H$2:$H$199,0)),"") | C99: =IF(TRIM($B99)="","",IFERROR(INDEX(People!$A$2:$A$199,MATCH(TRIM($B99),People!$B$2:$B$199,0)),"?? CHECK NAME"))
B100: =IFERROR(INDEX(People!$B$2:$B$199,MATCH($A$97&"#"&4,People!$H$2:$H$199,0)),"") | C100: =IF(TRIM($B100)="","",IFERROR(INDEX(People!$A$2:$A$199,MATCH(TRIM($B100),People!$B$2:$B$199,0)),"?? CHECK NAME"))
...

Sheet Sequences
A1: Sequence | B1: Step | C1: Wait before | D1: Length (min) | E1: Offset (min) | F1: Applies to | G1: Shared space | H1: How many fit | I1: Break? | J1: Ends at (min) | K1: Venue | L1: Sub-location | M1: Day | N1: Offsets measured from…
A2: Saturday Practice | B2: Report to Lobby | C2: 0 | D2: 5 | E2: =IF($B2="","",$C2) | F2: Team + liaisons | J2: =IF($B2="","",$E2+$D2) | K2: Courtyard Marriott | L2: Lobby | M2: Saturday | N2: when that team reports to the hotel lobby
B3: Load Vans | C3: 0 | D3: 10 | E3: =IF($B3="","",$E2+$D2+$C3) | F3: Team + liaisons | J3: =IF($B3="","",$E3+$D3) | K3: Courtyard Marriott | L3: Garage
B4: Leave Hotel | C4: 0 | D4: 20 | E4: =IF($B4="","",$E3+$D3+$C4) | F4: Team + liaisons | J4: =IF($B4="","",$E4+$D4) | K4: In transit
B5: On-Stage Rehearsal | C5: 0 | D5: 20 | E5: =IF($B5="","",$E4+$D4+$C5) | F5: Team + liaisons | G5: AUD STAGE | H5: 1 | J5: =IF($B5="","",$E5+$D5) | K5: IU Auditorium | L5: Stage
B6: Walk to Viewing | C6: 0 | D6: 10 | E6: =IF($B6="","",$E5+$D5+$C6) | F6: Team + liaisons | J6: =IF($B6="","",$E6+$D6) | K6: IU Auditorium
B7: Viewing Room | C7: 0 | D7: 20 | E7: =IF($B7="","",$E6+$D6+$C7) | F7: Team + liaisons | G7: VIEWING ROOM | H7: 1 | J7: =IF($B7="","",$E7+$D7) | K7: IU Auditorium | L7: Viewing Room
B8: Water + Regroup | C8: 0 | D8: 10 | E8: =IF($B8="","",$E7+$D7+$C8) | F8: Team + liaisons | I8: Y | J8: =IF($B8="","",$E8+$D8) | K8: IU Auditorium | L8: Lobby
B9: Walk to Off-Stage | C9: 0 | D9: 15 | E9: =IF($B9="","",$E8+$D8+$C9) | F9: Team + liaisons | J9: =IF($B9="","",$E9+$D9) | K9: In transit | L9: Walking
B10: Off-Stage Rehearsal | C10: 0 | D10: 20 | E10: =IF($B10="","",$E9+$D9+$C10) | F10: Team + liaisons | G10: FIELDHOUSE FLOOR | H10: 1 | J10: =IF($B10="","",$E10+$D10) | K10: Intramural Fieldhouse
B11: Load Vans (return) | C11: 0 | D11: 10 | E11: =IF($B11="","",$E10+$D10+$C11) | F11: Team + liaisons | J11: =IF($B11="","",$E11+$D11) | K11: Intramural Fieldhouse
B12: Leave Fieldhouse | C12: 0 | D12: 15 | E12: =IF($B12="","",$E11+$D11+$C12) | F12: Team + liaisons | J12: =IF($B12="","",$E12+$D12) | K12: In transit
E13: =IF($B13="","",$E12+$D12+$C13) | J13: =IF($B13="","",$E13+$D13)
E14: =IF($B14="","",$E13+$D13+$C14) | J14: =IF($B14="","",$E14+$D14)
E15: =IF($B15="","",$E14+$D14+$C15) | J15: =IF($B15="","",$E15+$D15)
A16: Saturday Photos | B16: Staircase (Team Boomerang) | C16: 0 | D16: 5 | E16: =IF($B16="","",$C16) | F16: Team + liaisons | G16: STAIRCASE | H16: 1 | J16: =IF($B16="","",$E16+$D16) | K16: IU Auditorium | L16: Staircase | M16: Saturday | N16: that team's staircase photo time
B17: Balcony (Team Photo) | C17: 0 | D17: 5 | E17: =IF($B17="","",$E16+$D16+$C17) | F17: Team + liaisons | G17: BALCONY | H17: 1 | J17: =IF($B17="","",$E17+$D17) | K17: IU Auditorium | L17: Balcony
E18: =IF($B18="","",$E17+$D17+$C18) | J18: =IF($B18="","",$E18+$D18)
E19: =IF($B19="","",$E18+$D18+$C19) | J19: =IF($B19="","",$E19+$D19)
E20: =IF($B20="","",$E19+$D19+$C20) | J20: =IF($B20="","",$E20+$D20)
E21: =IF($B21="","",$E20+$D20+$C21) | J21: =IF($B21="","",$E21+$D21)
E22: =IF($B22="","",$E21+$D21+$C22) | J22: =IF($B22="","",$E22+$D22)
E23: =IF($B23="","",$E22+$D22+$C23) | J23: =IF($B23="","",$E23+$D23)
E24: =IF($B24="","",$E23+$D23+$C24) | J24: =IF($B24="","",$E24+$D24)
E25: =IF($B25="","",$E24+$D24+$C25) | J25: =IF($B25="","",$E25+$D25)
E26: =IF($B26="","",$E25+$D25+$C26) | J26: =IF($B26="","",$E26+$D26)
E27: =IF($B27="","",$E26+$D26+$C27) | J27: =IF($B27="","",$E27+$D27)
E28: =IF($B28="","",$E27+$D27+$C28) | J28: =IF($B28="","",$E28+$D28)
E29: =IF($B29="","",$E28+$D28+$C29) | J29: =IF($B29="","",$E29+$D29)
A30: Show Backstage | B30: Collect from Seats | C30: -50 | D30: 5 | E30: =IF($B30="","",$C30) | F30: Team + liaisons | J30: =IF($B30="","",$E30+$D30) | K30: IU Auditorium | L30: House | M30: Saturday | N30: that team's ON STAGE time (negative offsets happen before it)
B31: Walk to Warm-Up | C31: 0 | D31: 5 | E31: =IF($B31="","",$E30+$D30+$C31) | F31: Team + liaisons | J31: =IF($B31="","",$E31+$D31) | K31: IU Auditorium
B32: WARM-UP | C32: 0 | D32: 20 | E32: =IF($B32="","",$E31+$D31+$C32) | F32: Team + liaisons | G32: WARM-UP ROOM | H32: 2 | I32: Y | J32: =IF($B32="","",$E32+$D32) | K32: IU Auditorium | L32: Warm-Up Room
B33: Dressing / Costume | C33: 0 | D33: 10 | E33: =IF($B33="","",$E32+$D32+$C33) | F33: Team + liaisons | G33: DRESSING ROOM | H33: 2 | J33: =IF($B33="","",$E33+$D33) | K33: IU Auditorium | L33: Dressing Room
B34: Pre-Prop | C34: 0 | D34: 10 | E34: =IF($B34="","",$E33+$D33+$C34) | F34: Team + liaisons | G34: PRE-PROP | H34: 2 | J34: =IF($B34="","",$E34+$D34) | K34: IU Auditorium | L34: Pre-Prop
B35: ON STAGE | C35: 0 | D35: 10 | E35: =IF($B35="","",$E34+$D34+$C35) | F35: Team | G35: SHOW STAGE | H35: 1 | J35: =IF($B35="","",$E35+$D35) | K35: IU Auditorium | L35: Stage
B36: Post-Prop to Audience | C36: 0 | D36: 10 | E36: =IF($B36="","",$E35+$D35+$C36) | F36: Team + liaisons | G36: POST-PROP | H36: 2 | J36: =IF($B36="","",$E36+$D36) | K36: IU Auditorium | L36: Post-Prop
E37: =IF($B37="","",$E36+$D36+$C37) | J37: =IF($B37="","",$E37+$D37)
E38: =IF($B38="","",$E37+$D37+$C38) | J38: =IF($B38="","",$E38+$D38)
E39: =IF($B39="","",$E38+$D38+$C39) | J39: =IF($B39="","",$E39+$D39)
E40: =IF($B40="","",$E39+$D39+$C40) | J40: =IF($B40="","",$E40+$D40)
E41: =IF($B41="","",$E40+$D40+$C41) | J41: =IF($B41="","",$E41+$D41)
E42: =IF($B42="","",$E41+$D41+$C42) | J42: =IF($B42="","",$E42+$D42)
E43: =IF($B43="","",$E42+$D42+$C43) | J43: =IF($B43="","",$E43+$D43)
A45: Offset and Ends-at are CALCULATED. Each step starts when the one before it ends.
A46: Shared space — name the room only if teams have to take turns in it. How many fit says how many teams can be in there at once. The Checks tab uses both to warn you.
A47: Break? — mark Y on steps that are a genuine rest. The Checks tab counts them per team.

Sheet Slot Times
A1: Sequence | B1: Slot | C1: Anchor | D1: Gap before | E1: Float before | F1: Adjust | G1: Real gap | H1: Reference time | I1: Team (from the draw)
A2: Saturday Practice | B2: 1 | C2: 0.30208333 | H2: =IF($C2="","",$C2+$F2/1440) | I2: =IFERROR(INDEX(Teams!$B$2:$B$9,MATCH($B2,Teams!$D$2:$D$9,0)),"(not drawn)")
B3: 2 | D3: 30 | G3: =IF($D3="","",$D3+IF($E3="",0,$E3)) | H3: =IF(OR($H2="",$D3=""),"",$H2+($G3+IF($F3="",0,$F3))/1440) | I3: =IFERROR(INDEX(Teams!$B$2:$B$9,MATCH($B3,Teams!$D$2:$D$9,0)),"(not drawn)")
B4: 3 | D4: 30 | E4: 15 | G4: =IF($D4="","",$D4+IF($E4="",0,$E4)) | H4: =IF(OR($H3="",$D4=""),"",$H3+($G4+IF($F4="",0,$F4))/1440) | I4: =IFERROR(INDEX(Teams!$B$2:$B$9,MATCH($B4,Teams!$D$2:$D$9,0)),"(not drawn)")
B5: 4 | D5: 30 | G5: =IF($D5="","",$D5+IF($E5="",0,$E5)) | H5: =IF(OR($H4="",$D5=""),"",$H4+($G5+IF($F5="",0,$F5))/1440) | I5: =IFERROR(INDEX(Teams!$B$2:$B$9,MATCH($B5,Teams!$D$2:$D$9,0)),"(not drawn)")
B6: 5 | D6: 30 | E6: 25 | G6: =IF($D6="","",$D6+IF($E6="",0,$E6)) | H6: =IF(OR($H5="",$D6=""),"",$H5+($G6+IF($F6="",0,$F6))/1440) | I6: =IFERROR(INDEX(Teams!$B$2:$B$9,MATCH($B6,Teams!$D$2:$D$9,0)),"(not drawn)")
B7: 6 | D7: 30 | G7: =IF($D7="","",$D7+IF($E7="",0,$E7)) | H7: =IF(OR($H6="",$D7=""),"",$H6+($G7+IF($F7="",0,$F7))/1440) | I7: =IFERROR(INDEX(Teams!$B$2:$B$9,MATCH($B7,Teams!$D$2:$D$9,0)),"(not drawn)")
B8: 7 | D8: 30 | E8: 15 | G8: =IF($D8="","",$D8+IF($E8="",0,$E8)) | H8: =IF(OR($H7="",$D8=""),"",$H7+($G8+IF($F8="",0,$F8))/1440) | I8: =IFERROR(INDEX(Teams!$B$2:$B$9,MATCH($B8,Teams!$D$2:$D$9,0)),"(not drawn)")
B9: 8 | D9: 30 | G9: =IF($D9="","",$D9+IF($E9="",0,$E9)) | H9: =IF(OR($H8="",$D9=""),"",$H8+($G9+IF($F9="",0,$F9))/1440) | I9: =IFERROR(INDEX(Teams!$B$2:$B$9,MATCH($B9,Teams!$D$2:$D$9,0)),"(not drawn)")
A10: Saturday Photos | B10: 1 | C10: 0.59375 | H10: =IF($C10="","",$C10+$F10/1440) | I10: =IFERROR(INDEX(Teams!$B$2:$B$9,MATCH($B10,Teams!$D$2:$D$9,0)),"(not drawn)")
B11: 2 | D11: 10 | G11: =IF($D11="","",$D11+IF($E11="",0,$E11)) | H11: =IF(OR($H10="",$D11=""),"",$H10+($G11+IF($F11="",0,$F11))/1440) | I11: =IFERROR(INDEX(Teams!$B$2:$B$9,MATCH($B11,Teams!$D$2:$D$9,0)),"(not drawn)")
B12: 3 | D12: 10 | G12: =IF($D12="","",$D12+IF($E12="",0,$E12)) | H12: =IF(OR($H11="",$D12=""),"",$H11+($G12+IF($F12="",0,$F12))/1440) | I12: =IFERROR(INDEX(Teams!$B$2:$B$9,MATCH($B12,Teams!$D$2:$D$9,0)),"(not drawn)")
B13: 4 | D13: 10 | G13: =IF($D13="","",$D13+IF($E13="",0,$E13)) | H13: =IF(OR($H12="",$D13=""),"",$H12+($G13+IF($F13="",0,$F13))/1440) | I13: =IFERROR(INDEX(Teams!$B$2:$B$9,MATCH($B13,Teams!$D$2:$D$9,0)),"(not drawn)")
B14: 5 | D14: 10 | G14: =IF($D14="","",$D14+IF($E14="",0,$E14)) | H14: =IF(OR($H13="",$D14=""),"",$H13+($G14+IF($F14="",0,$F14))/1440) | I14: =IFERROR(INDEX(Teams!$B$2:$B$9,MATCH($B14,Teams!$D$2:$D$9,0)),"(not drawn)")
B15: 6 | D15: 10 | G15: =IF($D15="","",$D15+IF($E15="",0,$E15)) | H15: =IF(OR($H14="",$D15=""),"",$H14+($G15+IF($F15="",0,$F15))/1440) | I15: =IFERROR(INDEX(Teams!$B$2:$B$9,MATCH($B15,Teams!$D$2:$D$9,0)),"(not drawn)")
B16: 7 | D16: 10 | G16: =IF($D16="","",$D16+IF($E16="",0,$E16)) | H16: =IF(OR($H15="",$D16=""),"",$H15+($G16+IF($F16="",0,$F16))/1440) | I16: =IFERROR(INDEX(Teams!$B$2:$B$9,MATCH($B16,Teams!$D$2:$D$9,0)),"(not drawn)")
B17: 8 | D17: 10 | G17: =IF($D17="","",$D17+IF($E17="",0,$E17)) | H17: =IF(OR($H16="",$D17=""),"",$H16+($G17+IF($F17="",0,$F17))/1440) | I17: =IFERROR(INDEX(Teams!$B$2:$B$9,MATCH($B17,Teams!$D$2:$D$9,0)),"(not drawn)")
A18: Show Backstage | B18: 1 | C18: =Checks!$B$4 | H18: =IF($C18="","",$C18+$F18/1440) | I18: =IFERROR(INDEX(Teams!$B$2:$B$9,MATCH($B18,Teams!$D$2:$D$9,0)),"(not drawn)")
B19: 2 | D19: 10 | G19: =IF($D19="","",$D19+IF($E19="",0,$E19)) | H19: =IF(OR($H18="",$D19=""),"",$H18+($G19+IF($F19="",0,$F19))/1440) | I19: =IFERROR(INDEX(Teams!$B$2:$B$9,MATCH($B19,Teams!$D$2:$D$9,0)),"(not drawn)")
B20: 3 | D20: 10 | G20: =IF($D20="","",$D20+IF($E20="",0,$E20)) | H20: =IF(OR($H19="",$D20=""),"",$H19+($G20+IF($F20="",0,$F20))/1440) | I20: =IFERROR(INDEX(Teams!$B$2:$B$9,MATCH($B20,Teams!$D$2:$D$9,0)),"(not drawn)")
B21: 4 | D21: 10 | G21: =IF($D21="","",$D21+IF($E21="",0,$E21)) | H21: =IF(OR($H20="",$D21=""),"",$H20+($G21+IF($F21="",0,$F21))/1440) | I21: =IFERROR(INDEX(Teams!$B$2:$B$9,MATCH($B21,Teams!$D$2:$D$9,0)),"(not drawn)")
B22: 5 | D22: 10 | E22: 30 | G22: =IF($D22="","",$D22+IF($E22="",0,$E22)) | H22: =IF(OR($H21="",$D22=""),"",$H21+($G22+IF($F22="",0,$F22))/1440) | I22: =IFERROR(INDEX(Teams!$B$2:$B$9,MATCH($B22,Teams!$D$2:$D$9,0)),"(not drawn)")
B23: 6 | D23: 10 | G23: =IF($D23="","",$D23+IF($E23="",0,$E23)) | H23: =IF(OR($H22="",$D23=""),"",$H22+($G23+IF($F23="",0,$F23))/1440) | I23: =IFERROR(INDEX(Teams!$B$2:$B$9,MATCH($B23,Teams!$D$2:$D$9,0)),"(not drawn)")
B24: 7 | D24: 10 | G24: =IF($D24="","",$D24+IF($E24="",0,$E24)) | H24: =IF(OR($H23="",$D24=""),"",$H23+($G24+IF($F24="",0,$F24))/1440) | I24: =IFERROR(INDEX(Teams!$B$2:$B$9,MATCH($B24,Teams!$D$2:$D$9,0)),"(not drawn)")
B25: 8 | D25: 10 | G25: =IF($D25="","",$D25+IF($E25="",0,$E25)) | H25: =IF(OR($H24="",$D25=""),"",$H24+($G25+IF($F25="",0,$F25))/1440) | I25: =IFERROR(INDEX(Teams!$B$2:$B$9,MATCH($B25,Teams!$D$2:$D$9,0)),"(not drawn)")
A27: Gap before is the normal spacing between teams. Float before is DELIBERATE SPARE TIME — it is how the day absorbs a team running long. Do not delete floats to save time; they are the reason a single overrun does not wreck the afternoon.
A28: If the day runs on time, a float just becomes a longer break. Nothing is wasted.
A29: Show Backstage has no typed anchor — it comes from the curtain time on the Checks tab.
A30: RUNNING LATE? Everyone — change the Anchor. One team ran long — raise the Float before the NEXT slot. Only one team — use its Adjust box.

Sheet Vehicles
A1: Slot | B1: Team | C1: Leg | D1: Vehicle | E1: Starts | F1: Ends | G1: Clashes | H1: Too close | I1: Status
A2: 1 | B2: ='Slot Times'!$I$2 | C2: Hotel -> Venue | D2: SUV pair A | E2: =IF('Slot Times'!$H$2="","",'Slot Times'!$H$2+Sequences!$E$4/1440) | F2: =IF($E2="","",$E2+Sequences!$D$4/1440) | G2: =SUMPRODUCT(($D$2:$D$17=$D2)*($E$2:$E$17<$F2)*($F$2:$F$17>$E2))-1 | H2: =SUMPRODUCT(($D$2:$D$17=$D2)*($E$2:$E$17<$F2+Checks!$B$6/1440)*($F$2:$F$17>$E2))-1 | I2: =IF($G2>0,"CLASH",IF($H2>0,"TIGHT","OK"))
A3: 2 | B3: ='Slot Times'!$I$3 | C3: Hotel -> Venue | D3: SUV pair B | E3: =IF('Slot Times'!$H$3="","",'Slot Times'!$H$3+Sequences!$E$4/1440) | F3: =IF($E3="","",$E3+Sequences!$D$4/1440) | G3: =SUMPRODUCT(($D$2:$D$17=$D3)*($E$2:$E$17<$F3)*($F$2:$F$17>$E3))-1 | H3: =SUMPRODUCT(($D$2:$D$17=$D3)*($E$2:$E$17<$F3+Checks!$B$6/1440)*($F$2:$F$17>$E3))-1 | I3: =IF($G3>0,"CLASH",IF($H3>0,"TIGHT","OK"))
A4: 3 | B4: ='Slot Times'!$I$4 | C4: Hotel -> Venue | D4: SUV pair A | E4: =IF('Slot Times'!$H$4="","",'Slot Times'!$H$4+Sequences!$E$4/1440) | F4: =IF($E4="","",$E4+Sequences!$D$4/1440) | G4: =SUMPRODUCT(($D$2:$D$17=$D4)*($E$2:$E$17<$F4)*($F$2:$F$17>$E4))-1 | H4: =SUMPRODUCT(($D$2:$D$17=$D4)*($E$2:$E$17<$F4+Checks!$B$6/1440)*($F$2:$F$17>$E4))-1 | I4: =IF($G4>0,"CLASH",IF($H4>0,"TIGHT","OK"))
A5: 4 | B5: ='Slot Times'!$I$5 | C5: Hotel -> Venue | D5: SUV pair B | E5: =IF('Slot Times'!$H$5="","",'Slot Times'!$H$5+Sequences!$E$4/1440) | F5: =IF($E5="","",$E5+Sequences!$D$4/1440) | G5: =SUMPRODUCT(($D$2:$D$17=$D5)*($E$2:$E$17<$F5)*($F$2:$F$17>$E5))-1 | H5: =SUMPRODUCT(($D$2:$D$17=$D5)*($E$2:$E$17<$F5+Checks!$B$6/1440)*($F$2:$F$17>$E5))-1 | I5: =IF($G5>0,"CLASH",IF($H5>0,"TIGHT","OK"))
A6: 5 | B6: ='Slot Times'!$I$6 | C6: Hotel -> Venue | D6: SUV pair A | E6: =IF('Slot Times'!$H$6="","",'Slot Times'!$H$6+Sequences!$E$4/1440) | F6: =IF($E6="","",$E6+Sequences!$D$4/1440) | G6: =SUMPRODUCT(($D$2:$D$17=$D6)*($E$2:$E$17<$F6)*($F$2:$F$17>$E6))-1 | H6: =SUMPRODUCT(($D$2:$D$17=$D6)*($E$2:$E$17<$F6+Checks!$B$6/1440)*($F$2:$F$17>$E6))-1 | I6: =IF($G6>0,"CLASH",IF($H6>0,"TIGHT","OK"))
A7: 6 | B7: ='Slot Times'!$I$7 | C7: Hotel -> Venue | D7: SUV pair B | E7: =IF('Slot Times'!$H$7="","",'Slot Times'!$H$7+Sequences!$E$4/1440) | F7: =IF($E7="","",$E7+Sequences!$D$4/1440) | G7: =SUMPRODUCT(($D$2:$D$17=$D7)*($E$2:$E$17<$F7)*($F$2:$F$17>$E7))-1 | H7: =SUMPRODUCT(($D$2:$D$17=$D7)*($E$2:$E$17<$F7+Checks!$B$6/1440)*($F$2:$F$17>$E7))-1 | I7: =IF($G7>0,"CLASH",IF($H7>0,"TIGHT","OK"))
A8: 7 | B8: ='Slot Times'!$I$8 | C8: Hotel -> Venue | D8: SUV pair A | E8: =IF('Slot Times'!$H$8="","",'Slot Times'!$H$8+Sequences!$E$4/1440) | F8: =IF($E8="","",$E8+Sequences!$D$4/1440) | G8: =SUMPRODUCT(($D$2:$D$17=$D8)*($E$2:$E$17<$F8)*($F$2:$F$17>$E8))-1 | H8: =SUMPRODUCT(($D$2:$D$17=$D8)*($E$2:$E$17<$F8+Checks!$B$6/1440)*($F$2:$F$17>$E8))-1 | I8: =IF($G8>0,"CLASH",IF($H8>0,"TIGHT","OK"))
A9: 8 | B9: ='Slot Times'!$I$9 | C9: Hotel -> Venue | D9: SUV pair B | E9: =IF('Slot Times'!$H$9="","",'Slot Times'!$H$9+Sequences!$E$4/1440) | F9: =IF($E9="","",$E9+Sequences!$D$4/1440) | G9: =SUMPRODUCT(($D$2:$D$17=$D9)*($E$2:$E$17<$F9)*($F$2:$F$17>$E9))-1 | H9: =SUMPRODUCT(($D$2:$D$17=$D9)*($E$2:$E$17<$F9+Checks!$B$6/1440)*($F$2:$F$17>$E9))-1 | I9: =IF($G9>0,"CLASH",IF($H9>0,"TIGHT","OK"))
A10: 1 | B10: ='Slot Times'!$I$2 | C10: Fieldhouse -> Hotel | D10: =$D$2 | E10: =IF('Slot Times'!$H$2="","",'Slot Times'!$H$2+Sequences!$E$12/1440) | F10: =IF($E10="","",$E10+Sequences!$D$12/1440) | G10: =SUMPRODUCT(($D$2:$D$17=$D10)*($E$2:$E$17<$F10)*($F$2:$F$17>$E10))-1 | H10: =SUMPRODUCT(($D$2:$D$17=$D10)*($E$2:$E$17<$F10+Checks!$B$6/1440)*($F$2:$F$17>$E10))-1 | I10: =IF($G10>0,"CLASH",IF($H10>0,"TIGHT","OK"))
A11: 2 | B11: ='Slot Times'!$I$3 | C11: Fieldhouse -> Hotel | D11: =$D$3 | E11: =IF('Slot Times'!$H$3="","",'Slot Times'!$H$3+Sequences!$E$12/1440) | F11: =IF($E11="","",$E11+Sequences!$D$12/1440) | G11: =SUMPRODUCT(($D$2:$D$17=$D11)*($E$2:$E$17<$F11)*($F$2:$F$17>$E11))-1 | H11: =SUMPRODUCT(($D$2:$D$17=$D11)*($E$2:$E$17<$F11+Checks!$B$6/1440)*($F$2:$F$17>$E11))-1 | I11: =IF($G11>0,"CLASH",IF($H11>0,"TIGHT","OK"))
A12: 3 | B12: ='Slot Times'!$I$4 | C12: Fieldhouse -> Hotel | D12: =$D$4 | E12: =IF('Slot Times'!$H$4="","",'Slot Times'!$H$4+Sequences!$E$12/1440) | F12: =IF($E12="","",$E12+Sequences!$D$12/1440) | G12: =SUMPRODUCT(($D$2:$D$17=$D12)*($E$2:$E$17<$F12)*($F$2:$F$17>$E12))-1 | H12: =SUMPRODUCT(($D$2:$D$17=$D12)*($E$2:$E$17<$F12+Checks!$B$6/1440)*($F$2:$F$17>$E12))-1 | I12: =IF($G12>0,"CLASH",IF($H12>0,"TIGHT","OK"))
A13: 4 | B13: ='Slot Times'!$I$5 | C13: Fieldhouse -> Hotel | D13: =$D$5 | E13: =IF('Slot Times'!$H$5="","",'Slot Times'!$H$5+Sequences!$E$12/1440) | F13: =IF($E13="","",$E13+Sequences!$D$12/1440) | G13: =SUMPRODUCT(($D$2:$D$17=$D13)*($E$2:$E$17<$F13)*($F$2:$F$17>$E13))-1 | H13: =SUMPRODUCT(($D$2:$D$17=$D13)*($E$2:$E$17<$F13+Checks!$B$6/1440)*($F$2:$F$17>$E13))-1 | I13: =IF($G13>0,"CLASH",IF($H13>0,"TIGHT","OK"))
A14: 5 | B14: ='Slot Times'!$I$6 | C14: Fieldhouse -> Hotel | D14: =$D$6 | E14: =IF('Slot Times'!$H$6="","",'Slot Times'!$H$6+Sequences!$E$12/1440) | F14: =IF($E14="","",$E14+Sequences!$D$12/1440) | G14: =SUMPRODUCT(($D$2:$D$17=$D14)*($E$2:$E$17<$F14)*($F$2:$F$17>$E14))-1 | H14: =SUMPRODUCT(($D$2:$D$17=$D14)*($E$2:$E$17<$F14+Checks!$B$6/1440)*($F$2:$F$17>$E14))-1 | I14: =IF($G14>0,"CLASH",IF($H14>0,"TIGHT","OK"))
A15: 6 | B15: ='Slot Times'!$I$7 | C15: Fieldhouse -> Hotel | D15: =$D$7 | E15: =IF('Slot Times'!$H$7="","",'Slot Times'!$H$7+Sequences!$E$12/1440) | F15: =IF($E15="","",$E15+Sequences!$D$12/1440) | G15: =SUMPRODUCT(($D$2:$D$17=$D15)*($E$2:$E$17<$F15)*($F$2:$F$17>$E15))-1 | H15: =SUMPRODUCT(($D$2:$D$17=$D15)*($E$2:$E$17<$F15+Checks!$B$6/1440)*($F$2:$F$17>$E15))-1 | I15: =IF($G15>0,"CLASH",IF($H15>0,"TIGHT","OK"))
A16: 7 | B16: ='Slot Times'!$I$8 | C16: Fieldhouse -> Hotel | D16: =$D$8 | E16: =IF('Slot Times'!$H$8="","",'Slot Times'!$H$8+Sequences!$E$12/1440) | F16: =IF($E16="","",$E16+Sequences!$D$12/1440) | G16: =SUMPRODUCT(($D$2:$D$17=$D16)*($E$2:$E$17<$F16)*($F$2:$F$17>$E16))-1 | H16: =SUMPRODUCT(($D$2:$D$17=$D16)*($E$2:$E$17<$F16+Checks!$B$6/1440)*($F$2:$F$17>$E16))-1 | I16: =IF($G16>0,"CLASH",IF($H16>0,"TIGHT","OK"))
A17: 8 | B17: ='Slot Times'!$I$9 | C17: Fieldhouse -> Hotel | D17: =$D$9 | E17: =IF('Slot Times'!$H$9="","",'Slot Times'!$H$9+Sequences!$E$12/1440) | F17: =IF($E17="","",$E17+Sequences!$D$12/1440) | G17: =SUMPRODUCT(($D$2:$D$17=$D17)*($E$2:$E$17<$F17)*($F$2:$F$17>$E17))-1 | H17: =SUMPRODUCT(($D$2:$D$17=$D17)*($E$2:$E$17<$F17+Checks!$B$6/1440)*($F$2:$F$17>$E17))-1 | I17: =IF($G17>0,"CLASH",IF($H17>0,"TIGHT","OK"))
A19: Two rows per team — the run out and the run back. A van drops a team and is free again; it is not tied up all morning.
A20: Type the vehicle on the outbound row. The return row follows it unless you change it.
A21: CLASH means that vehicle is booked to be in two places at once. TIGHT means it makes it, but with less than the turnaround you set on Checks.
A22: A late van delays a team that did nothing wrong. Keep these green.

Sheet Windows
A1: Day | B1: Window | C1: Assigned Team/Person | D1: Opens | E1: Closes | F1: Venue | G1: Sub-location | H1: Notes
A2: Saturday | B2: Breakfast | C2: Role: Dancer | D2: 0.25 | E2: 0.41666667 | F2: Courtyard Marriott | G2: Breakfast Room | H2: Grab-and-go from 6:00 for the early slots
A3: Saturday | B3: Lunch | C3: Role: Dancer | D3: 0.45833333 | E3: 0.625 | F3: Courtyard Marriott | G3: Lobby | H3: Eat when your team gets back from practice
A4: Saturday | B4: Pre-show snack | C4: Role: Dancer | D4: 0.64583333 | E4: 0.6875 | F4: IU Auditorium | G4: Green Room | H4: Light only. You are in costume
A5: Saturday | B5: Post-show food | C5: Role: Dancer | D5: 0.85416667 | E5: 0.91666667 | F5: Courtyard Marriott | G5: Lobby
A6: Friday | B6: Dinner | C6: Role: Dancer | D6: 0.66666667 | E6: 0.70833333 | F6: Monroe Convention Center | H6: Pizza — eat at your convenience
A23: A window is a range you may use, not an appointment. Dancers see "Lunch 11:00 - 3:00" and eat when their team is free.
A24: Assigned uses the app's wording: "Role: Dancer", "Team: <name>" or "Person: <name>".

Sheet Manual Blocks
A1: Day | B1: Start | C1: End | D1: Venue | E1: Sub-location | F1: Activity | G1: Assigned Team/Person | H1: Notes | I1: ID
A2: Friday | B2: 0.375 | C2: 0.39583333 | D2: Courtyard Marriott | E2: Registration Room | F2: Board briefing | G2: Person: Example Director | H2: Delete this example row | I2: MAN-001
A203: Anything that is NOT a repeating pipeline goes here — board duties, airport runs, one-offs.
A204: This is what reaches people's phones. The day-grid tabs are for planning and reading; only rows on this tab and the generated pipelines get imported.
A205: Assigned uses the app's wording: "Team: <name>", "Person: <name>" or "Role: <name>".
A206: ID is optional but useful — give a block a stable ID and moving it counts as a change rather than a delete plus a new one.

Sheet Export
A1: Day | B1: Start | C1: End | D1: Location | E1: Sub-location | F1: Activity | G1: Assigned Team/Person | H1: Notes | I1: ID
A2: =IF(Sequences!$B$2="","",Sequences!$M$2) | B2: =IF(OR(Sequences!$B$2="",'Slot Times'!$H$2=""),"",'Slot Times'!$H$2+Sequences!$E$2/1440) | C2: =IF($B2="","",$B2+Sequences!$D$2/1440) | D2: =IF(Sequences!$B$2="","",Sequences!$K$2) | E2: =IF(Sequences!$B$2="","",Sequences!$L$2) | F2: =IF(Sequences!$B$2="","",Sequences!$B$2) | G2: =IF(OR(Sequences!$B$2="",'Slot Times'!$I$2=""),"","Team: "&'Slot Times'!$I$2) | H2: =IF(Sequences!$B$2="","",IF(Sequences!$F$2="Team + liaisons","Liaisons travel with this block","")) | I2: =IF(Sequences!$B$2="","","PRAC-S"&'Slot Times'!$B$2&"-01")
A3: =IF(Sequences!$B$3="","",Sequences!$M$2) | B3: =IF(OR(Sequences!$B$3="",'Slot Times'!$H$2=""),"",'Slot Times'!$H$2+Sequences!$E$3/1440) | C3: =IF($B3="","",$B3+Sequences!$D$3/1440) | D3: =IF(Sequences!$B$3="","",Sequences!$K$3) | E3: =IF(Sequences!$B$3="","",Sequences!$L$3) | F3: =IF(Sequences!$B$3="","",Sequences!$B$3) | G3: =IF(OR(Sequences!$B$3="",'Slot Times'!$I$2=""),"","Team: "&'Slot Times'!$I$2) | H3: =IF(Sequences!$B$3="","",IF(Sequences!$F$3="Team + liaisons","Liaisons travel with this block","")) | I3: =IF(Sequences!$B$3="","","PRAC-S"&'Slot Times'!$B$2&"-02")
A4: =IF(Sequences!$B$4="","",Sequences!$M$2) | B4: =IF(OR(Sequences!$B$4="",'Slot Times'!$H$2=""),"",'Slot Times'!$H$2+Sequences!$E$4/1440) | C4: =IF($B4="","",$B4+Sequences!$D$4/1440) | D4: =IF(Sequences!$B$4="","",Sequences!$K$4) | E4: =IF(Sequences!$B$4="","",Sequences!$L$4) | F4: =IF(Sequences!$B$4="","",Sequences!$B$4) | G4: =IF(OR(Sequences!$B$4="",'Slot Times'!$I$2=""),"","Team: "&'Slot Times'!$I$2) | H4: =IF(Sequences!$B$4="","",IF(Sequences!$F$4="Team + liaisons","Liaisons travel with this block","")) | I4: =IF(Sequences!$B$4="","","PRAC-S"&'Slot Times'!$B$2&"-03")
A5: =IF(Sequences!$B$5="","",Sequences!$M$2) | B5: =IF(OR(Sequences!$B$5="",'Slot Times'!$H$2=""),"",'Slot Times'!$H$2+Sequences!$E$5/1440) | C5: =IF($B5="","",$B5+Sequences!$D$5/1440) | D5: =IF(Sequences!$B$5="","",Sequences!$K$5) | E5: =IF(Sequences!$B$5="","",Sequences!$L$5) | F5: =IF(Sequences!$B$5="","",Sequences!$B$5) | G5: =IF(OR(Sequences!$B$5="",'Slot Times'!$I$2=""),"","Team: "&'Slot Times'!$I$2) | H5: =IF(Sequences!$B$5="","",IF(Sequences!$F$5="Team + liaisons","Liaisons travel with this block","")) | I5: =IF(Sequences!$B$5="","","PRAC-S"&'Slot Times'!$B$2&"-04")
A6: =IF(Sequences!$B$6="","",Sequences!$M$2) | B6: =IF(OR(Sequences!$B$6="",'Slot Times'!$H$2=""),"",'Slot Times'!$H$2+Sequences!$E$6/1440) | C6: =IF($B6="","",$B6+Sequences!$D$6/1440) | D6: =IF(Sequences!$B$6="","",Sequences!$K$6) | E6: =IF(Sequences!$B$6="","",Sequences!$L$6) | F6: =IF(Sequences!$B$6="","",Sequences!$B$6) | G6: =IF(OR(Sequences!$B$6="",'Slot Times'!$I$2=""),"","Team: "&'Slot Times'!$I$2) | H6: =IF(Sequences!$B$6="","",IF(Sequences!$F$6="Team + liaisons","Liaisons travel with this block","")) | I6: =IF(Sequences!$B$6="","","PRAC-S"&'Slot Times'!$B$2&"-05")
A7: =IF(Sequences!$B$7="","",Sequences!$M$2) | B7: =IF(OR(Sequences!$B$7="",'Slot Times'!$H$2=""),"",'Slot Times'!$H$2+Sequences!$E$7/1440) | C7: =IF($B7="","",$B7+Sequences!$D$7/1440) | D7: =IF(Sequences!$B$7="","",Sequences!$K$7) | E7: =IF(Sequences!$B$7="","",Sequences!$L$7) | F7: =IF(Sequences!$B$7="","",Sequences!$B$7) | G7: =IF(OR(Sequences!$B$7="",'Slot Times'!$I$2=""),"","Team: "&'Slot Times'!$I$2) | H7: =IF(Sequences!$B$7="","",IF(Sequences!$F$7="Team + liaisons","Liaisons travel with this block","")) | I7: =IF(Sequences!$B$7="","","PRAC-S"&'Slot Times'!$B$2&"-06")
A8: =IF(Sequences!$B$8="","",Sequences!$M$2) | B8: =IF(OR(Sequences!$B$8="",'Slot Times'!$H$2=""),"",'Slot Times'!$H$2+Sequences!$E$8/1440) | C8: =IF($B8="","",$B8+Sequences!$D$8/1440) | D8: =IF(Sequences!$B$8="","",Sequences!$K$8) | E8: =IF(Sequences!$B$8="","",Sequences!$L$8) | F8: =IF(Sequences!$B$8="","",Sequences!$B$8) | G8: =IF(OR(Sequences!$B$8="",'Slot Times'!$I$2=""),"","Team: "&'Slot Times'!$I$2) | H8: =IF(Sequences!$B$8="","",IF(Sequences!$F$8="Team + liaisons","Liaisons travel with this block","")) | I8: =IF(Sequences!$B$8="","","PRAC-S"&'Slot Times'!$B$2&"-07")
A9: =IF(Sequences!$B$9="","",Sequences!$M$2) | B9: =IF(OR(Sequences!$B$9="",'Slot Times'!$H$2=""),"",'Slot Times'!$H$2+Sequences!$E$9/1440) | C9: =IF($B9="","",$B9+Sequences!$D$9/1440) | D9: =IF(Sequences!$B$9="","",Sequences!$K$9) | E9: =IF(Sequences!$B$9="","",Sequences!$L$9) | F9: =IF(Sequences!$B$9="","",Sequences!$B$9) | G9: =IF(OR(Sequences!$B$9="",'Slot Times'!$I$2=""),"","Team: "&'Slot Times'!$I$2) | H9: =IF(Sequences!$B$9="","",IF(Sequences!$F$9="Team + liaisons","Liaisons travel with this block","")) | I9: =IF(Sequences!$B$9="","","PRAC-S"&'Slot Times'!$B$2&"-08")
A10: =IF(Sequences!$B$10="","",Sequences!$M$2) | B10: =IF(OR(Sequences!$B$10="",'Slot Times'!$H$2=""),"",'Slot Times'!$H$2+Sequences!$E$10/1440) | C10: =IF($B10="","",$B10+Sequences!$D$10/1440) | D10: =IF(Sequences!$B$10="","",Sequences!$K$10) | E10: =IF(Sequences!$B$10="","",Sequences!$L$10) | F10: =IF(Sequences!$B$10="","",Sequences!$B$10) | G10: =IF(OR(Sequences!$B$10="",'Slot Times'!$I$2=""),"","Team: "&'Slot Times'!$I$2) | H10: =IF(Sequences!$B$10="","",IF(Sequences!$F$10="Team + liaisons","Liaisons travel with this block","")) | I10: =IF(Sequences!$B$10="","","PRAC-S"&'Slot Times'!$B$2&"-09")
A11: =IF(Sequences!$B$11="","",Sequences!$M$2) | B11: =IF(OR(Sequences!$B$11="",'Slot Times'!$H$2=""),"",'Slot Times'!$H$2+Sequences!$E$11/1440) | C11: =IF($B11="","",$B11+Sequences!$D$11/1440) | D11: =IF(Sequences!$B$11="","",Sequences!$K$11) | E11: =IF(Sequences!$B$11="","",Sequences!$L$11) | F11: =IF(Sequences!$B$11="","",Sequences!$B$11) | G11: =IF(OR(Sequences!$B$11="",'Slot Times'!$I$2=""),"","Team: "&'Slot Times'!$I$2) | H11: =IF(Sequences!$B$11="","",IF(Sequences!$F$11="Team + liaisons","Liaisons travel with this block","")) | I11: =IF(Sequences!$B$11="","","PRAC-S"&'Slot Times'!$B$2&"-10")
A12: =IF(Sequences!$B$12="","",Sequences!$M$2) | B12: =IF(OR(Sequences!$B$12="",'Slot Times'!$H$2=""),"",'Slot Times'!$H$2+Sequences!$E$12/1440) | C12: =IF($B12="","",$B12+Sequences!$D$12/1440) | D12: =IF(Sequences!$B$12="","",Sequences!$K$12) | E12: =IF(Sequences!$B$12="","",Sequences!$L$12) | F12: =IF(Sequences!$B$12="","",Sequences!$B$12) | G12: =IF(OR(Sequences!$B$12="",'Slot Times'!$I$2=""),"","Team: "&'Slot Times'!$I$2) | H12: =IF(Sequences!$B$12="","",IF(Sequences!$F$12="Team + liaisons","Liaisons travel with this block","")) | I12: =IF(Sequences!$B$12="","","PRAC-S"&'Slot Times'!$B$2&"-11")
A13: =IF(Sequences!$B$13="","",Sequences!$M$2) | B13: =IF(OR(Sequences!$B$13="",'Slot Times'!$H$2=""),"",'Slot Times'!$H$2+Sequences!$E$13/1440) | C13: =IF($B13="","",$B13+Sequences!$D$13/1440) | D13: =IF(Sequences!$B$13="","",Sequences!$K$13) | E13: =IF(Sequences!$B$13="","",Sequences!$L$13) | F13: =IF(Sequences!$B$13="","",Sequences!$B$13) | G13: =IF(OR(Sequences!$B$13="",'Slot Times'!$I$2=""),"","Team: "&'Slot Times'!$I$2) | H13: =IF(Sequences!$B$13="","",IF(Sequences!$F$13="Team + liaisons","Liaisons travel with this block","")) | I13: =IF(Sequences!$B$13="","","PRAC-S"&'Slot Times'!$B$2&"-12")
A14: =IF(Sequences!$B$14="","",Sequences!$M$2) | B14: =IF(OR(Sequences!$B$14="",'Slot Times'!$H$2=""),"",'Slot Times'!$H$2+Sequences!$E$14/1440) | C14: =IF($B14="","",$B14+Sequences!$D$14/1440) | D14: =IF(Sequences!$B$14="","",Sequences!$K$14) | E14: =IF(Sequences!$B$14="","",Sequences!$L$14) | F14: =IF(Sequences!$B$14="","",Sequences!$B$14) | G14: =IF(OR(Sequences!$B$14="",'Slot Times'!$I$2=""),"","Team: "&'Slot Times'!$I$2) | H14: =IF(Sequences!$B$14="","",IF(Sequences!$F$14="Team + liaisons","Liaisons travel with this block","")) | I14: =IF(Sequences!$B$14="","","PRAC-S"&'Slot Times'!$B$2&"-13")
A15: =IF(Sequences!$B$15="","",Sequences!$M$2) | B15: =IF(OR(Sequences!$B$15="",'Slot Times'!$H$2=""),"",'Slot Times'!$H$2+Sequences!$E$15/1440) | C15: =IF($B15="","",$B15+Sequences!$D$15/1440) | D15: =IF(Sequences!$B$15="","",Sequences!$K$15) | E15: =IF(Sequences!$B$15="","",Sequences!$L$15) | F15: =IF(Sequences!$B$15="","",Sequences!$B$15) | G15: =IF(OR(Sequences!$B$15="",'Slot Times'!$I$2=""),"","Team: "&'Slot Times'!$I$2) | H15: =IF(Sequences!$B$15="","",IF(Sequences!$F$15="Team + liaisons","Liaisons travel with this block","")) | I15: =IF(Sequences!$B$15="","","PRAC-S"&'Slot Times'!$B$2&"-14")
A16: =IF(Sequences!$B$2="","",Sequences!$M$2) | B16: =IF(OR(Sequences!$B$2="",'Slot Times'!$H$3=""),"",'Slot Times'!$H$3+Sequences!$E$2/1440) | C16: =IF($B16="","",$B16+Sequences!$D$2/1440) | D16: =IF(Sequences!$B$2="","",Sequences!$K$2) | E16: =IF(Sequences!$B$2="","",Sequences!$L$2) | F16: =IF(Sequences!$B$2="","",Sequences!$B$2) | G16: =IF(OR(Sequences!$B$2="",'Slot Times'!$I$3=""),"","Team: "&'Slot Times'!$I$3) | H16: =IF(Sequences!$B$2="","",IF(Sequences!$F$2="Team + liaisons","Liaisons travel with this block","")) | I16: =IF(Sequences!$B$2="","","PRAC-S"&'Slot Times'!$B$3&"-01")
A17: =IF(Sequences!$B$3="","",Sequences!$M$2) | B17: =IF(OR(Sequences!$B$3="",'Slot Times'!$H$3=""),"",'Slot Times'!$H$3+Sequences!$E$3/1440) | C17: =IF($B17="","",$B17+Sequences!$D$3/1440) | D17: =IF(Sequences!$B$3="","",Sequences!$K$3) | E17: =IF(Sequences!$B$3="","",Sequences!$L$3) | F17: =IF(Sequences!$B$3="","",Sequences!$B$3) | G17: =IF(OR(Sequences!$B$3="",'Slot Times'!$I$3=""),"","Team: "&'Slot Times'!$I$3) | H17: =IF(Sequences!$B$3="","",IF(Sequences!$F$3="Team + liaisons","Liaisons travel with this block","")) | I17: =IF(Sequences!$B$3="","","PRAC-S"&'Slot Times'!$B$3&"-02")
A18: =IF(Sequences!$B$4="","",Sequences!$M$2) | B18: =IF(OR(Sequences!$B$4="",'Slot Times'!$H$3=""),"",'Slot Times'!$H$3+Sequences!$E$4/1440) | C18: =IF($B18="","",$B18+Sequences!$D$4/1440) | D18: =IF(Sequences!$B$4="","",Sequences!$K$4) | E18: =IF(Sequences!$B$4="","",Sequences!$L$4) | F18: =IF(Sequences!$B$4="","",Sequences!$B$4) | G18: =IF(OR(Sequences!$B$4="",'Slot Times'!$I$3=""),"","Team: "&'Slot Times'!$I$3) | H18: =IF(Sequences!$B$4="","",IF(Sequences!$F$4="Team + liaisons","Liaisons travel with this block","")) | I18: =IF(Sequences!$B$4="","","PRAC-S"&'Slot Times'!$B$3&"-03")
A19: =IF(Sequences!$B$5="","",Sequences!$M$2) | B19: =IF(OR(Sequences!$B$5="",'Slot Times'!$H$3=""),"",'Slot Times'!$H$3+Sequences!$E$5/1440) | C19: =IF($B19="","",$B19+Sequences!$D$5/1440) | D19: =IF(Sequences!$B$5="","",Sequences!$K$5) | E19: =IF(Sequences!$B$5="","",Sequences!$L$5) | F19: =IF(Sequences!$B$5="","",Sequences!$B$5) | G19: =IF(OR(Sequences!$B$5="",'Slot Times'!$I$3=""),"","Team: "&'Slot Times'!$I$3) | H19: =IF(Sequences!$B$5="","",IF(Sequences!$F$5="Team + liaisons","Liaisons travel with this block","")) | I19: =IF(Sequences!$B$5="","","PRAC-S"&'Slot Times'!$B$3&"-04")
A20: =IF(Sequences!$B$6="","",Sequences!$M$2) | B20: =IF(OR(Sequences!$B$6="",'Slot Times'!$H$3=""),"",'Slot Times'!$H$3+Sequences!$E$6/1440) | C20: =IF($B20="","",$B20+Sequences!$D$6/1440) | D20: =IF(Sequences!$B$6="","",Sequences!$K$6) | E20: =IF(Sequences!$B$6="","",Sequences!$L$6) | F20: =IF(Sequences!$B$6="","",Sequences!$B$6) | G20: =IF(OR(Sequences!$B$6="",'Slot Times'!$I$3=""),"","Team: "&'Slot Times'!$I$3) | H20: =IF(Sequences!$B$6="","",IF(Sequences!$F$6="Team + liaisons","Liaisons travel with this block","")) | I20: =IF(Sequences!$B$6="","","PRAC-S"&'Slot Times'!$B$3&"-05")
A21: =IF(Sequences!$B$7="","",Sequences!$M$2) | B21: =IF(OR(Sequences!$B$7="",'Slot Times'!$H$3=""),"",'Slot Times'!$H$3+Sequences!$E$7/1440) | C21: =IF($B21="","",$B21+Sequences!$D$7/1440) | D21: =IF(Sequences!$B$7="","",Sequences!$K$7) | E21: =IF(Sequences!$B$7="","",Sequences!$L$7) | F21: =IF(Sequences!$B$7="","",Sequences!$B$7) | G21: =IF(OR(Sequences!$B$7="",'Slot Times'!$I$3=""),"","Team: "&'Slot Times'!$I$3) | H21: =IF(Sequences!$B$7="","",IF(Sequences!$F$7="Team + liaisons","Liaisons travel with this block","")) | I21: =IF(Sequences!$B$7="","","PRAC-S"&'Slot Times'!$B$3&"-06")
A22: =IF(Sequences!$B$8="","",Sequences!$M$2) | B22: =IF(OR(Sequences!$B$8="",'Slot Times'!$H$3=""),"",'Slot Times'!$H$3+Sequences!$E$8/1440) | C22: =IF($B22="","",$B22+Sequences!$D$8/1440) | D22: =IF(Sequences!$B$8="","",Sequences!$K$8) | E22: =IF(Sequences!$B$8="","",Sequences!$L$8) | F22: =IF(Sequences!$B$8="","",Sequences!$B$8) | G22: =IF(OR(Sequences!$B$8="",'Slot Times'!$I$3=""),"","Team: "&'Slot Times'!$I$3) | H22: =IF(Sequences!$B$8="","",IF(Sequences!$F$8="Team + liaisons","Liaisons travel with this block","")) | I22: =IF(Sequences!$B$8="","","PRAC-S"&'Slot Times'!$B$3&"-07")
A23: =IF(Sequences!$B$9="","",Sequences!$M$2) | B23: =IF(OR(Sequences!$B$9="",'Slot Times'!$H$3=""),"",'Slot Times'!$H$3+Sequences!$E$9/1440) | C23: =IF($B23="","",$B23+Sequences!$D$9/1440) | D23: =IF(Sequences!$B$9="","",Sequences!$K$9) | E23: =IF(Sequences!$B$9="","",Sequences!$L$9) | F23: =IF(Sequences!$B$9="","",Sequences!$B$9) | G23: =IF(OR(Sequences!$B$9="",'Slot Times'!$I$3=""),"","Team: "&'Slot Times'!$I$3) | H23: =IF(Sequences!$B$9="","",IF(Sequences!$F$9="Team + liaisons","Liaisons travel with this block","")) | I23: =IF(Sequences!$B$9="","","PRAC-S"&'Slot Times'!$B$3&"-08")
A24: =IF(Sequences!$B$10="","",Sequences!$M$2) | B24: =IF(OR(Sequences!$B$10="",'Slot Times'!$H$3=""),"",'Slot Times'!$H$3+Sequences!$E$10/1440) | C24: =IF($B24="","",$B24+Sequences!$D$10/1440) | D24: =IF(Sequences!$B$10="","",Sequences!$K$10) | E24: =IF(Sequences!$B$10="","",Sequences!$L$10) | F24: =IF(Sequences!$B$10="","",Sequences!$B$10) | G24: =IF(OR(Sequences!$B$10="",'Slot Times'!$I$3=""),"","Team: "&'Slot Times'!$I$3) | H24: =IF(Sequences!$B$10="","",IF(Sequences!$F$10="Team + liaisons","Liaisons travel with this block","")) | I24: =IF(Sequences!$B$10="","","PRAC-S"&'Slot Times'!$B$3&"-09")
A25: =IF(Sequences!$B$11="","",Sequences!$M$2) | B25: =IF(OR(Sequences!$B$11="",'Slot Times'!$H$3=""),"",'Slot Times'!$H$3+Sequences!$E$11/1440) | C25: =IF($B25="","",$B25+Sequences!$D$11/1440) | D25: =IF(Sequences!$B$11="","",Sequences!$K$11) | E25: =IF(Sequences!$B$11="","",Sequences!$L$11) | F25: =IF(Sequences!$B$11="","",Sequences!$B$11) | G25: =IF(OR(Sequences!$B$11="",'Slot Times'!$I$3=""),"","Team: "&'Slot Times'!$I$3) | H25: =IF(Sequences!$B$11="","",IF(Sequences!$F$11="Team + liaisons","Liaisons travel with this block","")) | I25: =IF(Sequences!$B$11="","","PRAC-S"&'Slot Times'!$B$3&"-10")
A26: =IF(Sequences!$B$12="","",Sequences!$M$2) | B26: =IF(OR(Sequences!$B$12="",'Slot Times'!$H$3=""),"",'Slot Times'!$H$3+Sequences!$E$12/1440) | C26: =IF($B26="","",$B26+Sequences!$D$12/1440) | D26: =IF(Sequences!$B$12="","",Sequences!$K$12) | E26: =IF(Sequences!$B$12="","",Sequences!$L$12) | F26: =IF(Sequences!$B$12="","",Sequences!$B$12) | G26: =IF(OR(Sequences!$B$12="",'Slot Times'!$I$3=""),"","Team: "&'Slot Times'!$I$3) | H26: =IF(Sequences!$B$12="","",IF(Sequences!$F$12="Team + liaisons","Liaisons travel with this block","")) | I26: =IF(Sequences!$B$12="","","PRAC-S"&'Slot Times'!$B$3&"-11")
A27: =IF(Sequences!$B$13="","",Sequences!$M$2) | B27: =IF(OR(Sequences!$B$13="",'Slot Times'!$H$3=""),"",'Slot Times'!$H$3+Sequences!$E$13/1440) | C27: =IF($B27="","",$B27+Sequences!$D$13/1440) | D27: =IF(Sequences!$B$13="","",Sequences!$K$13) | E27: =IF(Sequences!$B$13="","",Sequences!$L$13) | F27: =IF(Sequences!$B$13="","",Sequences!$B$13) | G27: =IF(OR(Sequences!$B$13="",'Slot Times'!$I$3=""),"","Team: "&'Slot Times'!$I$3) | H27: =IF(Sequences!$B$13="","",IF(Sequences!$F$13="Team + liaisons","Liaisons travel with this block","")) | I27: =IF(Sequences!$B$13="","","PRAC-S"&'Slot Times'!$B$3&"-12")
A28: =IF(Sequences!$B$14="","",Sequences!$M$2) | B28: =IF(OR(Sequences!$B$14="",'Slot Times'!$H$3=""),"",'Slot Times'!$H$3+Sequences!$E$14/1440) | C28: =IF($B28="","",$B28+Sequences!$D$14/1440) | D28: =IF(Sequences!$B$14="","",Sequences!$K$14) | E28: =IF(Sequences!$B$14="","",Sequences!$L$14) | F28: =IF(Sequences!$B$14="","",Sequences!$B$14) | G28: =IF(OR(Sequences!$B$14="",'Slot Times'!$I$3=""),"","Team: "&'Slot Times'!$I$3) | H28: =IF(Sequences!$B$14="","",IF(Sequences!$F$14="Team + liaisons","Liaisons travel with this block","")) | I28: =IF(Sequences!$B$14="","","PRAC-S"&'Slot Times'!$B$3&"-13")
A29: =IF(Sequences!$B$15="","",Sequences!$M$2) | B29: =IF(OR(Sequences!$B$15="",'Slot Times'!$H$3=""),"",'Slot Times'!$H$3+Sequences!$E$15/1440) | C29: =IF($B29="","",$B29+Sequences!$D$15/1440) | D29: =IF(Sequences!$B$15="","",Sequences!$K$15) | E29: =IF(Sequences!$B$15="","",Sequences!$L$15) | F29: =IF(Sequences!$B$15="","",Sequences!$B$15) | G29: =IF(OR(Sequences!$B$15="",'Slot Times'!$I$3=""),"","Team: "&'Slot Times'!$I$3) | H29: =IF(Sequences!$B$15="","",IF(Sequences!$F$15="Team + liaisons","Liaisons travel with this block","")) | I29: =IF(Sequences!$B$15="","","PRAC-S"&'Slot Times'!$B$3&"-14")
A30: =IF(Sequences!$B$2="","",Sequences!$M$2) | B30: =IF(OR(Sequences!$B$2="",'Slot Times'!$H$4=""),"",'Slot Times'!$H$4+Sequences!$E$2/1440) | C30: =IF($B30="","",$B30+Sequences!$D$2/1440) | D30: =IF(Sequences!$B$2="","",Sequences!$K$2) | E30: =IF(Sequences!$B$2="","",Sequences!$L$2) | F30: =IF(Sequences!$B$2="","",Sequences!$B$2) | G30: =IF(OR(Sequences!$B$2="",'Slot Times'!$I$4=""),"","Team: "&'Slot Times'!$I$4) | H30: =IF(Sequences!$B$2="","",IF(Sequences!$F$2="Team + liaisons","Liaisons travel with this block","")) | I30: =IF(Sequences!$B$2="","","PRAC-S"&'Slot Times'!$B$4&"-01")
A31: =IF(Sequences!$B$3="","",Sequences!$M$2) | B31: =IF(OR(Sequences!$B$3="",'Slot Times'!$H$4=""),"",'Slot Times'!$H$4+Sequences!$E$3/1440) | C31: =IF($B31="","",$B31+Sequences!$D$3/1440) | D31: =IF(Sequences!$B$3="","",Sequences!$K$3) | E31: =IF(Sequences!$B$3="","",Sequences!$L$3) | F31: =IF(Sequences!$B$3="","",Sequences!$B$3) | G31: =IF(OR(Sequences!$B$3="",'Slot Times'!$I$4=""),"","Team: "&'Slot Times'!$I$4) | H31: =IF(Sequences!$B$3="","",IF(Sequences!$F$3="Team + liaisons","Liaisons travel with this block","")) | I31: =IF(Sequences!$B$3="","","PRAC-S"&'Slot Times'!$B$4&"-02")
A32: =IF(Sequences!$B$4="","",Sequences!$M$2) | B32: =IF(OR(Sequences!$B$4="",'Slot Times'!$H$4=""),"",'Slot Times'!$H$4+Sequences!$E$4/1440) | C32: =IF($B32="","",$B32+Sequences!$D$4/1440) | D32: =IF(Sequences!$B$4="","",Sequences!$K$4) | E32: =IF(Sequences!$B$4="","",Sequences!$L$4) | F32: =IF(Sequences!$B$4="","",Sequences!$B$4) | G32: =IF(OR(Sequences!$B$4="",'Slot Times'!$I$4=""),"","Team: "&'Slot Times'!$I$4) | H32: =IF(Sequences!$B$4="","",IF(Sequences!$F$4="Team + liaisons","Liaisons travel with this block","")) | I32: =IF(Sequences!$B$4="","","PRAC-S"&'Slot Times'!$B$4&"-03")
A33: =IF(Sequences!$B$5="","",Sequences!$M$2) | B33: =IF(OR(Sequences!$B$5="",'Slot Times'!$H$4=""),"",'Slot Times'!$H$4+Sequences!$E$5/1440) | C33: =IF($B33="","",$B33+Sequences!$D$5/1440) | D33: =IF(Sequences!$B$5="","",Sequences!$K$5) | E33: =IF(Sequences!$B$5="","",Sequences!$L$5) | F33: =IF(Sequences!$B$5="","",Sequences!$B$5) | G33: =IF(OR(Sequences!$B$5="",'Slot Times'!$I$4=""),"","Team: "&'Slot Times'!$I$4) | H33: =IF(Sequences!$B$5="","",IF(Sequences!$F$5="Team + liaisons","Liaisons travel with this block","")) | I33: =IF(Sequences!$B$5="","","PRAC-S"&'Slot Times'!$B$4&"-04")
A34: =IF(Sequences!$B$6="","",Sequences!$M$2) | B34: =IF(OR(Sequences!$B$6="",'Slot Times'!$H$4=""),"",'Slot Times'!$H$4+Sequences!$E$6/1440) | C34: =IF($B34="","",$B34+Sequences!$D$6/1440) | D34: =IF(Sequences!$B$6="","",Sequences!$K$6) | E34: =IF(Sequences!$B$6="","",Sequences!$L$6) | F34: =IF(Sequences!$B$6="","",Sequences!$B$6) | G34: =IF(OR(Sequences!$B$6="",'Slot Times'!$I$4=""),"","Team: "&'Slot Times'!$I$4) | H34: =IF(Sequences!$B$6="","",IF(Sequences!$F$6="Team + liaisons","Liaisons travel with this block","")) | I34: =IF(Sequences!$B$6="","","PRAC-S"&'Slot Times'!$B$4&"-05")
A35: =IF(Sequences!$B$7="","",Sequences!$M$2) | B35: =IF(OR(Sequences!$B$7="",'Slot Times'!$H$4=""),"",'Slot Times'!$H$4+Sequences!$E$7/1440) | C35: =IF($B35="","",$B35+Sequences!$D$7/1440) | D35: =IF(Sequences!$B$7="","",Sequences!$K$7) | E35: =IF(Sequences!$B$7="","",Sequences!$L$7) | F35: =IF(Sequences!$B$7="","",Sequences!$B$7) | G35: =IF(OR(Sequences!$B$7="",'Slot Times'!$I$4=""),"","Team: "&'Slot Times'!$I$4) | H35: =IF(Sequences!$B$7="","",IF(Sequences!$F$7="Team + liaisons","Liaisons travel with this block","")) | I35: =IF(Sequences!$B$7="","","PRAC-S"&'Slot Times'!$B$4&"-06")
A36: =IF(Sequences!$B$8="","",Sequences!$M$2) | B36: =IF(OR(Sequences!$B$8="",'Slot Times'!$H$4=""),"",'Slot Times'!$H$4+Sequences!$E$8/1440) | C36: =IF($B36="","",$B36+Sequences!$D$8/1440) | D36: =IF(Sequences!$B$8="","",Sequences!$K$8) | E36: =IF(Sequences!$B$8="","",Sequences!$L$8) | F36: =IF(Sequences!$B$8="","",Sequences!$B$8) | G36: =IF(OR(Sequences!$B$8="",'Slot Times'!$I$4=""),"","Team: "&'Slot Times'!$I$4) | H36: =IF(Sequences!$B$8="","",IF(Sequences!$F$8="Team + liaisons","Liaisons travel with this block","")) | I36: =IF(Sequences!$B$8="","","PRAC-S"&'Slot Times'!$B$4&"-07")
A37: =IF(Sequences!$B$9="","",Sequences!$M$2) | B37: =IF(OR(Sequences!$B$9="",'Slot Times'!$H$4=""),"",'Slot Times'!$H$4+Sequences!$E$9/1440) | C37: =IF($B37="","",$B37+Sequences!$D$9/1440) | D37: =IF(Sequences!$B$9="","",Sequences!$K$9) | E37: =IF(Sequences!$B$9="","",Sequences!$L$9) | F37: =IF(Sequences!$B$9="","",Sequences!$B$9) | G37: =IF(OR(Sequences!$B$9="",'Slot Times'!$I$4=""),"","Team: "&'Slot Times'!$I$4) | H37: =IF(Sequences!$B$9="","",IF(Sequences!$F$9="Team + liaisons","Liaisons travel with this block","")) | I37: =IF(Sequences!$B$9="","","PRAC-S"&'Slot Times'!$B$4&"-08")
A38: =IF(Sequences!$B$10="","",Sequences!$M$2) | B38: =IF(OR(Sequences!$B$10="",'Slot Times'!$H$4=""),"",'Slot Times'!$H$4+Sequences!$E$10/1440) | C38: =IF($B38="","",$B38+Sequences!$D$10/1440) | D38: =IF(Sequences!$B$10="","",Sequences!$K$10) | E38: =IF(Sequences!$B$10="","",Sequences!$L$10) | F38: =IF(Sequences!$B$10="","",Sequences!$B$10) | G38: =IF(OR(Sequences!$B$10="",'Slot Times'!$I$4=""),"","Team: "&'Slot Times'!$I$4) | H38: =IF(Sequences!$B$10="","",IF(Sequences!$F$10="Team + liaisons","Liaisons travel with this block","")) | I38: =IF(Sequences!$B$10="","","PRAC-S"&'Slot Times'!$B$4&"-09")
A39: =IF(Sequences!$B$11="","",Sequences!$M$2) | B39: =IF(OR(Sequences!$B$11="",'Slot Times'!$H$4=""),"",'Slot Times'!$H$4+Sequences!$E$11/1440) | C39: =IF($B39="","",$B39+Sequences!$D$11/1440) | D39: =IF(Sequences!$B$11="","",Sequences!$K$11) | E39: =IF(Sequences!$B$11="","",Sequences!$L$11) | F39: =IF(Sequences!$B$11="","",Sequences!$B$11) | G39: =IF(OR(Sequences!$B$11="",'Slot Times'!$I$4=""),"","Team: "&'Slot Times'!$I$4) | H39: =IF(Sequences!$B$11="","",IF(Sequences!$F$11="Team + liaisons","Liaisons travel with this block","")) | I39: =IF(Sequences!$B$11="","","PRAC-S"&'Slot Times'!$B$4&"-10")
A40: =IF(Sequences!$B$12="","",Sequences!$M$2) | B40: =IF(OR(Sequences!$B$12="",'Slot Times'!$H$4=""),"",'Slot Times'!$H$4+Sequences!$E$12/1440) | C40: =IF($B40="","",$B40+Sequences!$D$12/1440) | D40: =IF(Sequences!$B$12="","",Sequences!$K$12) | E40: =IF(Sequences!$B$12="","",Sequences!$L$12) | F40: =IF(Sequences!$B$12="","",Sequences!$B$12) | G40: =IF(OR(Sequences!$B$12="",'Slot Times'!$I$4=""),"","Team: "&'Slot Times'!$I$4) | H40: =IF(Sequences!$B$12="","",IF(Sequences!$F$12="Team + liaisons","Liaisons travel with this block","")) | I40: =IF(Sequences!$B$12="","","PRAC-S"&'Slot Times'!$B$4&"-11")
A41: =IF(Sequences!$B$13="","",Sequences!$M$2) | B41: =IF(OR(Sequences!$B$13="",'Slot Times'!$H$4=""),"",'Slot Times'!$H$4+Sequences!$E$13/1440) | C41: =IF($B41="","",$B41+Sequences!$D$13/1440) | D41: =IF(Sequences!$B$13="","",Sequences!$K$13) | E41: =IF(Sequences!$B$13="","",Sequences!$L$13) | F41: =IF(Sequences!$B$13="","",Sequences!$B$13) | G41: =IF(OR(Sequences!$B$13="",'Slot Times'!$I$4=""),"","Team: "&'Slot Times'!$I$4) | H41: =IF(Sequences!$B$13="","",IF(Sequences!$F$13="Team + liaisons","Liaisons travel with this block","")) | I41: =IF(Sequences!$B$13="","","PRAC-S"&'Slot Times'!$B$4&"-12")
A42: =IF(Sequences!$B$14="","",Sequences!$M$2) | B42: =IF(OR(Sequences!$B$14="",'Slot Times'!$H$4=""),"",'Slot Times'!$H$4+Sequences!$E$14/1440) | C42: =IF($B42="","",$B42+Sequences!$D$14/1440) | D42: =IF(Sequences!$B$14="","",Sequences!$K$14) | E42: =IF(Sequences!$B$14="","",Sequences!$L$14) | F42: =IF(Sequences!$B$14="","",Sequences!$B$14) | G42: =IF(OR(Sequences!$B$14="",'Slot Times'!$I$4=""),"","Team: "&'Slot Times'!$I$4) | H42: =IF(Sequences!$B$14="","",IF(Sequences!$F$14="Team + liaisons","Liaisons travel with this block","")) | I42: =IF(Sequences!$B$14="","","PRAC-S"&'Slot Times'!$B$4&"-13")
A43: =IF(Sequences!$B$15="","",Sequences!$M$2) | B43: =IF(OR(Sequences!$B$15="",'Slot Times'!$H$4=""),"",'Slot Times'!$H$4+Sequences!$E$15/1440) | C43: =IF($B43="","",$B43+Sequences!$D$15/1440) | D43: =IF(Sequences!$B$15="","",Sequences!$K$15) | E43: =IF(Sequences!$B$15="","",Sequences!$L$15) | F43: =IF(Sequences!$B$15="","",Sequences!$B$15) | G43: =IF(OR(Sequences!$B$15="",'Slot Times'!$I$4=""),"","Team: "&'Slot Times'!$I$4) | H43: =IF(Sequences!$B$15="","",IF(Sequences!$F$15="Team + liaisons","Liaisons travel with this block","")) | I43: =IF(Sequences!$B$15="","","PRAC-S"&'Slot Times'!$B$4&"-14")
A44: =IF(Sequences!$B$2="","",Sequences!$M$2) | B44: =IF(OR(Sequences!$B$2="",'Slot Times'!$H$5=""),"",'Slot Times'!$H$5+Sequences!$E$2/1440) | C44: =IF($B44="","",$B44+Sequences!$D$2/1440) | D44: =IF(Sequences!$B$2="","",Sequences!$K$2) | E44: =IF(Sequences!$B$2="","",Sequences!$L$2) | F44: =IF(Sequences!$B$2="","",Sequences!$B$2) | G44: =IF(OR(Sequences!$B$2="",'Slot Times'!$I$5=""),"","Team: "&'Slot Times'!$I$5) | H44: =IF(Sequences!$B$2="","",IF(Sequences!$F$2="Team + liaisons","Liaisons travel with this block","")) | I44: =IF(Sequences!$B$2="","","PRAC-S"&'Slot Times'!$B$5&"-01")
A45: =IF(Sequences!$B$3="","",Sequences!$M$2) | B45: =IF(OR(Sequences!$B$3="",'Slot Times'!$H$5=""),"",'Slot Times'!$H$5+Sequences!$E$3/1440) | C45: =IF($B45="","",$B45+Sequences!$D$3/1440) | D45: =IF(Sequences!$B$3="","",Sequences!$K$3) | E45: =IF(Sequences!$B$3="","",Sequences!$L$3) | F45: =IF(Sequences!$B$3="","",Sequences!$B$3) | G45: =IF(OR(Sequences!$B$3="",'Slot Times'!$I$5=""),"","Team: "&'Slot Times'!$I$5) | H45: =IF(Sequences!$B$3="","",IF(Sequences!$F$3="Team + liaisons","Liaisons travel with this block","")) | I45: =IF(Sequences!$B$3="","","PRAC-S"&'Slot Times'!$B$5&"-02")
A46: =IF(Sequences!$B$4="","",Sequences!$M$2) | B46: =IF(OR(Sequences!$B$4="",'Slot Times'!$H$5=""),"",'Slot Times'!$H$5+Sequences!$E$4/1440) | C46: =IF($B46="","",$B46+Sequences!$D$4/1440) | D46: =IF(Sequences!$B$4="","",Sequences!$K$4) | E46: =IF(Sequences!$B$4="","",Sequences!$L$4) | F46: =IF(Sequences!$B$4="","",Sequences!$B$4) | G46: =IF(OR(Sequences!$B$4="",'Slot Times'!$I$5=""),"","Team: "&'Slot Times'!$I$5) | H46: =IF(Sequences!$B$4="","",IF(Sequences!$F$4="Team + liaisons","Liaisons travel with this block","")) | I46: =IF(Sequences!$B$4="","","PRAC-S"&'Slot Times'!$B$5&"-03")
A47: =IF(Sequences!$B$5="","",Sequences!$M$2) | B47: =IF(OR(Sequences!$B$5="",'Slot Times'!$H$5=""),"",'Slot Times'!$H$5+Sequences!$E$5/1440) | C47: =IF($B47="","",$B47+Sequences!$D$5/1440) | D47: =IF(Sequences!$B$5="","",Sequences!$K$5) | E47: =IF(Sequences!$B$5="","",Sequences!$L$5) | F47: =IF(Sequences!$B$5="","",Sequences!$B$5) | G47: =IF(OR(Sequences!$B$5="",'Slot Times'!$I$5=""),"","Team: "&'Slot Times'!$I$5) | H47: =IF(Sequences!$B$5="","",IF(Sequences!$F$5="Team + liaisons","Liaisons travel with this block","")) | I47: =IF(Sequences!$B$5="","","PRAC-S"&'Slot Times'!$B$5&"-04")
A48: =IF(Sequences!$B$6="","",Sequences!$M$2) | B48: =IF(OR(Sequences!$B$6="",'Slot Times'!$H$5=""),"",'Slot Times'!$H$5+Sequences!$E$6/1440) | C48: =IF($B48="","",$B48+Sequences!$D$6/1440) | D48: =IF(Sequences!$B$6="","",Sequences!$K$6) | E48: =IF(Sequences!$B$6="","",Sequences!$L$6) | F48: =IF(Sequences!$B$6="","",Sequences!$B$6) | G48: =IF(OR(Sequences!$B$6="",'Slot Times'!$I$5=""),"","Team: "&'Slot Times'!$I$5) | H48: =IF(Sequences!$B$6="","",IF(Sequences!$F$6="Team + liaisons","Liaisons travel with this block","")) | I48: =IF(Sequences!$B$6="","","PRAC-S"&'Slot Times'!$B$5&"-05")
A49: =IF(Sequences!$B$7="","",Sequences!$M$2) | B49: =IF(OR(Sequences!$B$7="",'Slot Times'!$H$5=""),"",'Slot Times'!$H$5+Sequences!$E$7/1440) | C49: =IF($B49="","",$B49+Sequences!$D$7/1440) | D49: =IF(Sequences!$B$7="","",Sequences!$K$7) | E49: =IF(Sequences!$B$7="","",Sequences!$L$7) | F49: =IF(Sequences!$B$7="","",Sequences!$B$7) | G49: =IF(OR(Sequences!$B$7="",'Slot Times'!$I$5=""),"","Team: "&'Slot Times'!$I$5) | H49: =IF(Sequences!$B$7="","",IF(Sequences!$F$7="Team + liaisons","Liaisons travel with this block","")) | I49: =IF(Sequences!$B$7="","","PRAC-S"&'Slot Times'!$B$5&"-06")
A50: =IF(Sequences!$B$8="","",Sequences!$M$2) | B50: =IF(OR(Sequences!$B$8="",'Slot Times'!$H$5=""),"",'Slot Times'!$H$5+Sequences!$E$8/1440) | C50: =IF($B50="","",$B50+Sequences!$D$8/1440) | D50: =IF(Sequences!$B$8="","",Sequences!$K$8) | E50: =IF(Sequences!$B$8="","",Sequences!$L$8) | F50: =IF(Sequences!$B$8="","",Sequences!$B$8) | G50: =IF(OR(Sequences!$B$8="",'Slot Times'!$I$5=""),"","Team: "&'Slot Times'!$I$5) | H50: =IF(Sequences!$B$8="","",IF(Sequences!$F$8="Team + liaisons","Liaisons travel with this block","")) | I50: =IF(Sequences!$B$8="","","PRAC-S"&'Slot Times'!$B$5&"-07")
A51: =IF(Sequences!$B$9="","",Sequences!$M$2) | B51: =IF(OR(Sequences!$B$9="",'Slot Times'!$H$5=""),"",'Slot Times'!$H$5+Sequences!$E$9/1440) | C51: =IF($B51="","",$B51+Sequences!$D$9/1440) | D51: =IF(Sequences!$B$9="","",Sequences!$K$9) | E51: =IF(Sequences!$B$9="","",Sequences!$L$9) | F51: =IF(Sequences!$B$9="","",Sequences!$B$9) | G51: =IF(OR(Sequences!$B$9="",'Slot Times'!$I$5=""),"","Team: "&'Slot Times'!$I$5) | H51: =IF(Sequences!$B$9="","",IF(Sequences!$F$9="Team + liaisons","Liaisons travel with this block","")) | I51: =IF(Sequences!$B$9="","","PRAC-S"&'Slot Times'!$B$5&"-08")
A52: =IF(Sequences!$B$10="","",Sequences!$M$2) | B52: =IF(OR(Sequences!$B$10="",'Slot Times'!$H$5=""),"",'Slot Times'!$H$5+Sequences!$E$10/1440) | C52: =IF($B52="","",$B52+Sequences!$D$10/1440) | D52: =IF(Sequences!$B$10="","",Sequences!$K$10) | E52: =IF(Sequences!$B$10="","",Sequences!$L$10) | F52: =IF(Sequences!$B$10="","",Sequences!$B$10) | G52: =IF(OR(Sequences!$B$10="",'Slot Times'!$I$5=""),"","Team: "&'Slot Times'!$I$5) | H52: =IF(Sequences!$B$10="","",IF(Sequences!$F$10="Team + liaisons","Liaisons travel with this block","")) | I52: =IF(Sequences!$B$10="","","PRAC-S"&'Slot Times'!$B$5&"-09")
A53: =IF(Sequences!$B$11="","",Sequences!$M$2) | B53: =IF(OR(Sequences!$B$11="",'Slot Times'!$H$5=""),"",'Slot Times'!$H$5+Sequences!$E$11/1440) | C53: =IF($B53="","",$B53+Sequences!$D$11/1440) | D53: =IF(Sequences!$B$11="","",Sequences!$K$11) | E53: =IF(Sequences!$B$11="","",Sequences!$L$11) | F53: =IF(Sequences!$B$11="","",Sequences!$B$11) | G53: =IF(OR(Sequences!$B$11="",'Slot Times'!$I$5=""),"","Team: "&'Slot Times'!$I$5) | H53: =IF(Sequences!$B$11="","",IF(Sequences!$F$11="Team + liaisons","Liaisons travel with this block","")) | I53: =IF(Sequences!$B$11="","","PRAC-S"&'Slot Times'!$B$5&"-10")
A54: =IF(Sequences!$B$12="","",Sequences!$M$2) | B54: =IF(OR(Sequences!$B$12="",'Slot Times'!$H$5=""),"",'Slot Times'!$H$5+Sequences!$E$12/1440) | C54: =IF($B54="","",$B54+Sequences!$D$12/1440) | D54: =IF(Sequences!$B$12="","",Sequences!$K$12) | E54: =IF(Sequences!$B$12="","",Sequences!$L$12) | F54: =IF(Sequences!$B$12="","",Sequences!$B$12) | G54: =IF(OR(Sequences!$B$12="",'Slot Times'!$I$5=""),"","Team: "&'Slot Times'!$I$5) | H54: =IF(Sequences!$B$12="","",IF(Sequences!$F$12="Team + liaisons","Liaisons travel with this block","")) | I54: =IF(Sequences!$B$12="","","PRAC-S"&'Slot Times'!$B$5&"-11")
A55: =IF(Sequences!$B$13="","",Sequences!$M$2) | B55: =IF(OR(Sequences!$B$13="",'Slot Times'!$H$5=""),"",'Slot Times'!$H$5+Sequences!$E$13/1440) | C55: =IF($B55="","",$B55+Sequences!$D$13/1440) | D55: =IF(Sequences!$B$13="","",Sequences!$K$13) | E55: =IF(Sequences!$B$13="","",Sequences!$L$13) | F55: =IF(Sequences!$B$13="","",Sequences!$B$13) | G55: =IF(OR(Sequences!$B$13="",'Slot Times'!$I$5=""),"","Team: "&'Slot Times'!$I$5) | H55: =IF(Sequences!$B$13="","",IF(Sequences!$F$13="Team + liaisons","Liaisons travel with this block","")) | I55: =IF(Sequences!$B$13="","","PRAC-S"&'Slot Times'!$B$5&"-12")
A56: =IF(Sequences!$B$14="","",Sequences!$M$2) | B56: =IF(OR(Sequences!$B$14="",'Slot Times'!$H$5=""),"",'Slot Times'!$H$5+Sequences!$E$14/1440) | C56: =IF($B56="","",$B56+Sequences!$D$14/1440) | D56: =IF(Sequences!$B$14="","",Sequences!$K$14) | E56: =IF(Sequences!$B$14="","",Sequences!$L$14) | F56: =IF(Sequences!$B$14="","",Sequences!$B$14) | G56: =IF(OR(Sequences!$B$14="",'Slot Times'!$I$5=""),"","Team: "&'Slot Times'!$I$5) | H56: =IF(Sequences!$B$14="","",IF(Sequences!$F$14="Team + liaisons","Liaisons travel with this block","")) | I56: =IF(Sequences!$B$14="","","PRAC-S"&'Slot Times'!$B$5&"-13")
A57: =IF(Sequences!$B$15="","",Sequences!$M$2) | B57: =IF(OR(Sequences!$B$15="",'Slot Times'!$H$5=""),"",'Slot Times'!$H$5+Sequences!$E$15/1440) | C57: =IF($B57="","",$B57+Sequences!$D$15/1440) | D57: =IF(Sequences!$B$15="","",Sequences!$K$15) | E57: =IF(Sequences!$B$15="","",Sequences!$L$15) | F57: =IF(Sequences!$B$15="","",Sequences!$B$15) | G57: =IF(OR(Sequences!$B$15="",'Slot Times'!$I$5=""),"","Team: "&'Slot Times'!$I$5) | H57: =IF(Sequences!$B$15="","",IF(Sequences!$F$15="Team + liaisons","Liaisons travel with this block","")) | I57: =IF(Sequences!$B$15="","","PRAC-S"&'Slot Times'!$B$5&"-14")
A58: =IF(Sequences!$B$2="","",Sequences!$M$2) | B58: =IF(OR(Sequences!$B$2="",'Slot Times'!$H$6=""),"",'Slot Times'!$H$6+Sequences!$E$2/1440) | C58: =IF($B58="","",$B58+Sequences!$D$2/1440) | D58: =IF(Sequences!$B$2="","",Sequences!$K$2) | E58: =IF(Sequences!$B$2="","",Sequences!$L$2) | F58: =IF(Sequences!$B$2="","",Sequences!$B$2) | G58: =IF(OR(Sequences!$B$2="",'Slot Times'!$I$6=""),"","Team: "&'Slot Times'!$I$6) | H58: =IF(Sequences!$B$2="","",IF(Sequences!$F$2="Team + liaisons","Liaisons travel with this block","")) | I58: =IF(Sequences!$B$2="","","PRAC-S"&'Slot Times'!$B$6&"-01")
A59: =IF(Sequences!$B$3="","",Sequences!$M$2) | B59: =IF(OR(Sequences!$B$3="",'Slot Times'!$H$6=""),"",'Slot Times'!$H$6+Sequences!$E$3/1440) | C59: =IF($B59="","",$B59+Sequences!$D$3/1440) | D59: =IF(Sequences!$B$3="","",Sequences!$K$3) | E59: =IF(Sequences!$B$3="","",Sequences!$L$3) | F59: =IF(Sequences!$B$3="","",Sequences!$B$3) | G59: =IF(OR(Sequences!$B$3="",'Slot Times'!$I$6=""),"","Team: "&'Slot Times'!$I$6) | H59: =IF(Sequences!$B$3="","",IF(Sequences!$F$3="Team + liaisons","Liaisons travel with this block","")) | I59: =IF(Sequences!$B$3="","","PRAC-S"&'Slot Times'!$B$6&"-02")
A60: =IF(Sequences!$B$4="","",Sequences!$M$2) | B60: =IF(OR(Sequences!$B$4="",'Slot Times'!$H$6=""),"",'Slot Times'!$H$6+Sequences!$E$4/1440) | C60: =IF($B60="","",$B60+Sequences!$D$4/1440) | D60: =IF(Sequences!$B$4="","",Sequences!$K$4) | E60: =IF(Sequences!$B$4="","",Sequences!$L$4) | F60: =IF(Sequences!$B$4="","",Sequences!$B$4) | G60: =IF(OR(Sequences!$B$4="",'Slot Times'!$I$6=""),"","Team: "&'Slot Times'!$I$6) | H60: =IF(Sequences!$B$4="","",IF(Sequences!$F$4="Team + liaisons","Liaisons travel with this block","")) | I60: =IF(Sequences!$B$4="","","PRAC-S"&'Slot Times'!$B$6&"-03")
A61: =IF(Sequences!$B$5="","",Sequences!$M$2) | B61: =IF(OR(Sequences!$B$5="",'Slot Times'!$H$6=""),"",'Slot Times'!$H$6+Sequences!$E$5/1440) | C61: =IF($B61="","",$B61+Sequences!$D$5/1440) | D61: =IF(Sequences!$B$5="","",Sequences!$K$5) | E61: =IF(Sequences!$B$5="","",Sequences!$L$5) | F61: =IF(Sequences!$B$5="","",Sequences!$B$5) | G61: =IF(OR(Sequences!$B$5="",'Slot Times'!$I$6=""),"","Team: "&'Slot Times'!$I$6) | H61: =IF(Sequences!$B$5="","",IF(Sequences!$F$5="Team + liaisons","Liaisons travel with this block","")) | I61: =IF(Sequences!$B$5="","","PRAC-S"&'Slot Times'!$B$6&"-04")
A62: =IF(Sequences!$B$6="","",Sequences!$M$2) | B62: =IF(OR(Sequences!$B$6="",'Slot Times'!$H$6=""),"",'Slot Times'!$H$6+Sequences!$E$6/1440) | C62: =IF($B62="","",$B62+Sequences!$D$6/1440) | D62: =IF(Sequences!$B$6="","",Sequences!$K$6) | E62: =IF(Sequences!$B$6="","",Sequences!$L$6) | F62: =IF(Sequences!$B$6="","",Sequences!$B$6) | G62: =IF(OR(Sequences!$B$6="",'Slot Times'!$I$6=""),"","Team: "&'Slot Times'!$I$6) | H62: =IF(Sequences!$B$6="","",IF(Sequences!$F$6="Team + liaisons","Liaisons travel with this block","")) | I62: =IF(Sequences!$B$6="","","PRAC-S"&'Slot Times'!$B$6&"-05")
A63: =IF(Sequences!$B$7="","",Sequences!$M$2) | B63: =IF(OR(Sequences!$B$7="",'Slot Times'!$H$6=""),"",'Slot Times'!$H$6+Sequences!$E$7/1440) | C63: =IF($B63="","",$B63+Sequences!$D$7/1440) | D63: =IF(Sequences!$B$7="","",Sequences!$K$7) | E63: =IF(Sequences!$B$7="","",Sequences!$L$7) | F63: =IF(Sequences!$B$7="","",Sequences!$B$7) | G63: =IF(OR(Sequences!$B$7="",'Slot Times'!$I$6=""),"","Team: "&'Slot Times'!$I$6) | H63: =IF(Sequences!$B$7="","",IF(Sequences!$F$7="Team + liaisons","Liaisons travel with this block","")) | I63: =IF(Sequences!$B$7="","","PRAC-S"&'Slot Times'!$B$6&"-06")
A64: =IF(Sequences!$B$8="","",Sequences!$M$2) | B64: =IF(OR(Sequences!$B$8="",'Slot Times'!$H$6=""),"",'Slot Times'!$H$6+Sequences!$E$8/1440) | C64: =IF($B64="","",$B64+Sequences!$D$8/1440) | D64: =IF(Sequences!$B$8="","",Sequences!$K$8) | E64: =IF(Sequences!$B$8="","",Sequences!$L$8) | F64: =IF(Sequences!$B$8="","",Sequences!$B$8) | G64: =IF(OR(Sequences!$B$8="",'Slot Times'!$I$6=""),"","Team: "&'Slot Times'!$I$6) | H64: =IF(Sequences!$B$8="","",IF(Sequences!$F$8="Team + liaisons","Liaisons travel with this block","")) | I64: =IF(Sequences!$B$8="","","PRAC-S"&'Slot Times'!$B$6&"-07")
A65: =IF(Sequences!$B$9="","",Sequences!$M$2) | B65: =IF(OR(Sequences!$B$9="",'Slot Times'!$H$6=""),"",'Slot Times'!$H$6+Sequences!$E$9/1440) | C65: =IF($B65="","",$B65+Sequences!$D$9/1440) | D65: =IF(Sequences!$B$9="","",Sequences!$K$9) | E65: =IF(Sequences!$B$9="","",Sequences!$L$9) | F65: =IF(Sequences!$B$9="","",Sequences!$B$9) | G65: =IF(OR(Sequences!$B$9="",'Slot Times'!$I$6=""),"","Team: "&'Slot Times'!$I$6) | H65: =IF(Sequences!$B$9="","",IF(Sequences!$F$9="Team + liaisons","Liaisons travel with this block","")) | I65: =IF(Sequences!$B$9="","","PRAC-S"&'Slot Times'!$B$6&"-08")
A66: =IF(Sequences!$B$10="","",Sequences!$M$2) | B66: =IF(OR(Sequences!$B$10="",'Slot Times'!$H$6=""),"",'Slot Times'!$H$6+Sequences!$E$10/1440) | C66: =IF($B66="","",$B66+Sequences!$D$10/1440) | D66: =IF(Sequences!$B$10="","",Sequences!$K$10) | E66: =IF(Sequences!$B$10="","",Sequences!$L$10) | F66: =IF(Sequences!$B$10="","",Sequences!$B$10) | G66: =IF(OR(Sequences!$B$10="",'Slot Times'!$I$6=""),"","Team: "&'Slot Times'!$I$6) | H66: =IF(Sequences!$B$10="","",IF(Sequences!$F$10="Team + liaisons","Liaisons travel with this block","")) | I66: =IF(Sequences!$B$10="","","PRAC-S"&'Slot Times'!$B$6&"-09")
A67: =IF(Sequences!$B$11="","",Sequences!$M$2) | B67: =IF(OR(Sequences!$B$11="",'Slot Times'!$H$6=""),"",'Slot Times'!$H$6+Sequences!$E$11/1440) | C67: =IF($B67="","",$B67+Sequences!$D$11/1440) | D67: =IF(Sequences!$B$11="","",Sequences!$K$11) | E67: =IF(Sequences!$B$11="","",Sequences!$L$11) | F67: =IF(Sequences!$B$11="","",Sequences!$B$11) | G67: =IF(OR(Sequences!$B$11="",'Slot Times'!$I$6=""),"","Team: "&'Slot Times'!$I$6) | H67: =IF(Sequences!$B$11="","",IF(Sequences!$F$11="Team + liaisons","Liaisons travel with this block","")) | I67: =IF(Sequences!$B$11="","","PRAC-S"&'Slot Times'!$B$6&"-10")
A68: =IF(Sequences!$B$12="","",Sequences!$M$2) | B68: =IF(OR(Sequences!$B$12="",'Slot Times'!$H$6=""),"",'Slot Times'!$H$6+Sequences!$E$12/1440) | C68: =IF($B68="","",$B68+Sequences!$D$12/1440) | D68: =IF(Sequences!$B$12="","",Sequences!$K$12) | E68: =IF(Sequences!$B$12="","",Sequences!$L$12) | F68: =IF(Sequences!$B$12="","",Sequences!$B$12) | G68: =IF(OR(Sequences!$B$12="",'Slot Times'!$I$6=""),"","Team: "&'Slot Times'!$I$6) | H68: =IF(Sequences!$B$12="","",IF(Sequences!$F$12="Team + liaisons","Liaisons travel with this block","")) | I68: =IF(Sequences!$B$12="","","PRAC-S"&'Slot Times'!$B$6&"-11")
A69: =IF(Sequences!$B$13="","",Sequences!$M$2) | B69: =IF(OR(Sequences!$B$13="",'Slot Times'!$H$6=""),"",'Slot Times'!$H$6+Sequences!$E$13/1440) | C69: =IF($B69="","",$B69+Sequences!$D$13/1440) | D69: =IF(Sequences!$B$13="","",Sequences!$K$13) | E69: =IF(Sequences!$B$13="","",Sequences!$L$13) | F69: =IF(Sequences!$B$13="","",Sequences!$B$13) | G69: =IF(OR(Sequences!$B$13="",'Slot Times'!$I$6=""),"","Team: "&'Slot Times'!$I$6) | H69: =IF(Sequences!$B$13="","",IF(Sequences!$F$13="Team + liaisons","Liaisons travel with this block","")) | I69: =IF(Sequences!$B$13="","","PRAC-S"&'Slot Times'!$B$6&"-12")
A70: =IF(Sequences!$B$14="","",Sequences!$M$2) | B70: =IF(OR(Sequences!$B$14="",'Slot Times'!$H$6=""),"",'Slot Times'!$H$6+Sequences!$E$14/1440) | C70: =IF($B70="","",$B70+Sequences!$D$14/1440) | D70: =IF(Sequences!$B$14="","",Sequences!$K$14) | E70: =IF(Sequences!$B$14="","",Sequences!$L$14) | F70: =IF(Sequences!$B$14="","",Sequences!$B$14) | G70: =IF(OR(Sequences!$B$14="",'Slot Times'!$I$6=""),"","Team: "&'Slot Times'!$I$6) | H70: =IF(Sequences!$B$14="","",IF(Sequences!$F$14="Team + liaisons","Liaisons travel with this block","")) | I70: =IF(Sequences!$B$14="","","PRAC-S"&'Slot Times'!$B$6&"-13")
A71: =IF(Sequences!$B$15="","",Sequences!$M$2) | B71: =IF(OR(Sequences!$B$15="",'Slot Times'!$H$6=""),"",'Slot Times'!$H$6+Sequences!$E$15/1440) | C71: =IF($B71="","",$B71+Sequences!$D$15/1440) | D71: =IF(Sequences!$B$15="","",Sequences!$K$15) | E71: =IF(Sequences!$B$15="","",Sequences!$L$15) | F71: =IF(Sequences!$B$15="","",Sequences!$B$15) | G71: =IF(OR(Sequences!$B$15="",'Slot Times'!$I$6=""),"","Team: "&'Slot Times'!$I$6) | H71: =IF(Sequences!$B$15="","",IF(Sequences!$F$15="Team + liaisons","Liaisons travel with this block","")) | I71: =IF(Sequences!$B$15="","","PRAC-S"&'Slot Times'!$B$6&"-14")
A72: =IF(Sequences!$B$2="","",Sequences!$M$2) | B72: =IF(OR(Sequences!$B$2="",'Slot Times'!$H$7=""),"",'Slot Times'!$H$7+Sequences!$E$2/1440) | C72: =IF($B72="","",$B72+Sequences!$D$2/1440) | D72: =IF(Sequences!$B$2="","",Sequences!$K$2) | E72: =IF(Sequences!$B$2="","",Sequences!$L$2) | F72: =IF(Sequences!$B$2="","",Sequences!$B$2) | G72: =IF(OR(Sequences!$B$2="",'Slot Times'!$I$7=""),"","Team: "&'Slot Times'!$I$7) | H72: =IF(Sequences!$B$2="","",IF(Sequences!$F$2="Team + liaisons","Liaisons travel with this block","")) | I72: =IF(Sequences!$B$2="","","PRAC-S"&'Slot Times'!$B$7&"-01")
A73: =IF(Sequences!$B$3="","",Sequences!$M$2) | B73: =IF(OR(Sequences!$B$3="",'Slot Times'!$H$7=""),"",'Slot Times'!$H$7+Sequences!$E$3/1440) | C73: =IF($B73="","",$B73+Sequences!$D$3/1440) | D73: =IF(Sequences!$B$3="","",Sequences!$K$3) | E73: =IF(Sequences!$B$3="","",Sequences!$L$3) | F73: =IF(Sequences!$B$3="","",Sequences!$B$3) | G73: =IF(OR(Sequences!$B$3="",'Slot Times'!$I$7=""),"","Team: "&'Slot Times'!$I$7) | H73: =IF(Sequences!$B$3="","",IF(Sequences!$F$3="Team + liaisons","Liaisons travel with this block","")) | I73: =IF(Sequences!$B$3="","","PRAC-S"&'Slot Times'!$B$7&"-02")
A74: =IF(Sequences!$B$4="","",Sequences!$M$2) | B74: =IF(OR(Sequences!$B$4="",'Slot Times'!$H$7=""),"",'Slot Times'!$H$7+Sequences!$E$4/1440) | C74: =IF($B74="","",$B74+Sequences!$D$4/1440) | D74: =IF(Sequences!$B$4="","",Sequences!$K$4) | E74: =IF(Sequences!$B$4="","",Sequences!$L$4) | F74: =IF(Sequences!$B$4="","",Sequences!$B$4) | G74: =IF(OR(Sequences!$B$4="",'Slot Times'!$I$7=""),"","Team: "&'Slot Times'!$I$7) | H74: =IF(Sequences!$B$4="","",IF(Sequences!$F$4="Team + liaisons","Liaisons travel with this block","")) | I74: =IF(Sequences!$B$4="","","PRAC-S"&'Slot Times'!$B$7&"-03")
A75: =IF(Sequences!$B$5="","",Sequences!$M$2) | B75: =IF(OR(Sequences!$B$5="",'Slot Times'!$H$7=""),"",'Slot Times'!$H$7+Sequences!$E$5/1440) | C75: =IF($B75="","",$B75+Sequences!$D$5/1440) | D75: =IF(Sequences!$B$5="","",Sequences!$K$5) | E75: =IF(Sequences!$B$5="","",Sequences!$L$5) | F75: =IF(Sequences!$B$5="","",Sequences!$B$5) | G75: =IF(OR(Sequences!$B$5="",'Slot Times'!$I$7=""),"","Team: "&'Slot Times'!$I$7) | H75: =IF(Sequences!$B$5="","",IF(Sequences!$F$5="Team + liaisons","Liaisons travel with this block","")) | I75: =IF(Sequences!$B$5="","","PRAC-S"&'Slot Times'!$B$7&"-04")
A76: =IF(Sequences!$B$6="","",Sequences!$M$2) | B76: =IF(OR(Sequences!$B$6="",'Slot Times'!$H$7=""),"",'Slot Times'!$H$7+Sequences!$E$6/1440) | C76: =IF($B76="","",$B76+Sequences!$D$6/1440) | D76: =IF(Sequences!$B$6="","",Sequences!$K$6) | E76: =IF(Sequences!$B$6="","",Sequences!$L$6) | F76: =IF(Sequences!$B$6="","",Sequences!$B$6) | G76: =IF(OR(Sequences!$B$6="",'Slot Times'!$I$7=""),"","Team: "&'Slot Times'!$I$7) | H76: =IF(Sequences!$B$6="","",IF(Sequences!$F$6="Team + liaisons","Liaisons travel with this block","")) | I76: =IF(Sequences!$B$6="","","PRAC-S"&'Slot Times'!$B$7&"-05")
A77: =IF(Sequences!$B$7="","",Sequences!$M$2) | B77: =IF(OR(Sequences!$B$7="",'Slot Times'!$H$7=""),"",'Slot Times'!$H$7+Sequences!$E$7/1440) | C77: =IF($B77="","",$B77+Sequences!$D$7/1440) | D77: =IF(Sequences!$B$7="","",Sequences!$K$7) | E77: =IF(Sequences!$B$7="","",Sequences!$L$7) | F77: =IF(Sequences!$B$7="","",Sequences!$B$7) | G77: =IF(OR(Sequences!$B$7="",'Slot Times'!$I$7=""),"","Team: "&'Slot Times'!$I$7) | H77: =IF(Sequences!$B$7="","",IF(Sequences!$F$7="Team + liaisons","Liaisons travel with this block","")) | I77: =IF(Sequences!$B$7="","","PRAC-S"&'Slot Times'!$B$7&"-06")
A78: =IF(Sequences!$B$8="","",Sequences!$M$2) | B78: =IF(OR(Sequences!$B$8="",'Slot Times'!$H$7=""),"",'Slot Times'!$H$7+Sequences!$E$8/1440) | C78: =IF($B78="","",$B78+Sequences!$D$8/1440) | D78: =IF(Sequences!$B$8="","",Sequences!$K$8) | E78: =IF(Sequences!$B$8="","",Sequences!$L$8) | F78: =IF(Sequences!$B$8="","",Sequences!$B$8) | G78: =IF(OR(Sequences!$B$8="",'Slot Times'!$I$7=""),"","Team: "&'Slot Times'!$I$7) | H78: =IF(Sequences!$B$8="","",IF(Sequences!$F$8="Team + liaisons","Liaisons travel with this block","")) | I78: =IF(Sequences!$B$8="","","PRAC-S"&'Slot Times'!$B$7&"-07")
A79: =IF(Sequences!$B$9="","",Sequences!$M$2) | B79: =IF(OR(Sequences!$B$9="",'Slot Times'!$H$7=""),"",'Slot Times'!$H$7+Sequences!$E$9/1440) | C79: =IF($B79="","",$B79+Sequences!$D$9/1440) | D79: =IF(Sequences!$B$9="","",Sequences!$K$9) | E79: =IF(Sequences!$B$9="","",Sequences!$L$9) | F79: =IF(Sequences!$B$9="","",Sequences!$B$9) | G79: =IF(OR(Sequences!$B$9="",'Slot Times'!$I$7=""),"","Team: "&'Slot Times'!$I$7) | H79: =IF(Sequences!$B$9="","",IF(Sequences!$F$9="Team + liaisons","Liaisons travel with this block","")) | I79: =IF(Sequences!$B$9="","","PRAC-S"&'Slot Times'!$B$7&"-08")
A80: =IF(Sequences!$B$10="","",Sequences!$M$2) | B80: =IF(OR(Sequences!$B$10="",'Slot Times'!$H$7=""),"",'Slot Times'!$H$7+Sequences!$E$10/1440) | C80: =IF($B80="","",$B80+Sequences!$D$10/1440) | D80: =IF(Sequences!$B$10="","",Sequences!$K$10) | E80: =IF(Sequences!$B$10="","",Sequences!$L$10) | F80: =IF(Sequences!$B$10="","",Sequences!$B$10) | G80: =IF(OR(Sequences!$B$10="",'Slot Times'!$I$7=""),"","Team: "&'Slot Times'!$I$7) | H80: =IF(Sequences!$B$10="","",IF(Sequences!$F$10="Team + liaisons","Liaisons travel with this block","")) | I80: =IF(Sequences!$B$10="","","PRAC-S"&'Slot Times'!$B$7&"-09")
A81: =IF(Sequences!$B$11="","",Sequences!$M$2) | B81: =IF(OR(Sequences!$B$11="",'Slot Times'!$H$7=""),"",'Slot Times'!$H$7+Sequences!$E$11/1440) | C81: =IF($B81="","",$B81+Sequences!$D$11/1440) | D81: =IF(Sequences!$B$11="","",Sequences!$K$11) | E81: =IF(Sequences!$B$11="","",Sequences!$L$11) | F81: =IF(Sequences!$B$11="","",Sequences!$B$11) | G81: =IF(OR(Sequences!$B$11="",'Slot Times'!$I$7=""),"","Team: "&'Slot Times'!$I$7) | H81: =IF(Sequences!$B$11="","",IF(Sequences!$F$11="Team + liaisons","Liaisons travel with this block","")) | I81: =IF(Sequences!$B$11="","","PRAC-S"&'Slot Times'!$B$7&"-10")
A82: =IF(Sequences!$B$12="","",Sequences!$M$2) | B82: =IF(OR(Sequences!$B$12="",'Slot Times'!$H$7=""),"",'Slot Times'!$H$7+Sequences!$E$12/1440) | C82: =IF($B82="","",$B82+Sequences!$D$12/1440) | D82: =IF(Sequences!$B$12="","",Sequences!$K$12) | E82: =IF(Sequences!$B$12="","",Sequences!$L$12) | F82: =IF(Sequences!$B$12="","",Sequences!$B$12) | G82: =IF(OR(Sequences!$B$12="",'Slot Times'!$I$7=""),"","Team: "&'Slot Times'!$I$7) | H82: =IF(Sequences!$B$12="","",IF(Sequences!$F$12="Team + liaisons","Liaisons travel with this block","")) | I82: =IF(Sequences!$B$12="","","PRAC-S"&'Slot Times'!$B$7&"-11")
A83: =IF(Sequences!$B$13="","",Sequences!$M$2) | B83: =IF(OR(Sequences!$B$13="",'Slot Times'!$H$7=""),"",'Slot Times'!$H$7+Sequences!$E$13/1440) | C83: =IF($B83="","",$B83+Sequences!$D$13/1440) | D83: =IF(Sequences!$B$13="","",Sequences!$K$13) | E83: =IF(Sequences!$B$13="","",Sequences!$L$13) | F83: =IF(Sequences!$B$13="","",Sequences!$B$13) | G83: =IF(OR(Sequences!$B$13="",'Slot Times'!$I$7=""),"","Team: "&'Slot Times'!$I$7) | H83: =IF(Sequences!$B$13="","",IF(Sequences!$F$13="Team + liaisons","Liaisons travel with this block","")) | I83: =IF(Sequences!$B$13="","","PRAC-S"&'Slot Times'!$B$7&"-12")
A84: =IF(Sequences!$B$14="","",Sequences!$M$2) | B84: =IF(OR(Sequences!$B$14="",'Slot Times'!$H$7=""),"",'Slot Times'!$H$7+Sequences!$E$14/1440) | C84: =IF($B84="","",$B84+Sequences!$D$14/1440) | D84: =IF(Sequences!$B$14="","",Sequences!$K$14) | E84: =IF(Sequences!$B$14="","",Sequences!$L$14) | F84: =IF(Sequences!$B$14="","",Sequences!$B$14) | G84: =IF(OR(Sequences!$B$14="",'Slot Times'!$I$7=""),"","Team: "&'Slot Times'!$I$7) | H84: =IF(Sequences!$B$14="","",IF(Sequences!$F$14="Team + liaisons","Liaisons travel with this block","")) | I84: =IF(Sequences!$B$14="","","PRAC-S"&'Slot Times'!$B$7&"-13")
A85: =IF(Sequences!$B$15="","",Sequences!$M$2) | B85: =IF(OR(Sequences!$B$15="",'Slot Times'!$H$7=""),"",'Slot Times'!$H$7+Sequences!$E$15/1440) | C85: =IF($B85="","",$B85+Sequences!$D$15/1440) | D85: =IF(Sequences!$B$15="","",Sequences!$K$15) | E85: =IF(Sequences!$B$15="","",Sequences!$L$15) | F85: =IF(Sequences!$B$15="","",Sequences!$B$15) | G85: =IF(OR(Sequences!$B$15="",'Slot Times'!$I$7=""),"","Team: "&'Slot Times'!$I$7) | H85: =IF(Sequences!$B$15="","",IF(Sequences!$F$15="Team + liaisons","Liaisons travel with this block","")) | I85: =IF(Sequences!$B$15="","","PRAC-S"&'Slot Times'!$B$7&"-14")
A86: =IF(Sequences!$B$2="","",Sequences!$M$2) | B86: =IF(OR(Sequences!$B$2="",'Slot Times'!$H$8=""),"",'Slot Times'!$H$8+Sequences!$E$2/1440) | C86: =IF($B86="","",$B86+Sequences!$D$2/1440) | D86: =IF(Sequences!$B$2="","",Sequences!$K$2) | E86: =IF(Sequences!$B$2="","",Sequences!$L$2) | F86: =IF(Sequences!$B$2="","",Sequences!$B$2) | G86: =IF(OR(Sequences!$B$2="",'Slot Times'!$I$8=""),"","Team: "&'Slot Times'!$I$8) | H86: =IF(Sequences!$B$2="","",IF(Sequences!$F$2="Team + liaisons","Liaisons travel with this block","")) | I86: =IF(Sequences!$B$2="","","PRAC-S"&'Slot Times'!$B$8&"-01")
A87: =IF(Sequences!$B$3="","",Sequences!$M$2) | B87: =IF(OR(Sequences!$B$3="",'Slot Times'!$H$8=""),"",'Slot Times'!$H$8+Sequences!$E$3/1440) | C87: =IF($B87="","",$B87+Sequences!$D$3/1440) | D87: =IF(Sequences!$B$3="","",Sequences!$K$3) | E87: =IF(Sequences!$B$3="","",Sequences!$L$3) | F87: =IF(Sequences!$B$3="","",Sequences!$B$3) | G87: =IF(OR(Sequences!$B$3="",'Slot Times'!$I$8=""),"","Team: "&'Slot Times'!$I$8) | H87: =IF(Sequences!$B$3="","",IF(Sequences!$F$3="Team + liaisons","Liaisons travel with this block","")) | I87: =IF(Sequences!$B$3="","","PRAC-S"&'Slot Times'!$B$8&"-02")
A88: =IF(Sequences!$B$4="","",Sequences!$M$2) | B88: =IF(OR(Sequences!$B$4="",'Slot Times'!$H$8=""),"",'Slot Times'!$H$8+Sequences!$E$4/1440) | C88: =IF($B88="","",$B88+Sequences!$D$4/1440) | D88: =IF(Sequences!$B$4="","",Sequences!$K$4) | E88: =IF(Sequences!$B$4="","",Sequences!$L$4) | F88: =IF(Sequences!$B$4="","",Sequences!$B$4) | G88: =IF(OR(Sequences!$B$4="",'Slot Times'!$I$8=""),"","Team: "&'Slot Times'!$I$8) | H88: =IF(Sequences!$B$4="","",IF(Sequences!$F$4="Team + liaisons","Liaisons travel with this block","")) | I88: =IF(Sequences!$B$4="","","PRAC-S"&'Slot Times'!$B$8&"-03")
A89: =IF(Sequences!$B$5="","",Sequences!$M$2) | B89: =IF(OR(Sequences!$B$5="",'Slot Times'!$H$8=""),"",'Slot Times'!$H$8+Sequences!$E$5/1440) | C89: =IF($B89="","",$B89+Sequences!$D$5/1440) | D89: =IF(Sequences!$B$5="","",Sequences!$K$5) | E89: =IF(Sequences!$B$5="","",Sequences!$L$5) | F89: =IF(Sequences!$B$5="","",Sequences!$B$5) | G89: =IF(OR(Sequences!$B$5="",'Slot Times'!$I$8=""),"","Team: "&'Slot Times'!$I$8) | H89: =IF(Sequences!$B$5="","",IF(Sequences!$F$5="Team + liaisons","Liaisons travel with this block","")) | I89: =IF(Sequences!$B$5="","","PRAC-S"&'Slot Times'!$B$8&"-04")
A90: =IF(Sequences!$B$6="","",Sequences!$M$2) | B90: =IF(OR(Sequences!$B$6="",'Slot Times'!$H$8=""),"",'Slot Times'!$H$8+Sequences!$E$6/1440) | C90: =IF($B90="","",$B90+Sequences!$D$6/1440) | D90: =IF(Sequences!$B$6="","",Sequences!$K$6) | E90: =IF(Sequences!$B$6="","",Sequences!$L$6) | F90: =IF(Sequences!$B$6="","",Sequences!$B$6) | G90: =IF(OR(Sequences!$B$6="",'Slot Times'!$I$8=""),"","Team: "&'Slot Times'!$I$8) | H90: =IF(Sequences!$B$6="","",IF(Sequences!$F$6="Team + liaisons","Liaisons travel with this block","")) | I90: =IF(Sequences!$B$6="","","PRAC-S"&'Slot Times'!$B$8&"-05")
A91: =IF(Sequences!$B$7="","",Sequences!$M$2) | B91: =IF(OR(Sequences!$B$7="",'Slot Times'!$H$8=""),"",'Slot Times'!$H$8+Sequences!$E$7/1440) | C91: =IF($B91="","",$B91+Sequences!$D$7/1440) | D91: =IF(Sequences!$B$7="","",Sequences!$K$7) | E91: =IF(Sequences!$B$7="","",Sequences!$L$7) | F91: =IF(Sequences!$B$7="","",Sequences!$B$7) | G91: =IF(OR(Sequences!$B$7="",'Slot Times'!$I$8=""),"","Team: "&'Slot Times'!$I$8) | H91: =IF(Sequences!$B$7="","",IF(Sequences!$F$7="Team + liaisons","Liaisons travel with this block","")) | I91: =IF(Sequences!$B$7="","","PRAC-S"&'Slot Times'!$B$8&"-06")
A92: =IF(Sequences!$B$8="","",Sequences!$M$2) | B92: =IF(OR(Sequences!$B$8="",'Slot Times'!$H$8=""),"",'Slot Times'!$H$8+Sequences!$E$8/1440) | C92: =IF($B92="","",$B92+Sequences!$D$8/1440) | D92: =IF(Sequences!$B$8="","",Sequences!$K$8) | E92: =IF(Sequences!$B$8="","",Sequences!$L$8) | F92: =IF(Sequences!$B$8="","",Sequences!$B$8) | G92: =IF(OR(Sequences!$B$8="",'Slot Times'!$I$8=""),"","Team: "&'Slot Times'!$I$8) | H92: =IF(Sequences!$B$8="","",IF(Sequences!$F$8="Team + liaisons","Liaisons travel with this block","")) | I92: =IF(Sequences!$B$8="","","PRAC-S"&'Slot Times'!$B$8&"-07")
A93: =IF(Sequences!$B$9="","",Sequences!$M$2) | B93: =IF(OR(Sequences!$B$9="",'Slot Times'!$H$8=""),"",'Slot Times'!$H$8+Sequences!$E$9/1440) | C93: =IF($B93="","",$B93+Sequences!$D$9/1440) | D93: =IF(Sequences!$B$9="","",Sequences!$K$9) | E93: =IF(Sequences!$B$9="","",Sequences!$L$9) | F93: =IF(Sequences!$B$9="","",Sequences!$B$9) | G93: =IF(OR(Sequences!$B$9="",'Slot Times'!$I$8=""),"","Team: "&'Slot Times'!$I$8) | H93: =IF(Sequences!$B$9="","",IF(Sequences!$F$9="Team + liaisons","Liaisons travel with this block","")) | I93: =IF(Sequences!$B$9="","","PRAC-S"&'Slot Times'!$B$8&"-08")
A94: =IF(Sequences!$B$10="","",Sequences!$M$2) | B94: =IF(OR(Sequences!$B$10="",'Slot Times'!$H$8=""),"",'Slot Times'!$H$8+Sequences!$E$10/1440) | C94: =IF($B94="","",$B94+Sequences!$D$10/1440) | D94: =IF(Sequences!$B$10="","",Sequences!$K$10) | E94: =IF(Sequences!$B$10="","",Sequences!$L$10) | F94: =IF(Sequences!$B$10="","",Sequences!$B$10) | G94: =IF(OR(Sequences!$B$10="",'Slot Times'!$I$8=""),"","Team: "&'Slot Times'!$I$8) | H94: =IF(Sequences!$B$10="","",IF(Sequences!$F$10="Team + liaisons","Liaisons travel with this block","")) | I94: =IF(Sequences!$B$10="","","PRAC-S"&'Slot Times'!$B$8&"-09")
A95: =IF(Sequences!$B$11="","",Sequences!$M$2) | B95: =IF(OR(Sequences!$B$11="",'Slot Times'!$H$8=""),"",'Slot Times'!$H$8+Sequences!$E$11/1440) | C95: =IF($B95="","",$B95+Sequences!$D$11/1440) | D95: =IF(Sequences!$B$11="","",Sequences!$K$11) | E95: =IF(Sequences!$B$11="","",Sequences!$L$11) | F95: =IF(Sequences!$B$11="","",Sequences!$B$11) | G95: =IF(OR(Sequences!$B$11="",'Slot Times'!$I$8=""),"","Team: "&'Slot Times'!$I$8) | H95: =IF(Sequences!$B$11="","",IF(Sequences!$F$11="Team + liaisons","Liaisons travel with this block","")) | I95: =IF(Sequences!$B$11="","","PRAC-S"&'Slot Times'!$B$8&"-10")
A96: =IF(Sequences!$B$12="","",Sequences!$M$2) | B96: =IF(OR(Sequences!$B$12="",'Slot Times'!$H$8=""),"",'Slot Times'!$H$8+Sequences!$E$12/1440) | C96: =IF($B96="","",$B96+Sequences!$D$12/1440) | D96: =IF(Sequences!$B$12="","",Sequences!$K$12) | E96: =IF(Sequences!$B$12="","",Sequences!$L$12) | F96: =IF(Sequences!$B$12="","",Sequences!$B$12) | G96: =IF(OR(Sequences!$B$12="",'Slot Times'!$I$8=""),"","Team: "&'Slot Times'!$I$8) | H96: =IF(Sequences!$B$12="","",IF(Sequences!$F$12="Team + liaisons","Liaisons travel with this block","")) | I96: =IF(Sequences!$B$12="","","PRAC-S"&'Slot Times'!$B$8&"-11")
A97: =IF(Sequences!$B$13="","",Sequences!$M$2) | B97: =IF(OR(Sequences!$B$13="",'Slot Times'!$H$8=""),"",'Slot Times'!$H$8+Sequences!$E$13/1440) | C97: =IF($B97="","",$B97+Sequences!$D$13/1440) | D97: =IF(Sequences!$B$13="","",Sequences!$K$13) | E97: =IF(Sequences!$B$13="","",Sequences!$L$13) | F97: =IF(Sequences!$B$13="","",Sequences!$B$13) | G97: =IF(OR(Sequences!$B$13="",'Slot Times'!$I$8=""),"","Team: "&'Slot Times'!$I$8) | H97: =IF(Sequences!$B$13="","",IF(Sequences!$F$13="Team + liaisons","Liaisons travel with this block","")) | I97: =IF(Sequences!$B$13="","","PRAC-S"&'Slot Times'!$B$8&"-12")
A98: =IF(Sequences!$B$14="","",Sequences!$M$2) | B98: =IF(OR(Sequences!$B$14="",'Slot Times'!$H$8=""),"",'Slot Times'!$H$8+Sequences!$E$14/1440) | C98: =IF($B98="","",$B98+Sequences!$D$14/1440) | D98: =IF(Sequences!$B$14="","",Sequences!$K$14) | E98: =IF(Sequences!$B$14="","",Sequences!$L$14) | F98: =IF(Sequences!$B$14="","",Sequences!$B$14) | G98: =IF(OR(Sequences!$B$14="",'Slot Times'!$I$8=""),"","Team: "&'Slot Times'!$I$8) | H98: =IF(Sequences!$B$14="","",IF(Sequences!$F$14="Team + liaisons","Liaisons travel with this block","")) | I98: =IF(Sequences!$B$14="","","PRAC-S"&'Slot Times'!$B$8&"-13")
A99: =IF(Sequences!$B$15="","",Sequences!$M$2) | B99: =IF(OR(Sequences!$B$15="",'Slot Times'!$H$8=""),"",'Slot Times'!$H$8+Sequences!$E$15/1440) | C99: =IF($B99="","",$B99+Sequences!$D$15/1440) | D99: =IF(Sequences!$B$15="","",Sequences!$K$15) | E99: =IF(Sequences!$B$15="","",Sequences!$L$15) | F99: =IF(Sequences!$B$15="","",Sequences!$B$15) | G99: =IF(OR(Sequences!$B$15="",'Slot Times'!$I$8=""),"","Team: "&'Slot Times'!$I$8) | H99: =IF(Sequences!$B$15="","",IF(Sequences!$F$15="Team + liaisons","Liaisons travel with this block","")) | I99: =IF(Sequences!$B$15="","","PRAC-S"&'Slot Times'!$B$8&"-14")
A100: =IF(Sequences!$B$2="","",Sequences!$M$2) | B100: =IF(OR(Sequences!$B$2="",'Slot Times'!$H$9=""),"",'Slot Times'!$H$9+Sequences!$E$2/1440) | C100: =IF($B100="","",$B100+Sequences!$D$2/1440) | D100: =IF(Sequences!$B$2="","",Sequences!$K$2) | E100: =IF(Sequences!$B$2="","",Sequences!$L$2) | F100: =IF(Sequences!$B$2="","",Sequences!$B$2) | G100: =IF(OR(Sequences!$B$2="",'Slot Times'!$I$9=""),"","Team: "&'Slot Times'!$I$9) | H100: =IF(Sequences!$B$2="","",IF(Sequences!$F$2="Team + liaisons","Liaisons travel with this block","")) | I100: =IF(Sequences!$B$2="","","PRAC-S"&'Slot Times'!$B$9&"-01")
...

Sheet Checks
A1: FIXED TIMES — nothing may push these
A2: Doors open | B2: 0.66666667
A3: Curtain — show starts | B3: 0.70833333
A4: First team on stage, min after curtain | B4: 25
A5: First team on stage | B5: =$B$3+$B$4/1440
A6: Warn when slack under (min) | B6: 20
A7: Warn when vehicle turnaround under (min) | B7: 15
A9: DOES THE DAY STILL FIT?
A10: Item | B10: Type | C10: Starts | D10: Ends | E10: Slack before (min) | F10: Status
A11: Saturday Practice | B11: Pipeline | C11: =MIN(Export!$B$2:$B$113) | D11: =MAX(Export!$C$2:$C$113) | F11: anchored to Curtain
A12: Saturday Photos | B12: Pipeline | C12: =MIN(Export!$B$114:$B$225) | D12: =MAX(Export!$C$114:$C$225) | F12: anchored to Curtain
A13: Doors Open | B13: ANCHOR | C13: =$B$2 | D13: — | E13: =IF(OR($C13="",$D12=""),"",($C13-$D12)*1440) | F13: =IF($E13="","",IF($E13<0,"OVERLAP",IF($E13<Checks!$B$5,"TIGHT","OK")))
A14: Curtain — show starts | B14: ANCHOR | C14: =$B$3 | D14: — | E14: =($C14-$C13)*1440 | F14: =IF($E14="","",IF($E14<0,"OVERLAP",IF($E14<Checks!$B$5,"TIGHT","OK")))
A15: Show Backstage | B15: Pipeline | C15: =MIN(Export!$B$226:$B$337) | D15: =MAX(Export!$C$226:$C$337) | F15: anchored to Curtain
A18: SHARED SPACES — can two teams end up in the same room?
A19: Room | B19: Sequence | C19: Step | D19: Length (min) | E19: Smallest real gap | F19: Buffer (min) | G19: Teams at once | H19: How many fit | I19: Status
A20: =Sequences!$G$5 | B20: Saturday Practice | C20: =Sequences!$B$5 | D20: =Sequences!$D$5 | E20: =MIN('Slot Times'!$G$3:$G$9) | F20: =$E20-$D20 | G20: =IF($E20=0,"",ROUNDUP($D20/$E20,0)) | H20: =Sequences!$H$5 | I20: =IF($G20="","",IF($G20>$H20,"OVERLOAD",IF($F20<5,"BACK TO BACK","OK")))
A21: =Sequences!$G$7 | B21: Saturday Practice | C21: =Sequences!$B$7 | D21: =Sequences!$D$7 | E21: =MIN('Slot Times'!$G$3:$G$9) | F21: =$E21-$D21 | G21: =IF($E21=0,"",ROUNDUP($D21/$E21,0)) | H21: =Sequences!$H$7 | I21: =IF($G21="","",IF($G21>$H21,"OVERLOAD",IF($F21<5,"BACK TO BACK","OK")))
A22: =Sequences!$G$10 | B22: Saturday Practice | C22: =Sequences!$B$10 | D22: =Sequences!$D$10 | E22: =MIN('Slot Times'!$G$3:$G$9) | F22: =$E22-$D22 | G22: =IF($E22=0,"",ROUNDUP($D22/$E22,0)) | H22: =Sequences!$H$10 | I22: =IF($G22="","",IF($G22>$H22,"OVERLOAD",IF($F22<5,"BACK TO BACK","OK")))
A23: =Sequences!$G$16 | B23: Saturday Photos | C23: =Sequences!$B$16 | D23: =Sequences!$D$16 | E23: =MIN('Slot Times'!$G$11:$G$17) | F23: =$E23-$D23 | G23: =IF($E23=0,"",ROUNDUP($D23/$E23,0)) | H23: =Sequences!$H$16 | I23: =IF($G23="","",IF($G23>$H23,"OVERLOAD",IF($F23<5,"BACK TO BACK","OK")))
A24: =Sequences!$G$17 | B24: Saturday Photos | C24: =Sequences!$B$17 | D24: =Sequences!$D$17 | E24: =MIN('Slot Times'!$G$11:$G$17) | F24: =$E24-$D24 | G24: =IF($E24=0,"",ROUNDUP($D24/$E24,0)) | H24: =Sequences!$H$17 | I24: =IF($G24="","",IF($G24>$H24,"OVERLOAD",IF($F24<5,"BACK TO BACK","OK")))
A25: =Sequences!$G$32 | B25: Show Backstage | C25: =Sequences!$B$32 | D25: =Sequences!$D$32 | E25: =MIN('Slot Times'!$G$19:$G$25) | F25: =$E25-$D25 | G25: =IF($E25=0,"",ROUNDUP($D25/$E25,0)) | H25: =Sequences!$H$32 | I25: =IF($G25="","",IF($G25>$H25,"OVERLOAD",IF($F25<5,"BACK TO BACK","OK")))
A26: =Sequences!$G$33 | B26: Show Backstage | C26: =Sequences!$B$33 | D26: =Sequences!$D$33 | E26: =MIN('Slot Times'!$G$19:$G$25) | F26: =$E26-$D26 | G26: =IF($E26=0,"",ROUNDUP($D26/$E26,0)) | H26: =Sequences!$H$33 | I26: =IF($G26="","",IF($G26>$H26,"OVERLOAD",IF($F26<5,"BACK TO BACK","OK")))
A27: =Sequences!$G$34 | B27: Show Backstage | C27: =Sequences!$B$34 | D27: =Sequences!$D$34 | E27: =MIN('Slot Times'!$G$19:$G$25) | F27: =$E27-$D27 | G27: =IF($E27=0,"",ROUNDUP($D27/$E27,0)) | H27: =Sequences!$H$34 | I27: =IF($G27="","",IF($G27>$H27,"OVERLOAD",IF($F27<5,"BACK TO BACK","OK")))
A28: =Sequences!$G$35 | B28: Show Backstage | C28: =Sequences!$B$35 | D28: =Sequences!$D$35 | E28: =MIN('Slot Times'!$G$19:$G$25) | F28: =$E28-$D28 | G28: =IF($E28=0,"",ROUNDUP($D28/$E28,0)) | H28: =Sequences!$H$35 | I28: =IF($G28="","",IF($G28>$H28,"OVERLOAD",IF($F28<5,"BACK TO BACK","OK")))
A29: =Sequences!$G$36 | B29: Show Backstage | C29: =Sequences!$B$36 | D29: =Sequences!$D$36 | E29: =MIN('Slot Times'!$G$19:$G$25) | F29: =$E29-$D29 | G29: =IF($E29=0,"",ROUNDUP($D29/$E29,0)) | H29: =Sequences!$H$36 | I29: =IF($G29="","",IF($G29>$H29,"OVERLOAD",IF($F29<5,"BACK TO BACK","OK")))
A32: THE DANCER'S DAY — is this humane?
A33: Slot | B33: Team | C33: First call | D33: Practice ends | E33: Collected for show | F33: Released | G33: Day length (h) | H33: Waiting (h) | I33: Breaks | J33: Status
A34: 1 | B34: ='Slot Times'!$I$2 | C34: =IF('Slot Times'!$H$2="","",'Slot Times'!$H$2+MIN(Sequences!$E$2:$E$15)/1440) | D34: =IF('Slot Times'!$H$2="","",'Slot Times'!$H$2+MAX(Sequences!$J$2:$J$15)/1440) | E34: =IF('Slot Times'!$H$18="","",'Slot Times'!$H$18+MIN(Sequences!$E$30:$E$43)/1440) | F34: =IF('Slot Times'!$H$18="","",'Slot Times'!$H$18+MAX(Sequences!$J$30:$J$43)/1440) | G34: =IF(OR($C34="",$F34=""),"",($F34-$C34)*24) | H34: =IF(OR($D34="",$E34=""),"",($E34-$D34)*24) | I34: =COUNTIF(Sequences!$I$2:$I$15,"Y")+COUNTIF(Sequences!$I$30:$I$43,"Y") | J34: =IF($G34="","",IF($I34=0,"NO BREAKS",IF($G34>13,"LONG DAY",IF($H34>6,"LONG WAIT","OK"))))
A35: 2 | B35: ='Slot Times'!$I$3 | C35: =IF('Slot Times'!$H$3="","",'Slot Times'!$H$3+MIN(Sequences!$E$2:$E$15)/1440) | D35: =IF('Slot Times'!$H$3="","",'Slot Times'!$H$3+MAX(Sequences!$J$2:$J$15)/1440) | E35: =IF('Slot Times'!$H$19="","",'Slot Times'!$H$19+MIN(Sequences!$E$30:$E$43)/1440) | F35: =IF('Slot Times'!$H$19="","",'Slot Times'!$H$19+MAX(Sequences!$J$30:$J$43)/1440) | G35: =IF(OR($C35="",$F35=""),"",($F35-$C35)*24) | H35: =IF(OR($D35="",$E35=""),"",($E35-$D35)*24) | I35: =COUNTIF(Sequences!$I$2:$I$15,"Y")+COUNTIF(Sequences!$I$30:$I$43,"Y") | J35: =IF($G35="","",IF($I35=0,"NO BREAKS",IF($G35>13,"LONG DAY",IF($H35>6,"LONG WAIT","OK"))))
A36: 3 | B36: ='Slot Times'!$I$4 | C36: =IF('Slot Times'!$H$4="","",'Slot Times'!$H$4+MIN(Sequences!$E$2:$E$15)/1440) | D36: =IF('Slot Times'!$H$4="","",'Slot Times'!$H$4+MAX(Sequences!$J$2:$J$15)/1440) | E36: =IF('Slot Times'!$H$20="","",'Slot Times'!$H$20+MIN(Sequences!$E$30:$E$43)/1440) | F36: =IF('Slot Times'!$H$20="","",'Slot Times'!$H$20+MAX(Sequences!$J$30:$J$43)/1440) | G36: =IF(OR($C36="",$F36=""),"",($F36-$C36)*24) | H36: =IF(OR($D36="",$E36=""),"",($E36-$D36)*24) | I36: =COUNTIF(Sequences!$I$2:$I$15,"Y")+COUNTIF(Sequences!$I$30:$I$43,"Y") | J36: =IF($G36="","",IF($I36=0,"NO BREAKS",IF($G36>13,"LONG DAY",IF($H36>6,"LONG WAIT","OK"))))
A37: 4 | B37: ='Slot Times'!$I$5 | C37: =IF('Slot Times'!$H$5="","",'Slot Times'!$H$5+MIN(Sequences!$E$2:$E$15)/1440) | D37: =IF('Slot Times'!$H$5="","",'Slot Times'!$H$5+MAX(Sequences!$J$2:$J$15)/1440) | E37: =IF('Slot Times'!$H$21="","",'Slot Times'!$H$21+MIN(Sequences!$E$30:$E$43)/1440) | F37: =IF('Slot Times'!$H$21="","",'Slot Times'!$H$21+MAX(Sequences!$J$30:$J$43)/1440) | G37: =IF(OR($C37="",$F37=""),"",($F37-$C37)*24) | H37: =IF(OR($D37="",$E37=""),"",($E37-$D37)*24) | I37: =COUNTIF(Sequences!$I$2:$I$15,"Y")+COUNTIF(Sequences!$I$30:$I$43,"Y") | J37: =IF($G37="","",IF($I37=0,"NO BREAKS",IF($G37>13,"LONG DAY",IF($H37>6,"LONG WAIT","OK"))))
A38: 5 | B38: ='Slot Times'!$I$6 | C38: =IF('Slot Times'!$H$6="","",'Slot Times'!$H$6+MIN(Sequences!$E$2:$E$15)/1440) | D38: =IF('Slot Times'!$H$6="","",'Slot Times'!$H$6+MAX(Sequences!$J$2:$J$15)/1440) | E38: =IF('Slot Times'!$H$22="","",'Slot Times'!$H$22+MIN(Sequences!$E$30:$E$43)/1440) | F38: =IF('Slot Times'!$H$22="","",'Slot Times'!$H$22+MAX(Sequences!$J$30:$J$43)/1440) | G38: =IF(OR($C38="",$F38=""),"",($F38-$C38)*24) | H38: =IF(OR($D38="",$E38=""),"",($E38-$D38)*24) | I38: =COUNTIF(Sequences!$I$2:$I$15,"Y")+COUNTIF(Sequences!$I$30:$I$43,"Y") | J38: =IF($G38="","",IF($I38=0,"NO BREAKS",IF($G38>13,"LONG DAY",IF($H38>6,"LONG WAIT","OK"))))
A39: 6 | B39: ='Slot Times'!$I$7 | C39: =IF('Slot Times'!$H$7="","",'Slot Times'!$H$7+MIN(Sequences!$E$2:$E$15)/1440) | D39: =IF('Slot Times'!$H$7="","",'Slot Times'!$H$7+MAX(Sequences!$J$2:$J$15)/1440) | E39: =IF('Slot Times'!$H$23="","",'Slot Times'!$H$23+MIN(Sequences!$E$30:$E$43)/1440) | F39: =IF('Slot Times'!$H$23="","",'Slot Times'!$H$23+MAX(Sequences!$J$30:$J$43)/1440) | G39: =IF(OR($C39="",$F39=""),"",($F39-$C39)*24) | H39: =IF(OR($D39="",$E39=""),"",($E39-$D39)*24) | I39: =COUNTIF(Sequences!$I$2:$I$15,"Y")+COUNTIF(Sequences!$I$30:$I$43,"Y") | J39: =IF($G39="","",IF($I39=0,"NO BREAKS",IF($G39>13,"LONG DAY",IF($H39>6,"LONG WAIT","OK"))))
A40: 7 | B40: ='Slot Times'!$I$8 | C40: =IF('Slot Times'!$H$8="","",'Slot Times'!$H$8+MIN(Sequences!$E$2:$E$15)/1440) | D40: =IF('Slot Times'!$H$8="","",'Slot Times'!$H$8+MAX(Sequences!$J$2:$J$15)/1440) | E40: =IF('Slot Times'!$H$24="","",'Slot Times'!$H$24+MIN(Sequences!$E$30:$E$43)/1440) | F40: =IF('Slot Times'!$H$24="","",'Slot Times'!$H$24+MAX(Sequences!$J$30:$J$43)/1440) | G40: =IF(OR($C40="",$F40=""),"",($F40-$C40)*24) | H40: =IF(OR($D40="",$E40=""),"",($E40-$D40)*24) | I40: =COUNTIF(Sequences!$I$2:$I$15,"Y")+COUNTIF(Sequences!$I$30:$I$43,"Y") | J40: =IF($G40="","",IF($I40=0,"NO BREAKS",IF($G40>13,"LONG DAY",IF($H40>6,"LONG WAIT","OK"))))
A41: 8 | B41: ='Slot Times'!$I$9 | C41: =IF('Slot Times'!$H$9="","",'Slot Times'!$H$9+MIN(Sequences!$E$2:$E$15)/1440) | D41: =IF('Slot Times'!$H$9="","",'Slot Times'!$H$9+MAX(Sequences!$J$2:$J$15)/1440) | E41: =IF('Slot Times'!$H$25="","",'Slot Times'!$H$25+MIN(Sequences!$E$30:$E$43)/1440) | F41: =IF('Slot Times'!$H$25="","",'Slot Times'!$H$25+MAX(Sequences!$J$30:$J$43)/1440) | G41: =IF(OR($C41="",$F41=""),"",($F41-$C41)*24) | H41: =IF(OR($D41="",$E41=""),"",($E41-$D41)*24) | I41: =COUNTIF(Sequences!$I$2:$I$15,"Y")+COUNTIF(Sequences!$I$30:$I$43,"Y") | J41: =IF($G41="","",IF($I41=0,"NO BREAKS",IF($G41>13,"LONG DAY",IF($H41>6,"LONG WAIT","OK"))))
A43: Day length is first call to released. Over 13 hours and you are asking a lot of an 18-year-old.
A44: Waiting is the unstructured gap between practice finishing and being collected for the show. Some is good — six hours in costume is not.
A45: Breaks counts the steps marked Break? on the Sequences tab. Zero is never acceptable.
A46: These are not warnings about the file. They are warnings about the weekend.

Sheet Airport
A1: Direction | B1: Date | C1: Applies To | D1: # People | E1: Flight # | F1: Flight Time | G1: Pickup / Leave Time | H1: Arrive | I1: Driver(s) | J1: Vehicle(s) | K1: Driver Phone
A2: Arrival | B2: 46241 | C2: Team: UMD Entouraas | D2: 13 | E2: AA4352 | F2: 0.36180556 | G2: 0.38194444 | H2: 0.42361111 | I2: Example Liaison | J2: Minibus | K2: 555-0101
A3: Arrival | B3: 46241 | C3: Person: Example Dancer | D3: 1 | E3: UA2646 | F3: 0.39513889 | G3: 0.40972222 | H3: 0.45138889 | I3: Example Director | J3: Personal car | K3: 555-0100
A82: Applies To uses the app's assignment grammar: "Team: <name>", "Person: <name>", or "Role: <name>". Flights group people across teams, which is why this stays its own tab — one row per travel party, not per team.
